{"scenes": [{"objects": [{"prefab_path": "MensCollection/Prefabs/Rearranged/shirt_hung_up06", "unique_id": 0, "index": 0, "bbox": [1277, 50, 324, 151], "position": [4.347397327423096, 1.2619102001190186, -7.4467692375183105]}, {"prefab_path": "WomensCollection/Prefabs/Rearranged/dress_4_11", "unique_id": 1, "index": 1, "bbox": [1, 1, 915, 488], "position": [3.3476035594940186, 1.7383952140808105, -5.196340560913086]}, {"prefab_path": "WomensCollection/Prefabs/Rearranged/hanging_dress_1_12", "unique_id": 2, "index": 2, "bbox": [393, 50, 865, 281], "position": [3.403735876083374, 1.7863454818725586, -5.320819854736328]}, {"prefab_path": "1514019/Rearranged/Jeans_Blue_V4", "unique_id": 3, "index": 3, "bbox": [1237, 386, 296, 104], "position": [5.1037092208862305, 0.8563895225524902, -7.354883193969727]}, {"prefab_path": "clothing_store/models/prefab/trousers_2", "unique_id": 4, "index": 4, "bbox": [1387, 396, 453, 236], "position": [4.267000198364258, 0.8420000076293945, -7.349999904632568]}, {"prefab_path": "clothing_store/models/prefab/trousers_4", "unique_id": 5, "index": 5, "bbox": [1694, 423, 492, 190], "position": [3.496999979019165, 0.8420000076293945, -7.349999904632568]}], "relationships": {"down": {"0": [4]}, "right": {"1": [5], "2": [5]}, "up": {"4": [0]}, "left": {"5": [2, 1]}}}]}