{"scenes": [{"objects": [{"prefab_path": "1498649_store/Prefabs/_itog038", "unique_id": 0, "index": 0, "bbox": [352, 260, 164, 41], "position": [3.631146192550659, 2.3943631649017334, 2.3130149841308594]}, {"prefab_path": "MensCollection/Prefabs/Rearranged/shirt_hung_up10", "unique_id": 1, "index": 1, "bbox": [388, 276, 151, 37], "position": [4.311895847320557, 2.4008827209472656, 2.3084213733673096]}, {"prefab_path": "1208725/Jacket_red", "unique_id": 2, "index": 2, "bbox": [1038, 314, 112, 46], "position": [2.481750011444092, 3.4525322914123535, -1.389582872390747]}, {"prefab_path": "WomensCollection/Prefabs/Rearranged/blouse_2_1", "unique_id": 3, "index": 3, "bbox": [1081, 311, 110, 34], "position": [3.7469289302825928, 2.368621349334717, -2.2128703594207764]}, {"prefab_path": "MensCollection/Prefabs/Rearranged/jacket_2_06", "unique_id": 4, "index": 4, "bbox": [1324, 336, 220, 84], "position": [5.317246437072754, -2.101559638977051, -3.9585683345794678]}, {"prefab_path": "MensCollection/Prefabs/Rearranged/jacket_4_09", "unique_id": 5, "index": 5, "bbox": [1411, 320, 258, 98], "position": [0.6281115412712097, 1.8144785165786743, -2.2016079425811768]}, {"prefab_path": "1498649_store/Prefabs/_itog026", "unique_id": 6, "index": 6, "bbox": [1, 242, 477, 136], "position": [0.58119797706604, 1.7424452304840088, 2.243464469909668]}, {"prefab_path": "1498649_store/Prefabs/_itog041", "unique_id": 7, "index": 7, "bbox": [1, 320, 349, 120], "position": [0.42430630326271057, 1.8418114185333252, 2.241234540939331]}, {"prefab_path": "clothing_store/models/prefab/T_shirt_8", "unique_id": 8, "index": 8, "bbox": [353, 412, 172, 46], "position": [3.5929112434387207, 1.1205511093139648, 2.313321352005005]}, {"prefab_path": "WomensCollection/Prefabs/Rearranged/blouse_2_29", "unique_id": 9, "index": 9, "bbox": [398, 426, 128, 33], "position": [4.292070388793945, 1.538620948791504, 2.3050241470336914]}, {"prefab_path": "WomensCollection/Prefabs/Rearranged/dress_6_04", "unique_id": 10, "index": 10, "bbox": [1019, 436, 119, 23], "position": [4.977579593658447, 1.3339463472366333, -2.246000289916992]}, {"prefab_path": "1208725/Jacket_gray", "unique_id": 11, "index": 11, "bbox": [1455, 398, 186, 74], "position": [-0.15862655639648438, 0.011831521987915039, -1.614241600036621]}, {"prefab_path": "MensCollection/Prefabs/Rearranged/polo shirt 30", "unique_id": 12, "index": 12, "bbox": [1485, 344, 216, 94], "position": [0.3209998607635498, 1.905760407447815, -2.2230000495910645]}, {"prefab_path": "MensCollection/Prefabs/Rearranged/long_coat_12", "unique_id": 13, "index": 13, "bbox": [1529, 339, 282, 74], "position": [-0.27478283643722534, 0.43139100074768066, -1.4014019966125488]}, {"prefab_path": "1498649_store/Prefabs/_itog034", "unique_id": 14, "index": 14, "bbox": [1520, 307, 324, 80], "position": [0.2511979341506958, 1.7011654376983643, -2.2225353717803955]}, {"prefab_path": "WomensCollection/Prefabs/Rearranged/blouse_2_1", "unique_id": 3, "index": 15, "bbox": [1694, 330, 267, 129], "position": [-0.2907027006149292, 1.8430697917938232, -2.2158403396606445]}, {"prefab_path": "1498649_store/Prefabs/_itog026", "unique_id": 6, "index": 16, "bbox": [1762, 242, 430, 122], "position": [-0.4378020167350769, 1.7424452304840088, -2.2175354957580566]}, {"prefab_path": "1498649_store/Prefabs/_itog054", "unique_id": 15, "index": 17, "bbox": [1, 330, 358, 78], "position": [0.2793063223361969, 1.8418116569519043, 2.244234323501587]}, {"prefab_path": "WomensCollection/Prefabs/Rearranged/dress_6_05", "unique_id": 16, "index": 18, "bbox": [796, 529, 31, 30], "position": [2.504000186920166, 0.8899459838867188, 0.10057971626520157]}, {"prefab_path": "WomensCollection/Prefabs/Rearranged/hanging_dress_1_12", "unique_id": 17, "index": 19, "bbox": [1051, 437, 127, 27], "position": [4.347718238830566, 1.4919672012329102, -2.330535888671875]}, {"prefab_path": "WomensCollection/Prefabs/Rearranged/dress_4_16", "unique_id": 18, "index": 20, "bbox": [1084, 434, 150, 32], "position": [3.738389492034912, 1.3620569705963135, -2.246058464050293]}, {"prefab_path": "MensCollection/Prefabs/Rearranged/shirt_1", "unique_id": 19, "index": 21, "bbox": [413, 632, 14, 68], "position": [3.4453139305114746, 0.7826411724090576, 1.9839997291564941]}, {"prefab_path": "MensCollection/Prefabs/Rearranged/folded polo shirt00", "unique_id": 20, "index": 22, "bbox": [450, 599, 18, 62], "position": [4.335522651672363, 0.8029537796974182, 1.8580684661865234]}, {"prefab_path": "MensCollection/Prefabs/Rearranged/shirt_5", "unique_id": 21, "index": 23, "bbox": [442, 613, 10, 60], "position": [4.0377516746521, 0.7821628451347351, 1.96892511844635]}, {"prefab_path": "MensCollection/Prefabs/Rearranged/sweater_folded21", "unique_id": 22, "index": 24, "bbox": [424, 620, 17, 67], "position": [3.7408299446105957, 0.8041285276412964, 1.976757287979126]}, {"prefab_path": "MensCollection/Prefabs/Rearranged/shirt_8", "unique_id": 23, "index": 25, "bbox": [518, 617, 14, 60], "position": [3.749751329421997, 0.7826411724090576, 1.497925043106079]}, {"prefab_path": "WomensCollection/Prefabs/Rearranged/sweater_folded06", "unique_id": 24, "index": 26, "bbox": [501, 633, 23, 73], "position": [3.1437363624572754, 0.8045907020568848, 1.4814918041229248]}, {"prefab_path": "WomensCollection/Prefabs/Rearranged/sweater_folded12", "unique_id": 25, "index": 27, "bbox": [514, 622, 21, 66], "position": [3.4395663738250732, 0.8045907020568848, 1.4698898792266846]}, {"prefab_path": "WomensCollection/Prefabs/Rearranged/sweater_folded04", "unique_id": 26, "index": 28, "bbox": [531, 594, 17, 56], "position": [4.336999893188477, 0.8045907020568848, 1.4939998388290405]}, {"prefab_path": "MensCollection/Prefabs/Rearranged/sweater_folded74", "unique_id": 27, "index": 29, "bbox": [525, 605, 13, 56], "position": [4.037914752960205, 0.8041285276412964, 1.4939486980438232]}, {"prefab_path": "WomensCollection/Prefabs/Rearranged/dress_6_04", "unique_id": 10, "index": 30, "bbox": [718, 546, 193, 19], "position": [2.873579502105713, 0.7659463882446289, 0.5059998035430908]}, {"prefab_path": "WomensCollection/Prefabs/Rearranged/dress2_29", "unique_id": 28, "index": 31, "bbox": [744, 528, 206, 21], "position": [2.8580000400543213, 0.797295868396759, 0.35800448060035706]}, {"prefab_path": "WomensCollection/Prefabs/Rearranged/dress_4_24", "unique_id": 29, "index": 32, "bbox": [770, 521, 188, 14], "position": [2.850457191467285, 0.8770169019699097, 0.2075166404247284]}, {"prefab_path": "WomensCollection/Prefabs/Rearranged/dress2_30", "unique_id": 30, "index": 33, "bbox": [794, 520, 193, 72], "position": [3.0829999446868896, 0.8029999732971191, -0.12600001692771912]}, {"prefab_path": "WomensCollection/Prefabs/Rearranged/dress2_30", "unique_id": 30, "index": 34, "bbox": [768, 525, 232, 87], "position": [2.377000093460083, 0.8519999980926514, 0.10300000756978989]}, {"prefab_path": "WomensCollection/Prefabs/Rearranged/dress2_16", "unique_id": 31, "index": 35, "bbox": [856, 500, 208, 18], "position": [2.6459999084472656, 0.9482958316802979, -0.2228279709815979]}, {"prefab_path": "WomensCollection/Prefabs/Rearranged/hanging_dress_1_12", "unique_id": 17, "index": 36, "bbox": [888, 524, 185, 19], "position": [2.7051315307617188, 1.031967282295227, -0.34700363874435425]}, {"prefab_path": "MensCollection/Prefabs/Rearranged/folded polo shirt34", "unique_id": 32, "index": 37, "bbox": [391, 643, 23, 83], "position": [3.1463613510131836, 0.8034321069717407, 2.0826375484466553]}, {"prefab_path": "MensCollection/Prefabs/Rearranged/folded polo shirt34", "unique_id": 32, "index": 38, "bbox": [375, 656, 30, 91], "position": [2.8517839908599854, 0.8034321069717407, 2.0709214210510254]}, {"prefab_path": "MensCollection/Prefabs/Rearranged/shirt_10", "unique_id": 33, "index": 39, "bbox": [497, 653, 20, 72], "position": [2.8451755046844482, 0.7826411724090576, 1.4668148756027222]}, {"prefab_path": "WomensCollection/Prefabs/Rearranged/hanging_dress_1_26", "unique_id": 34, "index": 40, "bbox": [784, 553, 204, 69], "position": [2.3025357723236084, 0.9589673280715942, 0.10171851515769958]}, {"prefab_path": "WomensCollection/Prefabs/Rearranged/leather_jacket_1_04", "unique_id": 35, "index": 41, "bbox": [910, 716, 42, 27], "position": [0.16965815424919128, 0.8157874345779419, 0.18682746589183807]}, {"prefab_path": "1498649_store/Prefabs/_itog017", "unique_id": 36, "index": 42, "bbox": [945, 676, 101, 61], "position": [0.25762513279914856, 0.7968116998672485, 0.0013716556131839752]}, {"prefab_path": "clothing_store/models/prefab/trousers_3", "unique_id": 37, "index": 43, "bbox": [1305, 584, 241, 92], "position": [1.128000020980835, 0.2301410436630249, -2.175999879837036]}, {"prefab_path": "1514019/Rearranged/Jeans_Blue_V2", "unique_id": 38, "index": 44, "bbox": [1471, 623, 286, 112], "position": [0.3687089681625366, 1.0603033304214478, -2.2378835678100586]}, {"prefab_path": "clothing_store/models/prefab/trousers_2", "unique_id": 39, "index": 45, "bbox": [196, 664, 304, 51], "position": [1.128000020980835, 0.2301410436630249, 2.24706768989563]}, {"prefab_path": "1498649_store/Prefabs/_itog049", "unique_id": 40, "index": 46, "bbox": [897, 682, 286, 109], "position": [0.23246800899505615, 0.7968116998672485, 0.0942782461643219]}, {"prefab_path": "MensCollection/Prefabs/Rearranged/jacket_3_02", "unique_id": 41, "index": 47, "bbox": [1006, 658, 340, 28], "position": [-3.203019142150879, -3.833418607711792, 4.474730014801025]}, {"prefab_path": "clothing_store/models/prefab/trousers_3", "unique_id": 37, "index": 48, "bbox": [1634, 665, 338, 228], "position": [-0.34700000286102295, 0.23014092445373535, -2.2209999561309814]}, {"prefab_path": "clothing_store/models/prefab/trousers_5", "unique_id": 42, "index": 49, "bbox": [1, 747, 256, 115], "position": [0.3689999580383301, 0.23014092445373535, 2.189257860183716]}, {"prefab_path": "WomensCollection/Prefabs/Rearranged/blouse_01_55", "unique_id": 43, "index": 50, "bbox": [804, 764, 239, 202], "position": [0.0048214346170425415, 0.7551687955856323, 0.25268882513046265]}, {"prefab_path": "WomensCollection/Prefabs/Rearranged/blouse_2_07 1", "unique_id": 44, "index": 51, "bbox": [913, 756, 247, 97], "position": [-0.15624262392520905, 0.7980700731277466, 0.19261392951011658]}, {"prefab_path": "1498649_store/Prefabs/_itog045", "unique_id": 45, "index": 52, "bbox": [1017, 736, 267, 110], "position": [-0.24090491235256195, 0.7968116998672485, -0.02587045729160309]}, {"prefab_path": "870230/hoodie04", "unique_id": 46, "index": 53, "bbox": [997, 705, 298, 193], "position": [0.010423734784126282, 1.0200375318527222, -0.23894748091697693]}, {"prefab_path": "MensCollection/Prefabs/Rearranged/jacket_1", "unique_id": 47, "index": 54, "bbox": [1003, 702, 301, 210], "position": [-0.9349029660224915, -2.089653491973877, 0.8555023670196533]}, {"prefab_path": "1514019/Rearranged/Sneakers_3", "unique_id": 48, "index": 55, "bbox": [1434, 899, 82, 129], "position": [0.3905121982097626, 0.9197295904159546, -2.2411391735076904]}], "relationships": {"right": {"0": [2, 36, 35], "1": [3, 2, 20], "6": [16, 15, 53], "7": [16, 15, 53], "8": [36, 35, 32], "9": [33, 36, 20], "11": [48], "13": [48], "17": [16, 15, 53], "18": [43, 55, 44], "21": [31, 30, 32], "22": [28, 29, 33], "23": [25, 29, 33], "24": [33, 27, 25], "25": [33, 32, 36], "26": [30, 31, 32], "27": [33, 32, 31], "28": [33, 20, 36], "29": [33, 36, 32], "30": [31, 32, 35], "31": [32, 35, 36], "32": [35, 36, 43], "33": [43, 55, 44], "34": [43, 55, 44], "35": [43, 55, 44], "36": [43, 5, 55], "37": [18, 39, 34], "38": [34, 40, 39], "39": [34, 18, 40], "40": [43, 55, 44], "41": [53, 13, 48], "42": [13, 48, 11], "45": [48, 11, 13], "46": [42, 53, 13], "49": [13, 52, 51], "50": [52, 53, 13], "51": [52, 13, 48], "52": [13, 48, 11], "53": [13, 16, 48]}, "down": {"0": [8, 21, 37], "1": [9, 23, 22], "2": [36, 35, 43], "3": [20, 4], "5": [55, 44, 43], "6": [49, 45, 54], "7": [49, 45, 54], "9": [23, 22], "10": [4], "12": [14, 44, 55], "13": [11], "14": [44, 55, 48], "15": [48, 11, 13], "16": [48, 11, 13], "17": [49, 45, 54], "19": [4], "41": [54], "42": [54], "44": [55, 48, 11], "46": [54], "49": [54], "50": [54], "51": [54], "52": [54], "53": [54]}, "left": {"2": [0, 1, 9], "3": [1, 9, 0], "5": [40, 38, 34], "10": [28, 22, 9], "11": [45, 49, 42], "12": [6, 53, 7], "13": [45, 46, 42], "14": [6, 53, 42], "15": [6, 7, 17], "16": [6, 7, 17], "18": [37, 39, 26], "19": [28, 22, 9], "20": [28, 22, 9], "25": [23, 24, 8], "26": [21, 37, 8], "27": [24, 21, 8], "28": [22], "29": [23, 22], "30": [26, 21, 37], "31": [30, 21, 26], "32": [31, 21, 30], "33": [24, 25, 27], "34": [39, 37, 38], "35": [32, 31, 26], "36": [8, 32, 31], "39": [37, 38, 21], "40": [38, 39, 37], "41": [45, 49, 6], "42": [46, 45, 49], "43": [38, 39, 34], "44": [42, 46, 53], "46": [45, 49, 6], "48": [45, 11, 13], "50": [49, 45, 6], "51": [49, 45, 6], "52": [51, 50, 49], "53": [41, 46, 50], "55": [42, 46, 41]}, "up": {"4": [10, 19, 3], "8": [0, 1], "9": [1], "11": [13, 15, 14], "13": [15, 16, 14], "14": [12], "18": [2], "20": [3], "21": [0, 1], "22": [9, 1, 0], "23": [9, 1, 0], "24": [0, 1], "25": [0, 1], "26": [0], "27": [0, 1], "28": [1], "29": [1, 0], "30": [2], "31": [2], "32": [2], "33": [2], "34": [2], "35": [2], "36": [2], "37": [0, 1], "38": [0], "39": [0], "40": [2], "43": [5, 12, 14], "44": [12, 14, 5], "45": [6, 7, 17], "47": [17, 7, 6], "48": [15, 16, 14], "49": [7, 6, 17], "54": [51, 50, 52], "55": [44, 12, 5]}}}]}