{"scenes": [{"objects": [{"prefab_path": "MensCollection/Prefabs/Rearranged/sweater_02", "unique_id": 0, "index": 0, "bbox": [1240, 278, 203, 133], "position": [3.8483057022094727, 2.1237165927886963, -0.23667527735233307]}, {"prefab_path": "1514019/Rearranged/Jean_Jacket", "unique_id": 1, "index": 1, "bbox": [1399, 294, 173, 136], "position": [4.466862201690674, 1.7899630069732666, -0.2372608482837677]}, {"prefab_path": "MensCollection/Prefabs/Rearranged/suit 3", "unique_id": 2, "index": 2, "bbox": [1546, 271, 218, 144], "position": [5.191793441772461, 2.1192867755889893, -0.165054053068161]}, {"prefab_path": "1514019/Rearranged/Jean_Jacket", "unique_id": 1, "index": 3, "bbox": [1315, 318, 209, 216], "position": [3.919863224029541, 1.6269629001617432, -0.7172613739967346]}, {"prefab_path": "1514019/Rearranged/Sweater_001", "unique_id": 3, "index": 4, "bbox": [1499, 314, 217, 169], "position": [4.541860103607178, 1.603935956954956, -0.7172612547874451]}, {"prefab_path": "1514019/Rearranged/TShirt_Black", "unique_id": 4, "index": 5, "bbox": [1682, 331, 177, 146], "position": [5.2659430503845215, 1.6581366062164307, -0.7013887166976929]}], "relationships": {"right": {"0": [2, 1, 5], "1": [2, 5], "3": [4, 5, 2], "4": [5]}, "left": {"1": [0], "2": [0, 1, 3], "4": [3], "5": [4, 3, 1]}}}]}