{"scenes": [{"objects": [{"prefab_path": "1498649_store/Prefabs/_itog034", "unique_id": 0, "index": 0, "bbox": [1427, 182, 212, 55], "position": [2.95637583732605, 2.294996976852417, 2.29512357711792]}, {"prefab_path": "MensCollection/Prefabs/Rearranged/shirt_hung_up28", "unique_id": 1, "index": 1, "bbox": [1473, 219, 162, 54], "position": [3.6308958530426025, 2.4008827209472656, 2.3084213733673096]}, {"prefab_path": "WomensCollection/Prefabs/Rearranged/blouse_01_62", "unique_id": 2, "index": 2, "bbox": [1529, 247, 118, 44], "position": [4.313000202178955, 2.3940000534057617, 2.312999963760376]}, {"prefab_path": "MensCollection/Prefabs/Rearranged/long_coat_10", "unique_id": 3, "index": 3, "bbox": [1235, 280, 231, 51], "position": [1.0955467224121094, 1.8822486400604248, 2.2241735458374023]}, {"prefab_path": "WomensCollection/Prefabs/Rearranged/blouse_2_08 1", "unique_id": 4, "index": 4, "bbox": [931, 286, 247, 81], "position": [-0.3217027187347412, 1.8430700302124023, 2.249159812927246]}, {"prefab_path": "1498649_store/Prefabs/_itog039", "unique_id": 5, "index": 5, "bbox": [978, 275, 274, 75], "position": [-0.195693701505661, 1.8418116569519043, 2.243234395980835]}, {"prefab_path": "MensCollection/Prefabs/Rearranged/long_coat_10 1", "unique_id": 6, "index": 6, "bbox": [1095, 294, 252, 44], "position": [0.7357920408248901, 1.4082798957824707, 4.420687675476074]}, {"prefab_path": "MensCollection/Prefabs/Rearranged/long_coat_12", "unique_id": 7, "index": 7, "bbox": [1112, 267, 275, 77], "position": [0.8247826099395752, 0.4726707935333252, 1.4194016456604004]}, {"prefab_path": "WomensCollection/Prefabs/Rearranged/blouse_2_1", "unique_id": 8, "index": 8, "bbox": [1516, 380, 125, 39], "position": [4.292070388793945, 1.538620948791504, 2.3050241470336914]}, {"prefab_path": "MensCollection/Prefabs/Rearranged/polo shirt 44", "unique_id": 9, "index": 9, "bbox": [1401, 386, 137, 61], "position": [2.9010000228881836, 1.6013116836547852, 2.312999963760376]}, {"prefab_path": "MensCollection/Prefabs/Rearranged/folded polo shirt21", "unique_id": 10, "index": 10, "bbox": [1493, 581, 25, 75], "position": [3.446542978286743, 0.8034321069717407, 2.0908565521240234]}, {"prefab_path": "MensCollection/Prefabs/Rearranged/sweater_folded29", "unique_id": 11, "index": 11, "bbox": [1556, 563, 18, 72], "position": [4.336914539337158, 0.8036502003669739, 1.9639487266540527]}, {"prefab_path": "MensCollection/Prefabs/Rearranged/sweater_folded47", "unique_id": 12, "index": 12, "bbox": [1534, 569, 20, 75], "position": [4.037914752960205, 0.8036502003669739, 1.9679487943649292]}, {"prefab_path": "MensCollection/Prefabs/Rearranged/shirt_5", "unique_id": 13, "index": 13, "bbox": [1519, 578, 17, 68], "position": [3.740993022918701, 0.7826411724090576, 1.975780963897705]}, {"prefab_path": "WomensCollection/Prefabs/Rearranged/sweater_folded_2", "unique_id": 14, "index": 14, "bbox": [1644, 574, 25, 89], "position": [4.336914539337158, 0.8041285276412964, 1.4899486303329468]}, {"prefab_path": "MensCollection/Prefabs/Rearranged/shirt_2", "unique_id": 15, "index": 15, "bbox": [1632, 583, 22, 78], "position": [4.0377516746521, 0.7826411724090576, 1.4949250221252441]}, {"prefab_path": "MensCollection/Prefabs/Rearranged/sweater_folded17", "unique_id": 16, "index": 16, "bbox": [1609, 589, 21, 84], "position": [3.7499144077301025, 0.8066529035568237, 1.4969487190246582]}, {"prefab_path": "WomensCollection/Prefabs/Rearranged/shirt_5_03", "unique_id": 17, "index": 17, "bbox": [1437, 600, 21, 84], "position": [2.846973419189453, 0.7826354503631592, 1.964170217514038]}, {"prefab_path": "WomensCollection/Prefabs/Rearranged/sweater_folded09", "unique_id": 18, "index": 18, "bbox": [1460, 585, 30, 86], "position": [3.144883632659912, 0.8045907020568848, 1.9727058410644531]}, {"prefab_path": "MensCollection/Prefabs/Rearranged/sweater_folded20", "unique_id": 19, "index": 19, "bbox": [1543, 615, 29, 95], "position": [2.8453385829925537, 0.8066529035568237, 1.4658385515213013]}, {"prefab_path": "MensCollection/Prefabs/Rearranged/sweater_folded47", "unique_id": 12, "index": 20, "bbox": [1567, 606, 26, 91], "position": [3.1435132026672363, 0.8041285276412964, 1.4774458408355713]}, {"prefab_path": "MensCollection/Prefabs/Rearranged/folded polo shirt13", "unique_id": 20, "index": 21, "bbox": [1593, 599, 30, 92], "position": [3.4380886554718018, 0.8034321069717407, 1.359958291053772]}, {"prefab_path": "clothing_store/models/prefab/trousers_2", "unique_id": 21, "index": 22, "bbox": [1227, 544, 217, 48], "position": [1.128000020980835, 0.2301410436630249, 2.24706768989563]}, {"prefab_path": "WomensCollection/Prefabs/Rearranged/dress_4_24", "unique_id": 22, "index": 23, "bbox": [1836, 582, 229, 48], "position": [2.8764572143554688, 0.7740169167518616, 0.5055165886878967]}, {"prefab_path": "1514019/Rearranged/Sport_Pants", "unique_id": 23, "index": 24, "bbox": [923, 604, 288, 100], "position": [-0.34346604347229004, 0.2701929807662964, 2.2052230834960938]}, {"prefab_path": "1514019/Rearranged/Jeans_Blue_V4", "unique_id": 24, "index": 25, "bbox": [1089, 569, 263, 79], "position": [0.3692910671234131, 0.24453043937683105, 2.194141149520874]}, {"prefab_path": "clothing_store/models/prefab/trousers", "unique_id": 25, "index": 26, "bbox": [671, 622, 368, 172], "position": [-1.1222920417785645, 0.2301410436630249, 2.24706768989563]}, {"prefab_path": "MensCollection/Prefabs/Rearranged/long_coat_10", "unique_id": 3, "index": 27, "bbox": [1568, 750, 253, 316], "position": [-0.012326657772064209, 0.7959689497947693, 0.2540532946586609]}, {"prefab_path": "1514019/Rearranged/Shoes_Preppy", "unique_id": 26, "index": 28, "bbox": [919, 910, 53, 92], "position": [-1.0557796955108643, 0.9293829202651978, 2.159721851348877]}], "relationships": {"right": {"0": [2], "1": [2], "3": [19, 23, 20], "4": [5, 3, 23], "5": [3, 23, 19], "6": [8, 9, 11], "7": [23, 21, 15], "9": [8, 14, 16], "10": [14, 13, 15], "12": [11, 14], "13": [14, 12, 15], "15": [14], "16": [15, 14], "17": [16, 21, 18], "18": [16, 15, 14], "19": [21, 15, 14], "20": [21, 16, 15], "22": [19, 23, 20], "24": [7, 25, 23], "25": [7, 23, 19], "26": [24, 7, 25], "28": [7, 23, 27]}, "left": {"0": [6, 5, 4], "1": [6, 5, 4], "2": [1, 0, 6], "3": [5, 4], "5": [4], "7": [24, 25, 26], "8": [6, 9, 5], "9": [6, 5, 4], "10": [6, 22, 25], "11": [12, 13, 10], "12": [13, 10, 18], "13": [10, 18, 17], "14": [10, 13, 15], "15": [18, 10, 16], "16": [18, 17, 10], "17": [22, 6, 25], "18": [17, 6, 22], "19": [22, 25, 3], "20": [17, 22, 25], "21": [20, 17, 19], "22": [24, 26], "23": [7, 25, 24], "24": [26], "25": [24, 26], "27": [28, 26]}, "down": {"0": [9, 17, 18], "1": [10, 13, 18], "2": [8, 12, 11], "3": [22, 25, 7], "4": [24, 28, 26], "5": [24, 25, 26], "8": [11, 12, 13], "9": [17, 18], "28": [26]}, "up": {"7": [3], "8": [2], "9": [0], "10": [1, 0, 2], "11": [2, 8, 1], "12": [2, 8, 1], "13": [1, 2, 8], "14": [2, 1], "15": [2, 1], "16": [1, 2, 0], "17": [0, 9, 1], "18": [0, 1, 9], "19": [0, 1], "20": [0, 1, 2], "21": [1, 0, 2], "22": [3], "24": [5, 4], "25": [3, 5, 4], "26": [28, 4, 5], "28": [4]}}}]}