{"scenes": [{"objects": [{"prefab_path": "clothing_store/models/prefab/T_shirt_5", "unique_id": 0, "index": 0, "bbox": [952, 308, 132, 50], "position": [4.85699987411499, 1.9040002822875977, -7.301000118255615]}, {"prefab_path": "MensCollection/Prefabs/Rearranged/shirt_hung_up16", "unique_id": 1, "index": 1, "bbox": [1197, 296, 157, 75], "position": [3.054015636444092, 2.3483312129974365, -7.288100242614746]}, {"prefab_path": "MensCollection/Prefabs/Rearranged/long_coat_10", "unique_id": 2, "index": 2, "bbox": [1, 277, 300, 123], "position": [6.298677444458008, 2.320448398590088, -3.527703046798706]}, {"prefab_path": "MensCollection/Prefabs/Rearranged/jacket_4_05", "unique_id": 3, "index": 3, "bbox": [140, 272, 269, 225], "position": [6.828714370727539, 2.624711036682129, -1.156785488128662]}, {"prefab_path": "MensCollection/Prefabs/Rearranged/polo shirt 22", "unique_id": 4, "index": 4, "bbox": [1548, 322, 161, 161], "position": [1.2589112520217896, 2.2927606105804443, -7.2926788330078125]}, {"prefab_path": "MensCollection/Prefabs/Rearranged/polo shirt 31", "unique_id": 5, "index": 5, "bbox": [1794, 309, 200, 195], "position": [0.3719111382961273, 2.2362279891967773, -7.2926788330078125]}, {"prefab_path": "1514019/Rearranged/Jeans_Blue_V3", "unique_id": 6, "index": 6, "bbox": [998, 304, 300, 114], "position": [3.2727091312408447, 1.674516201019287, -5.106883525848389]}, {"prefab_path": "1514019/Rearranged/Jeans_Grey", "unique_id": 7, "index": 7, "bbox": [1261, 303, 353, 150], "position": [2.435708999633789, 1.6981279850006104, -5.106883525848389]}, {"prefab_path": "1514019/Rearranged/Sport_Pants", "unique_id": 8, "index": 8, "bbox": [938, 446, 121, 46], "position": [5.100466251373291, 0.8820520639419556, -7.353848934173584]}, {"prefab_path": "1514019/Rearranged/Jeans_Blue_V4", "unique_id": 9, "index": 9, "bbox": [1041, 450, 125, 34], "position": [4.266709327697754, 0.8563895225524902, -7.354883193969727]}, {"prefab_path": "clothing_store/models/prefab/trousers", "unique_id": 10, "index": 10, "bbox": [1137, 454, 142, 76], "position": [3.496999979019165, 0.8420000076293945, -7.349999904632568]}, {"prefab_path": "1514019/Rearranged/Jeans_Blue_V2", "unique_id": 11, "index": 11, "bbox": [1303, 465, 151, 45], "position": [2.6597087383270264, 1.672162413597107, -7.354883193969727]}, {"prefab_path": "MensCollection/Prefabs/Rearranged/long_coat_10 1", "unique_id": 12, "index": 12, "bbox": [152, 515, 250, 211], "position": [5.98333740234375, 0.9334350824356079, -6.378809452056885]}, {"prefab_path": "1208725/Jacket_red", "unique_id": 13, "index": 13, "bbox": [1, 602, 186, 147], "position": [5.3419108390808105, 2.3147311210632324, -5.420795440673828]}, {"prefab_path": "clothing_store/models/prefab/cap_4", "unique_id": 14, "index": 14, "bbox": [858, 691, 76, 105], "position": [3.3320000171661377, 1.5839999914169312, -4.359000205993652]}, {"prefab_path": "clothing_store/models/prefab/cap_5", "unique_id": 15, "index": 15, "bbox": [974, 721, 67, 105], "position": [3.013000011444092, 1.5839999914169312, -4.359000205993652]}, {"prefab_path": "clothing_store/models/prefab/cap_4", "unique_id": 14, "index": 16, "bbox": [1123, 758, 30, 99], "position": [2.683000087738037, 1.5839999914169312, -4.359000205993652]}], "relationships": {"right": {"0": [1, 11, 4], "1": [4, 5], "2": [6, 7, 5], "3": [16, 15, 14], "4": [5], "6": [7, 5, 4], "7": [5], "8": [9, 10, 11], "9": [10, 11, 4], "10": [5], "11": [4, 5], "12": [9, 10, 8], "13": [4, 5, 1], "14": [15, 16, 7], "15": [16, 7, 5], "16": [5]}, "down": {"0": [8, 9], "1": [11, 10]}, "left": {"0": [12], "1": [13, 0, 12], "4": [13, 1, 11], "5": [4, 13, 2], "6": [2, 3], "7": [14, 6, 15], "8": [12], "9": [12, 8], "10": [12, 9, 8], "11": [13, 12, 0], "14": [2, 3], "15": [14, 2, 3], "16": [15, 14, 2]}, "up": {"8": [0], "9": [0], "10": [1], "11": [1]}}}]}