{"scenes": [{"objects": [{"prefab_path": "870230/hoodie09", "unique_id": 0, "index": 0, "bbox": [493, 332, 135, 82], "position": [6.382637977600098, 2.560633897781372, -1.6792333126068115]}, {"prefab_path": "1208725/Jacket_red", "unique_id": 1, "index": 1, "bbox": [566, 323, 152, 92], "position": [5.715424060821533, 3.4210667610168457, -4.261911869049072]}, {"prefab_path": "MensCollection/Prefabs/Rearranged/shirt_hung_up03", "unique_id": 2, "index": 2, "bbox": [643, 326, 173, 90], "position": [6.276983261108398, 2.2841436862945557, -2.918836832046509]}, {"prefab_path": "MensCollection/Prefabs/Rearranged/jacket_4_09", "unique_id": 3, "index": 3, "bbox": [736, 316, 194, 98], "position": [6.29492712020874, 2.252755880355835, -3.5414111614227295]}, {"prefab_path": "MensCollection/Prefabs/Rearranged/jacket_1", "unique_id": 4, "index": 4, "bbox": [843, 313, 203, 110], "position": [7.515757083892822, -0.6088409423828125, -4.04977560043335]}, {"prefab_path": "1514019/Rearranged/Sweater_001", "unique_id": 5, "index": 5, "bbox": [1, 378, 156, 125], "position": [5.185859203338623, 1.7669360637664795, -0.23726072907447815]}, {"prefab_path": "1514019/Rearranged/Jacket_Grey", "unique_id": 6, "index": 6, "bbox": [38, 392, 212, 245], "position": [5.260859966278076, 1.509941577911377, -0.7172613143920898]}, {"prefab_path": "MensCollection/Prefabs/Rearranged/shirt_hung_up30 1", "unique_id": 7, "index": 7, "bbox": [1975, 275, 441, 122], "position": [4.857015609741211, 2.327331066131592, -7.29610013961792]}, {"prefab_path": "1208725/Jacket_gray", "unique_id": 8, "index": 8, "bbox": [467, 497, 150, 86], "position": [6.818509578704834, -0.4800069332122803, -2.285522937774658]}, {"prefab_path": "870230/hoodie04", "unique_id": 9, "index": 9, "bbox": [545, 509, 148, 99], "position": [6.278714179992676, 1.531919240951538, -2.2988336086273193]}, {"prefab_path": "MensCollection/Prefabs/Rearranged/jacket_3_02", "unique_id": 10, "index": 10, "bbox": [638, 499, 183, 102], "position": [8.303068161010742, -3.3215370178222656, 2.4419755935668945]}, {"prefab_path": "870230/hoodie09", "unique_id": 0, "index": 11, "bbox": [853, 512, 168, 101], "position": [6.382637977600098, 1.591703176498413, -4.163409233093262]}, {"prefab_path": "MensCollection/Prefabs/Rearranged/jacket_4_09", "unique_id": 3, "index": 12, "bbox": [738, 502, 198, 97], "position": [6.29492712020874, 1.283825159072876, -3.5414111614227295]}, {"prefab_path": "1514019/Rearranged/Jeans_Grey", "unique_id": 11, "index": 13, "bbox": [1901, 682, 106, 196], "position": [5.1037092208862305, 0.8821280002593994, -7.354883193969727]}], "relationships": {"right": {"0": [2, 3, 11], "1": [7], "2": [3, 11, 7], "5": [11, 6, 12], "6": [11, 12, 9], "8": [4], "9": [12, 11, 3], "10": [4], "12": [11, 13]}, "left": {"0": [5], "1": [0, 5, 6], "2": [0, 5, 6], "3": [2, 5, 0], "4": [8, 6, 5], "6": [5], "7": [1, 5, 6], "9": [5, 6], "11": [6, 5, 12], "12": [6, 9, 5], "13": [6, 5, 12]}, "down": {"0": [9, 8], "1": [11, 12, 4], "2": [12, 8, 4], "3": [12, 4, 8], "7": [13], "9": [8], "11": [4], "12": [4]}, "up": {"4": [11, 12, 3], "8": [9, 0, 2], "9": [0], "11": [1], "12": [3, 2, 1], "13": [7]}}}]}