{"scenes": [{"objects": [{"prefab_path": "MensCollection/Prefabs/Rearranged/jacket_2_03", "unique_id": 0, "index": 0, "bbox": [639, 250, 193, 49], "position": [-4.442732810974121, -0.7103862762451172, -1.5217046737670898]}, {"prefab_path": "MensCollection/Prefabs/Rearranged/jacket_1", "unique_id": 1, "index": 1, "bbox": [685, 232, 222, 49], "position": [-1.8300892114639282, -0.45056724548339844, -1.5666561126708984]}, {"prefab_path": "MensCollection/Prefabs/Rearranged/polo shirt 25", "unique_id": 2, "index": 2, "bbox": [699, 247, 236, 68], "position": [-0.998058557510376, 2.385040283203125, -2.8984382152557373]}, {"prefab_path": "MensCollection/Prefabs/Rearranged/jacket_4_09", "unique_id": 3, "index": 3, "bbox": [773, 196, 348, 78], "position": [-0.37658900022506714, 2.3527557849884033, -2.885072708129883]}, {"prefab_path": "MensCollection/Prefabs/Rearranged/jacket_3_02", "unique_id": 4, "index": 4, "bbox": [845, 157, 441, 182], "position": [-5.117886543273926, -2.2526066303253174, -0.8769311904907227]}, {"prefab_path": "MensCollection/Prefabs/Rearranged/sweater_01", "unique_id": 5, "index": 5, "bbox": [1, 379, 221, 113], "position": [-2.956305742263794, 1.9587163925170898, -4.801324367523193]}, {"prefab_path": "1514019/Rearranged/Jean_Jacket", "unique_id": 6, "index": 6, "bbox": [52, 384, 160, 102], "position": [-3.6718626022338867, 1.6249628067016602, -4.800738334655762]}, {"prefab_path": "1514019/Rearranged/Jean_Jacket", "unique_id": 6, "index": 7, "bbox": [98, 379, 144, 83], "position": [-4.293862342834473, 1.6249628067016602, -4.800738334655762]}, {"prefab_path": "MensCollection/Prefabs/Rearranged/long_coat_10", "unique_id": 7, "index": 8, "bbox": [653, 459, 249, 77], "position": [-1.6213546991348267, 1.4491305351257324, -2.8815853595733643]}, {"prefab_path": "MensCollection/Prefabs/Rearranged/jacket_2_03", "unique_id": 0, "index": 9, "bbox": [627, 454, 197, 51], "position": [-4.334050178527832, -1.7375907897949219, -1.4603996276855469]}, {"prefab_path": "MensCollection/Prefabs/Rearranged/long_coat_10", "unique_id": 7, "index": 10, "bbox": [707, 479, 297, 79], "position": [-0.9966940879821777, 1.4491305351257324, -2.8812901973724365]}, {"prefab_path": "MensCollection/Prefabs/Rearranged/jacket_1", "unique_id": 1, "index": 11, "bbox": [785, 523, 265, 81], "position": [-0.5611811876296997, -1.4698009490966797, -1.6597461700439453]}, {"prefab_path": "MensCollection/Prefabs/Rearranged/long_coat_06", "unique_id": 8, "index": 12, "bbox": [893, 573, 215, 156], "position": [1.2053241729736328, 0.29413914680480957, -3.4989981651306152]}], "relationships": {"down": {"0": [9, 4], "2": [10, 8, 11], "3": [11, 12], "8": [11], "10": [11]}, "up": {"1": [2], "4": [0], "8": [2], "9": [0], "10": [2], "11": [10, 2, 3], "12": [3]}, "left": {"1": [7, 6], "2": [5, 6, 7], "3": [5, 6, 7], "8": [6, 7, 5], "10": [5, 6, 7], "11": [6, 7], "12": [5, 6, 7]}, "right": {"5": [2, 10, 8], "6": [8, 10, 2], "7": [8, 10, 2]}}}]}