{"scenes": [{"objects": [{"prefab_path": "1498649_store/Prefabs/_itog040", "unique_id": 0, "index": 0, "bbox": [844, 267, 161, 61], "position": [3.748854160308838, 2.367363214492798, -2.2208611965179443]}, {"prefab_path": "1208725/Jacket_blue", "unique_id": 1, "index": 1, "bbox": [728, 295, 131, 56], "position": [5.063315391540527, 0.5787005424499512, -2.7620298862457275]}, {"prefab_path": "1498649_store/Prefabs/_itog022", "unique_id": 2, "index": 2, "bbox": [787, 281, 146, 52], "position": [4.385854244232178, 2.367363214492798, -2.2208611965179443]}, {"prefab_path": "WomensCollection/Prefabs/Rearranged/blouse_01_07", "unique_id": 3, "index": 3, "bbox": [1454, 332, 259, 83], "position": [0.6443213820457458, 1.8414487838745117, -2.2199110984802246]}, {"prefab_path": "1208725/Jacket_gray", "unique_id": 4, "index": 4, "bbox": [1542, 310, 337, 110], "position": [-0.15862655639648438, 0.011831521987915039, -1.614241600036621]}, {"prefab_path": "1208725/Jacket_blue", "unique_id": 1, "index": 5, "bbox": [1581, 294, 341, 113], "position": [-0.22018390893936157, 0.05314898490905762, -2.2483153343200684]}, {"prefab_path": "WomensCollection/Prefabs/Rearranged/dress2_", "unique_id": 5, "index": 6, "bbox": [751, 427, 176, 36], "position": [4.980000019073486, 1.3409990072250366, -2.246000051498413]}, {"prefab_path": "WomensCollection/Prefabs/Rearranged/dress_4_", "unique_id": 6, "index": 7, "bbox": [800, 431, 191, 38], "position": [4.352198600769043, 1.337825894355774, -2.2572858333587646]}, {"prefab_path": "WomensCollection/Prefabs/Rearranged/hanging_dress_1_12", "unique_id": 7, "index": 8, "bbox": [856, 441, 179, 46], "position": [3.73671817779541, 1.4919672012329102, -2.330535888671875]}, {"prefab_path": "WomensCollection/Prefabs/Rearranged/blouse_01_62", "unique_id": 8, "index": 9, "bbox": [1844, 384, 258, 40], "position": [-0.1506785899400711, 1.8414487838745117, -2.2229113578796387]}, {"prefab_path": "WomensCollection/Prefabs/Rearranged/hanging_dress_1_12", "unique_id": 7, "index": 10, "bbox": [441, 617, 57, 86], "position": [3.247464179992676, 0.8609672784805298, -0.12471833825111389]}, {"prefab_path": "WomensCollection/Prefabs/Rearranged/hanging_dress_1_12", "unique_id": 7, "index": 11, "bbox": [456, 603, 60, 100], "position": [2.9984641075134277, 0.9539672136306763, -0.12471833825111389]}, {"prefab_path": "WomensCollection/Prefabs/Rearranged/dress_4_16", "unique_id": 9, "index": 12, "bbox": [563, 555, 346, 46], "position": [2.6490633487701416, 1.0040570497512817, -0.222966730594635]}, {"prefab_path": "WomensCollection/Prefabs/Rearranged/hanging_dress_1_26", "unique_id": 10, "index": 13, "bbox": [618, 586, 304, 48], "position": [2.7051315307617188, 1.031967282295227, -0.34700363874435425]}, {"prefab_path": "WomensCollection/Prefabs/Rearranged/dress_6_08", "unique_id": 11, "index": 14, "bbox": [398, 605, 305, 26], "position": [2.847581148147583, 0.8689463138580322, 0.2079998105764389]}, {"prefab_path": "WomensCollection/Prefabs/Rearranged/dress_4_24", "unique_id": 12, "index": 15, "bbox": [389, 601, 388, 182], "position": [2.504483222961426, 0.8980169296264648, 0.10345739126205444]}, {"prefab_path": "clothing_store/models/prefab/trousers", "unique_id": 13, "index": 16, "bbox": [1235, 632, 329, 159], "position": [1.128000020980835, 0.2301410436630249, -2.175999879837036]}, {"prefab_path": "WomensCollection/Prefabs/Rearranged/dress_6_08", "unique_id": 11, "index": 17, "bbox": [286, 652, 347, 51], "position": [2.8735811710357666, 0.7659463882446289, 0.5059998035430908]}, {"prefab_path": "WomensCollection/Prefabs/Rearranged/dress_6_04", "unique_id": 14, "index": 18, "bbox": [344, 626, 357, 53], "position": [2.8555796146392822, 0.824946403503418, 0.3579998016357422]}, {"prefab_path": "WomensCollection/Prefabs/Rearranged/hanging_dress_1_26", "unique_id": 10, "index": 19, "bbox": [424, 635, 368, 134], "position": [2.461535930633545, 1.0029672384262085, 0.10171851515769958]}, {"prefab_path": "WomensCollection/Prefabs/Rearranged/dress_4_", "unique_id": 6, "index": 20, "bbox": [459, 641, 362, 114], "position": [2.229285717010498, 0.804826021194458, 0.10619890689849854]}, {"prefab_path": "clothing_store/models/prefab/trousers_4", "unique_id": 15, "index": 21, "bbox": [1467, 674, 329, 229], "position": [0.36900001764297485, 0.23014092445373535, -2.2330000400543213]}], "relationships": {"down": {"0": [8, 7], "2": [7, 8, 6], "3": [21, 16, 5], "9": [5, 4, 21], "19": [15]}, "up": {"1": [2], "4": [9, 3], "5": [9, 3], "6": [2], "7": [2, 0], "8": [0, 2], "15": [19], "16": [3], "21": [3, 9]}, "left": {"3": [19, 12, 13], "4": [20, 17, 15], "5": [4, 20, 17], "9": [19, 15, 20], "12": [14, 11, 18], "13": [11, 14, 10], "15": [18, 17, 14], "16": [10, 14, 18], "19": [18, 17], "20": [17, 18], "21": [17, 20, 18]}, "right": {"4": [5], "10": [13, 16, 21], "11": [13, 12, 16], "12": [16, 3, 21], "13": [16, 3, 21], "14": [12, 15, 13], "15": [21, 16, 3], "17": [15, 20, 19], "18": [15, 19, 12], "19": [21, 3, 16], "20": [21, 5, 16]}}}]}