{"scenes": [{"objects": [{"prefab_path": "MensCollection/Prefabs/Rearranged/polo shirt 13", "unique_id": 0, "index": 0, "bbox": [1474, 310, 9, 3], "position": [-3.811678409576416, 1.8492279052734375, -2.2219114303588867]}, {"prefab_path": "MensCollection/Prefabs/Rearranged/long_coat_12", "unique_id": 1, "index": 1, "bbox": [904, 303, 109, 59], "position": [1.923598051071167, 0.4726707935333252, -1.8202168941497803]}, {"prefab_path": "MensCollection/Prefabs/Rearranged/jacket_1", "unique_id": 2, "index": 2, "bbox": [971, 304, 106, 15], "position": [-0.5898738503456116, -1.044653296470642, -2.332164764404297]}, {"prefab_path": "MensCollection/Prefabs/Rearranged/long_coat_10 1", "unique_id": 3, "index": 3, "bbox": [984, 303, 110, 17], "position": [1.1007919311523438, 1.4082798957824707, -0.0443120002746582]}, {"prefab_path": "MensCollection/Prefabs/Rearranged/jacket_3_06", "unique_id": 4, "index": 4, "bbox": [1071, 304, 106, 17], "position": [-2.6022369861602783, -0.7599018812179565, 0.40367746353149414]}, {"prefab_path": "MensCollection/Prefabs/Rearranged/jacket_3_06", "unique_id": 4, "index": 5, "bbox": [1088, 304, 107, 16], "position": [-2.744236946105957, -0.7599018812179565, 0.40367746353149414]}, {"prefab_path": "1208725/Jacket_blue", "unique_id": 5, "index": 6, "bbox": [1053, 310, 95, 21], "position": [-0.6918624043464661, 0.05314898490905762, -2.2482266426086426]}, {"prefab_path": "870230/hoodie09", "unique_id": 6, "index": 7, "bbox": [1103, 312, 89, 13], "position": [-0.5561410188674927, 2.0665478706359863, -2.225752115249634]}, {"prefab_path": "MensCollection/Prefabs/Rearranged/jacket_3_06", "unique_id": 4, "index": 8, "bbox": [1134, 303, 103, 66], "position": [-3.7426769733428955, -0.7599018812179565, -4.524236679077148]}, {"prefab_path": "MensCollection/Prefabs/Rearranged/long_coat_06", "unique_id": 7, "index": 9, "bbox": [1334, 301, 115, 67], "position": [-3.801069736480713, 0.6689841747283936, -1.4370927810668945]}, {"prefab_path": "MensCollection/Prefabs/Rearranged/jacket_1", "unique_id": 2, "index": 10, "bbox": [1426, 301, 113, 33], "position": [-4.772873878479004, -1.044653296470642, -2.335165023803711]}, {"prefab_path": "870230/hoodie09", "unique_id": 6, "index": 11, "bbox": [1419, 311, 93, 20], "position": [-3.37514066696167, 2.0665478706359863, -2.219752073287964]}, {"prefab_path": "MensCollection/Prefabs/Rearranged/jacket_4_05", "unique_id": 8, "index": 12, "bbox": [1437, 301, 113, 47], "position": [-4.230832099914551, 2.1888985633850098, -5.225154876708984]}, {"prefab_path": "MensCollection/Prefabs/Rearranged/long_coat_12", "unique_id": 1, "index": 13, "bbox": [1529, 300, 117, 37], "position": [-4.017217636108398, 0.4726710319519043, -3.049598217010498]}, {"prefab_path": "MensCollection/Prefabs/Rearranged/jacket_4_09", "unique_id": 9, "index": 14, "bbox": [1526, 300, 114, 29], "position": [-4.308888912200928, 1.8144785165786743, -2.198608160018921]}, {"prefab_path": "MensCollection/Prefabs/Rearranged/long_coat_12", "unique_id": 1, "index": 15, "bbox": [1508, 300, 117, 26], "position": [-3.7582173347473145, 0.4726707935333252, -3.043598175048828]}, {"prefab_path": "MensCollection/Prefabs/Rearranged/polo shirt 23", "unique_id": 10, "index": 16, "bbox": [1560, 310, 96, 23], "position": [-4.559678554534912, 1.8492279052734375, -2.2219114303588867]}, {"prefab_path": "MensCollection/Prefabs/Rearranged/long_coat_10 1", "unique_id": 3, "index": 17, "bbox": [1601, 299, 119, 65], "position": [-7.299687385559082, 1.4082798957824707, -1.6382083892822266]}, {"prefab_path": "MensCollection/Prefabs/Rearranged/long_coat_06", "unique_id": 7, "index": 18, "bbox": [717, 435, 18, 10], "position": [2.8773539066314697, -0.376015841960907, 0.6584839820861816]}, {"prefab_path": "MensCollection/Prefabs/Rearranged/shirt_hung_up06", "unique_id": 11, "index": 19, "bbox": [643, 451, 21, 12], "position": [2.7598257064819336, -0.26208990812301636, 0.380498468875885]}, {"prefab_path": "MensCollection/Prefabs/Rearranged/jacket_2_06", "unique_id": 12, "index": 20, "bbox": [649, 451, 19, 13], "position": [-2.0635032653808594, -3.146559000015259, -1.2868181467056274]}, {"prefab_path": "MensCollection/Prefabs/Rearranged/jacket_1", "unique_id": 2, "index": 21, "bbox": [652, 445, 17, 14], "position": [2.2342638969421387, -2.089653730392456, 1.2319093942642212]}, {"prefab_path": "1208725/Jacket_blue", "unique_id": 5, "index": 22, "bbox": [695, 450, 15, 3], "position": [2.666781425476074, -0.9918507933616638, 0.0674060583114624]}, {"prefab_path": "1208725/Jacket_blue", "unique_id": 5, "index": 23, "bbox": [674, 452, 15, 4], "position": [2.5762577056884766, -0.9918507933616638, 0.3457324504852295]}, {"prefab_path": "MensCollection/Prefabs/Rearranged/shirt_hung_up06", "unique_id": 11, "index": 24, "bbox": [726, 449, 21, 17], "position": [2.347862720489502, -0.26208990812301636, 0.13138562440872192]}, {"prefab_path": "MensCollection/Prefabs/Rearranged/polo shirt 08", "unique_id": 13, "index": 25, "bbox": [714, 458, 21, 61], "position": [1.886406421661377, 0.860760509967804, -0.1445973515510559]}, {"prefab_path": "870230/hoodie04", "unique_id": 14, "index": 26, "bbox": [709, 452, 16, 60], "position": [1.976621389389038, 1.0200375318527222, -0.22015506029129028]}, {"prefab_path": "clothing_store/models/prefab/cap_2", "unique_id": 15, "index": 27, "bbox": [812, 447, 19, 34], "position": [1.2450238466262817, 1.238464593887329, -0.03639775514602661]}, {"prefab_path": "clothing_store/models/prefab/cap", "unique_id": 16, "index": 28, "bbox": [840, 450, 20, 34], "position": [1.0043755769729614, 1.2384647130966187, 0.03372758626937866]}, {"prefab_path": "clothing_store/models/prefab/cap_3", "unique_id": 17, "index": 29, "bbox": [880, 449, 19, 34], "position": [0.7833051085472107, 1.238464593887329, 0.0010082200169563293]}, {"prefab_path": "clothing_store/models/prefab/trousers_2", "unique_id": 18, "index": 30, "bbox": [908, 423, 105, 50], "position": [1.128000020980835, 0.2301410436630249, -2.175999879837036]}, {"prefab_path": "clothing_store/models/prefab/cap_2", "unique_id": 15, "index": 31, "bbox": [936, 450, 20, 31], "position": [0.41537535190582275, 1.238464593887329, -0.021272435784339905]}, {"prefab_path": "1514019/Rearranged/Jeans_Grey", "unique_id": 19, "index": 32, "bbox": [990, 427, 97, 38], "position": [0.36870884895324707, 0.27026891708374023, -2.2378833293914795]}, {"prefab_path": "clothing_store/models/prefab/cap_3", "unique_id": 17, "index": 33, "bbox": [1005, 451, 20, 32], "position": [-0.025700092315673828, 1.2400000095367432, 0.018800005316734314]}, {"prefab_path": "clothing_store/models/prefab/cap_2", "unique_id": 15, "index": 34, "bbox": [1054, 451, 21, 40], "position": [-0.3989103436470032, 1.238464593887329, -0.023481890559196472]}, {"prefab_path": "1514019/Rearranged/Jeans_Blue_V3", "unique_id": 20, "index": 35, "bbox": [1064, 425, 106, 40], "position": [-0.34729111194610596, 0.246657133102417, -2.2258832454681396]}, {"prefab_path": "clothing_store/models/prefab/cap_5", "unique_id": 21, "index": 36, "bbox": [1137, 455, 20, 33], "position": [-0.8517775535583496, 1.2384647130966187, 0.08227899670600891]}, {"prefab_path": "clothing_store/models/prefab/cap_5", "unique_id": 21, "index": 37, "bbox": [1173, 455, 22, 34], "position": [-1.0737088918685913, 1.238464593887329, 0.05085766315460205]}, {"prefab_path": "clothing_store/models/prefab/trousers_4", "unique_id": 22, "index": 38, "bbox": [1143, 425, 108, 53], "position": [-1.122291922569275, 0.2301410436630249, -2.175999879837036]}, {"prefab_path": "clothing_store/models/prefab/cap_4", "unique_id": 23, "index": 39, "bbox": [1212, 455, 20, 35], "position": [-1.3110499382019043, 1.238464593887329, 0.06428030133247375]}, {"prefab_path": "clothing_store/models/prefab/T_shirt_7", "unique_id": 24, "index": 40, "bbox": [1328, 452, 18, 7], "position": [-1.9851114749908447, 0.3799999952316284, -0.20269113779067993]}, {"prefab_path": "MensCollection/Prefabs/Rearranged/long_coat_12", "unique_id": 1, "index": 41, "bbox": [1314, 444, 21, 21], "position": [-0.996218204498291, -0.5723289847373962, -0.1467626392841339]}, {"prefab_path": "MensCollection/Prefabs/Rearranged/jacket_3_06", "unique_id": 4, "index": 42, "bbox": [1345, 449, 19, 10], "position": [-4.481104850769043, -1.8049025535583496, 2.3064141273498535]}, {"prefab_path": "MensCollection/Prefabs/Rearranged/jacket_4_09", "unique_id": 9, "index": 43, "bbox": [1382, 449, 20, 10], "position": [-2.3167130947113037, 0.7694786190986633, -0.18905428051948547]}, {"prefab_path": "clothing_store/models/prefab/trousers_5", "unique_id": 25, "index": 44, "bbox": [1337, 426, 51, 50], "position": [-2.897865056991577, 0.23014092445373535, -2.2330000400543213]}, {"prefab_path": "1208725/Jacket_gray", "unique_id": 26, "index": 45, "bbox": [1358, 456, 16, 2], "position": [-1.9287810325622559, -0.9918884634971619, -1.0073411464691162]}, {"prefab_path": "MensCollection/Prefabs/Rearranged/jacket_2_03", "unique_id": 27, "index": 46, "bbox": [1413, 458, 20, 14], "position": [-1.0919148921966553, -2.3494725227355957, -2.1126203536987305]}, {"prefab_path": "clothing_store/models/prefab/trousers_5", "unique_id": 25, "index": 47, "bbox": [1418, 427, 111, 56], "position": [-3.613412857055664, 0.23014092445373535, -2.2209999561309814]}, {"prefab_path": "clothing_store/models/prefab/trousers_3", "unique_id": 28, "index": 48, "bbox": [1502, 428, 113, 63], "position": [-4.373917579650879, 0.23014092445373535, -2.2109997272491455]}, {"prefab_path": "clothing_store/models/prefab/trousers_5", "unique_id": 25, "index": 49, "bbox": [1594, 428, 113, 55], "position": [-5.107000350952148, 0.23014092445373535, -2.2569997310638428]}, {"prefab_path": "MensCollection/Prefabs/Rearranged/jacket_1", "unique_id": 2, "index": 50, "bbox": [615, 451, 172, 92], "position": [1.000842809677124, -2.089653491973877, 0.6698122024536133]}, {"prefab_path": "870230/hoodie03", "unique_id": 29, "index": 51, "bbox": [640, 469, 150, 56], "position": [2.0977542400360107, 0.978683590888977, 0.25275227427482605]}, {"prefab_path": "MensCollection/Prefabs/Rearranged/jacket_2_03", "unique_id": 27, "index": 52, "bbox": [706, 449, 152, 62], "position": [3.240157127380371, -2.349472999572754, -2.0578372478485107]}, {"prefab_path": "MensCollection/Prefabs/Rearranged/jacket_2_06", "unique_id": 12, "index": 53, "bbox": [694, 451, 158, 43], "position": [3.5314412117004395, -3.146559953689575, -4.083841800689697]}, {"prefab_path": "clothing_store/models/prefab/sneakers_3", "unique_id": 30, "index": 54, "bbox": [1152, 541, 16, 38], "position": [-1.1478009223937988, 0.037972718477249146, -2.2709999084472656]}, {"prefab_path": "MensCollection/Prefabs/Rearranged/long_coat_10", "unique_id": 31, "index": 55, "bbox": [1275, 447, 170, 96], "position": [-1.8878679275512695, 0.8372488021850586, -0.013380717486143112]}, {"prefab_path": "MensCollection/Prefabs/Rearranged/long_coat_06", "unique_id": 7, "index": 56, "bbox": [1294, 450, 177, 80], "position": [-0.7459146976470947, -0.3760156035423279, -0.13771508634090424]}, {"prefab_path": "MensCollection/Prefabs/Rearranged/jacket_1", "unique_id": 2, "index": 57, "bbox": [1366, 461, 169, 45], "position": [-3.3619096279144287, -2.089653730392456, 0.14626362919807434]}, {"prefab_path": "MensCollection/Prefabs/Rearranged/jacket_4_05", "unique_id": 8, "index": 58, "bbox": [1370, 460, 161, 77], "position": [-1.8541600704193115, 1.1438990831375122, -2.8033084869384766]}, {"prefab_path": "MensCollection/Prefabs/Rearranged/jacket_4_05", "unique_id": 8, "index": 59, "bbox": [1375, 458, 121, 94], "position": [-0.7449898719787598, 1.1438989639282227, -2.4559340476989746]}, {"prefab_path": "MensCollection/Prefabs/Rearranged/jacket_4_05", "unique_id": 8, "index": 60, "bbox": [1343, 460, 189, 28], "position": [-4.088084697723389, 1.1438989639282227, -2.01780104637146]}, {"prefab_path": "MensCollection/Prefabs/Rearranged/jacket_1", "unique_id": 2, "index": 61, "bbox": [1530, 541, 64, 31], "position": [-0.8409130573272705, -2.089653491973877, 1.5351035594940186]}, {"prefab_path": "MensCollection/Prefabs/Rearranged/jacket_2_03", "unique_id": 27, "index": 62, "bbox": [1513, 547, 44, 26], "position": [-3.3048598766326904, -2.3494725227355957, -0.24005937576293945]}, {"prefab_path": "MensCollection/Prefabs/Rearranged/jacket_1", "unique_id": 2, "index": 63, "bbox": [1481, 546, 40, 38], "position": [-2.811501979827881, -2.089653491973877, 1.2010974884033203]}, {"prefab_path": "clothing_store/models/prefab/sneakers", "unique_id": 32, "index": 64, "bbox": [1187, 604, 28, 56], "position": [-1.2230100631713867, 0.2384645938873291, -0.12523379921913147]}, {"prefab_path": "1208725/Jacket_red", "unique_id": 33, "index": 65, "bbox": [1427, 590, 65, 97], "position": [-3.619753360748291, 1.8819808959960938, 2.9750306606292725]}, {"prefab_path": "MensCollection/Prefabs/Rearranged/polo shirt 48", "unique_id": 34, "index": 66, "bbox": [1592, 584, 34, 50], "position": [-2.1431546211242676, 0.860760509967804, 1.973942756652832]}, {"prefab_path": "1208725/Jacket_blue", "unique_id": 5, "index": 67, "bbox": [1668, 593, 38, 26], "position": [-2.4144673347473145, -0.9918507933616638, 1.717259168624878]}, {"prefab_path": "1208725/Jacket_blue", "unique_id": 5, "index": 68, "bbox": [1662, 604, 44, 42], "position": [-2.5333468914031982, -0.9918507933616638, 1.930138111114502]}, {"prefab_path": "MensCollection/Prefabs/Rearranged/jacket_4_05", "unique_id": 8, "index": 69, "bbox": [1659, 581, 42, 33], "position": [0.7965540885925293, 1.1026188135147095, 1.5936686992645264]}, {"prefab_path": "clothing_store/models/prefab/sneakers_3", "unique_id": 30, "index": 70, "bbox": [1165, 651, 13, 20], "position": [-1.0923347473144531, 0.03846466541290283, -0.11002731323242188]}, {"prefab_path": "MensCollection/Prefabs/Rearranged/jacket_2_06", "unique_id": 12, "index": 71, "bbox": [1375, 556, 232, 177], "position": [1.1657716035842896, -3.146559000015259, -1.4883389472961426]}, {"prefab_path": "870230/hoodie03", "unique_id": 29, "index": 72, "bbox": [1439, 604, 184, 141], "position": [-1.7368240356445312, 1.0199635028839111, 2.250751256942749]}, {"prefab_path": "1208725/Jacket_red", "unique_id": 33, "index": 73, "bbox": [1534, 611, 177, 81], "position": [-0.10981225967407227, 1.8819806575775146, 3.5119497776031494]}, {"prefab_path": "MensCollection/Prefabs/Rearranged/long_coat_12", "unique_id": 1, "index": 74, "bbox": [1581, 585, 203, 170], "position": [-1.5595860481262207, -0.5723289847373962, 1.570486307144165]}, {"prefab_path": "870230/hoodie03", "unique_id": 29, "index": 75, "bbox": [1607, 612, 176, 217], "position": [-2.0431857109069824, 1.0199635028839111, 2.375812530517578]}], "relationships": {"left": {"0": [11, 7, 59], "2": [30, 52, 1], "3": [26, 51, 25], "4": [18, 23, 19], "5": [4, 18, 23], "6": [35, 30, 32], "7": [1], "8": [2, 30, 6], "9": [26, 25, 1], "10": [2, 45, 54], "11": [7, 59, 1], "12": [59, 7, 32], "13": [15, 32, 30], "14": [0, 11, 7], "15": [32, 30, 35], "16": [14, 0, 11], "17": [60, 26, 9], "20": [71, 52, 50], "24": [19], "27": [26, 51, 25], "28": [27, 51, 26], "29": [28, 27, 3], "30": [1], "31": [28, 29, 27], "32": [30, 1], "33": [28, 31, 29], "34": [33, 28, 31], "35": [32, 30, 1], "36": [33, 34, 28], "37": [36, 33, 34], "38": [35, 32, 30], "39": [36, 37, 33], "40": [64, 70, 25], "41": [24, 19, 22], "42": [68, 67, 61], "43": [55, 51, 25], "44": [38, 35, 1], "45": [22, 23, 24], "46": [52, 71, 22], "47": [44, 38, 1], "48": [47, 44, 38], "49": [48, 47, 44], "50": [21], "54": [6, 35, 30], "55": [51, 36, 37], "56": [24, 19, 18], "57": [50, 21, 23], "58": [59, 1, 32], "59": [1, 30, 26], "60": [59, 1, 58], "61": [21, 50, 23], "62": [50, 21, 23], "63": [61, 21, 50], "64": [24, 19, 25], "65": [73, 75, 72], "66": [72, 69, 51], "67": [74, 61, 21], "68": [74, 61, 21], "70": [24, 19, 18], "71": [52], "72": [69, 51, 18], "74": [18, 19, 23], "75": [72, 69, 73]}, "down": {"0": [47, 60, 48], "1": [71, 52], "2": [46], "3": [28, 50, 23], "4": [63, 57, 62], "5": [57, 63, 62], "6": [2, 46, 20], "7": [6, 35, 2], "9": [62, 57, 20], "11": [47, 44, 9], "12": [8, 20], "13": [10, 20], "14": [48, 60, 10], "15": [10, 20], "16": [48, 10, 60], "18": [21], "19": [23, 22, 21], "24": [23, 22, 21], "25": [24, 23, 22], "26": [25, 24, 22], "27": [50, 24, 23], "28": [50, 21, 23], "29": [50, 21, 71], "30": [71], "31": [50, 56, 61], "32": [71, 2, 46], "33": [56, 41, 50], "34": [56, 41, 70], "35": [2, 46, 71], "36": [56, 70, 41], "37": [70, 64, 41], "38": [54, 46, 2], "39": [64, 70, 41], "40": [4, 45, 62], "41": [20], "43": [4, 5, 62], "44": [20, 46, 62], "45": [20], "47": [20, 62], "48": [10, 20], "49": [10], "51": [24, 23, 22], "54": [46, 2, 20], "55": [40, 4, 5], "56": [20], "58": [54, 46, 20], "59": [6, 2, 46], "60": [48, 47, 10], "64": [70, 41, 61], "65": [42, 68, 67], "66": [68, 67, 74], "67": [63], "69": [50, 21, 61], "70": [41, 61, 20], "72": [74, 68, 67], "73": [61], "74": [61], "75": [68, 67, 74]}, "right": {"0": [16, 14, 17], "1": [44, 47, 38], "2": [10, 44, 47], "3": [29, 31, 34], "4": [5, 17], "5": [17], "6": [54, 38, 44], "7": [11, 0, 16], "9": [17, 49], "11": [0, 16, 14], "13": [17], "14": [16, 17], "15": [13, 49, 17], "16": [17], "18": [4, 5, 56], "19": [24, 56, 70], "21": [63, 50, 61], "22": [41, 56, 45], "23": [41, 4, 5], "24": [56, 70, 41], "25": [43, 27, 29], "26": [27, 29, 31], "27": [29, 31, 28], "28": [31, 29, 34], "29": [31, 34, 33], "30": [32, 35, 38], "31": [34, 33, 37], "32": [35, 38, 6], "33": [34, 37, 36], "34": [37, 36, 39], "35": [38, 6, 54], "36": [37, 39, 55], "37": [39, 55, 43], "38": [44, 47, 48], "39": [55, 43, 17], "40": [9, 17, 49], "41": [4, 5, 57], "43": [9, 17, 49], "44": [47, 48, 49], "45": [10, 49, 48], "46": [10, 49, 17], "47": [48, 49, 17], "48": [49, 17], "49": [17], "50": [57, 62, 63], "51": [55, 43, 33], "52": [46, 71, 2], "53": [8, 46, 10], "54": [44, 47, 48], "55": [43, 9, 17], "56": [40, 4, 5], "58": [13, 15, 60], "59": [58, 60, 13], "60": [17], "61": [63, 42, 67], "64": [40, 43, 9], "66": [17], "67": [42, 17], "68": [42], "69": [66, 72, 75], "70": [40, 43, 4], "71": [20, 46, 62], "72": [75, 66, 65], "73": [65, 75, 17], "74": [67, 68, 42], "75": [65, 17]}, "up": {"2": [59, 6, 35], "4": [43, 55, 40], "5": [43, 55, 39], "6": [59, 7], "8": [12], "9": [0, 11, 14], "10": [16, 49, 48], "13": [0, 11], "15": [0, 11], "18": [51], "19": [51, 26], "20": [45, 44, 38], "21": [18, 51, 19], "22": [24, 19, 51], "23": [19, 24, 51], "24": [51, 26, 25], "25": [26], "28": [3], "32": [7], "35": [7, 59], "38": [59, 7], "40": [55], "41": [70, 64, 37], "42": [65], "44": [11, 0], "45": [40, 43, 55], "46": [54, 38, 59], "47": [0, 11, 60], "48": [14, 16, 60], "49": [16, 14], "50": [28, 3, 29], "52": [1], "54": [38, 59, 7], "56": [36, 34, 37], "57": [5, 4, 43], "59": [7], "60": [14, 0, 16], "61": [74, 36, 37], "62": [5, 43, 4], "63": [5, 67, 4], "64": [39, 37, 36], "67": [66, 75, 72], "68": [66, 75, 72], "70": [64, 37, 39], "71": [30, 1, 32], "74": [66, 72, 75]}}}]}