{"scenes": [{"objects": [{"prefab_path": "WomensCollection/Prefabs/Rearranged/leather_jacket_1", "unique_id": 0, "index": 0, "bbox": [427, 254, 157, 90], "position": [3.0529110431671143, 2.360787868499756, -7.2926788330078125]}, {"prefab_path": "WomensCollection/Prefabs/Rearranged/leather_jacket_1_08", "unique_id": 1, "index": 1, "bbox": [1196, 243, 198, 166], "position": [-0.5980890989303589, 2.2477879524230957, -7.2926788330078125]}, {"prefab_path": "MensCollection/Prefabs/Rearranged/long_coat_10", "unique_id": 2, "index": 2, "bbox": [934, 257, 221, 149], "position": [0.3705466389656067, 2.2692489624023438, -7.309826850891113]}, {"prefab_path": "WomensCollection/Prefabs/Rearranged/blouse_2_1", "unique_id": 3, "index": 3, "bbox": [1738, 334, 147, 83], "position": [-0.880702555179596, 1.620069980621338, -5.274840831756592]}, {"prefab_path": "WomensCollection/Prefabs/Rearranged/dress_4_00", "unique_id": 4, "index": 4, "bbox": [97, 221, 629, 148], "position": [1.4106675386428833, 1.7584353685379028, -5.196783065795898]}, {"prefab_path": "1514019/Rearranged/Sport_Pants", "unique_id": 5, "index": 5, "bbox": [213, 444, 165, 26], "position": [5.100466251373291, 0.8820520639419556, -7.353848934173584]}, {"prefab_path": "1514019/Rearranged/Jeans_Blue_V2", "unique_id": 6, "index": 6, "bbox": [277, 440, 186, 74], "position": [4.266709327697754, 1.672162413597107, -7.354883193969727]}, {"prefab_path": "1514019/Rearranged/Jeans_Blue_V2", "unique_id": 6, "index": 7, "bbox": [378, 441, 197, 79], "position": [3.496708869934082, 1.672162413597107, -7.354883193969727]}, {"prefab_path": "1514019/Rearranged/Jeans_Blue_V4", "unique_id": 7, "index": 8, "bbox": [508, 444, 152, 77], "position": [2.6597087383270264, 0.8563895225524902, -7.354883193969727]}, {"prefab_path": "WomensCollection/Prefabs/Rearranged/blouse_2_08 1", "unique_id": 8, "index": 9, "bbox": [1155, 350, 360, 53], "position": [-0.30270275473594666, 1.620070219039917, -5.274840354919434]}, {"prefab_path": "1498649_store/Prefabs/_itog039", "unique_id": 9, "index": 10, "bbox": [1385, 151, 764, 495], "position": [-0.5106937289237976, 1.6188119649887085, -4.742765426635742]}, {"prefab_path": "WomensCollection/Prefabs/Rearranged/hanging_dress_1_12", "unique_id": 10, "index": 11, "bbox": [217, 313, 513, 135], "position": [1.466736078262329, 1.7863454818725586, -5.320819854736328]}, {"prefab_path": "1498649_store/Prefabs/_itog039", "unique_id": 9, "index": 12, "bbox": [475, 217, 698, 494], "position": [-0.11569365113973618, 1.6188119649887085, -4.742765426635742]}, {"prefab_path": "1498649_store/Prefabs/_itog039", "unique_id": 9, "index": 13, "bbox": [1012, 189, 726, 193], "position": [-0.31069380044937134, 1.6188119649887085, -4.742765426635742]}, {"prefab_path": "WomensCollection/Prefabs/Rearranged/dress_4_00", "unique_id": 4, "index": 14, "bbox": [1, 362, 553, 216], "position": [1.1386626958847046, 1.627435326576233, -4.870426177978516]}, {"prefab_path": "WomensCollection/Prefabs/Rearranged/blouse_01_62", "unique_id": 11, "index": 15, "bbox": [951, 376, 539, 96], "position": [-0.11567847430706024, 1.6184489727020264, -5.275911331176758]}, {"prefab_path": "WomensCollection/Prefabs/Rearranged/blouse_01_07", "unique_id": 12, "index": 16, "bbox": [1254, 493, 229, 40], "position": [-0.5996787548065186, 1.3024487495422363, -7.28891134262085]}, {"prefab_path": "1498649_store/Prefabs/_itog056", "unique_id": 13, "index": 17, "bbox": [1287, 300, 615, 125], "position": [-0.5106936693191528, 1.6188119649887085, -5.2767653465271]}], "relationships": {"right": {"0": [2, 1, 16], "2": [1], "4": [15, 9, 17], "5": [8, 7, 16], "6": [7, 0, 8], "7": [2, 16, 1], "8": [16, 2, 1], "9": [17, 3], "11": [15, 9, 17], "12": [13, 10, 3], "13": [10, 3], "14": [15, 9, 17], "15": [9, 17, 3], "17": [3]}, "left": {"0": [6], "1": [2, 0, 11], "2": [0, 7, 6], "3": [17, 9, 15], "7": [6, 5], "8": [5, 6], "9": [15, 14, 4], "10": [13, 12, 14], "12": [14, 4], "13": [12, 14, 4], "15": [14, 4, 11], "16": [8, 11, 7], "17": [9, 15, 14]}, "down": {"0": [8, 7], "1": [16]}, "up": {"8": [0], "16": [1], "7": [0]}}}]}