{"scenes": [{"objects": [{"prefab_path": "1208725/Jacket_blue", "unique_id": 0, "index": 0, "bbox": [1908, 36, 373, 210], "position": [-2.8737735748291016, 0.05314898490905762, -2.763862371444702]}, {"prefab_path": "1514019/Rearranged/Jean_Jacket", "unique_id": 1, "index": 1, "bbox": [217, 32, 481, 325], "position": [-0.41586220264434814, 1.3029627799987793, -0.02573835849761963]}, {"prefab_path": "MensCollection/Prefabs/Rearranged/jacket_4_09", "unique_id": 2, "index": 2, "bbox": [1046, 179, 236, 67], "position": [-0.3148883879184723, 1.8144785165786743, -2.198608160018921]}, {"prefab_path": "MensCollection/Prefabs/Rearranged/jacket_3_02", "unique_id": 3, "index": 3, "bbox": [1084, 176, 238, 36], "position": [-2.462185859680176, -2.788418769836426, -7.578826904296875]}, {"prefab_path": "MensCollection/Prefabs/Rearranged/jacket_3_06", "unique_id": 4, "index": 4, "bbox": [1114, 171, 243, 43], "position": [-2.869236946105957, -0.7599024772644043, 0.3936777114868164]}, {"prefab_path": "870230/hoodie04", "unique_id": 5, "index": 5, "bbox": [1197, 164, 229, 175], "position": [-1.12263822555542, 2.065037488937378, -2.218021869659424]}, {"prefab_path": "MensCollection/Prefabs/Rearranged/shirt_mannequin_1_02", "unique_id": 6, "index": 6, "bbox": [98, 155, 352, 117], "position": [1.0329567193984985, 1.664883017539978, -0.026473164558410645]}, {"prefab_path": "MensCollection/Prefabs/Rearranged/sweater_02", "unique_id": 7, "index": 7, "bbox": [119, 102, 427, 262], "position": [0.2986946105957031, 1.636716365814209, -0.026324406266212463]}, {"prefab_path": "MensCollection/Prefabs/Rearranged/jacket_3_06", "unique_id": 4, "index": 8, "bbox": [1022, 187, 226, 54], "position": [-2.4542369842529297, -0.7599018812179565, 0.3976774215698242]}, {"prefab_path": "1514019/Rearranged/Jacket_Grey", "unique_id": 8, "index": 9, "bbox": [268, 1, 788, 757], "position": [-1.1058598756790161, 1.1859416961669922, -0.025738388299942017]}, {"prefab_path": "MensCollection/Prefabs/Rearranged/jacket_4_05", "unique_id": 9, "index": 10, "bbox": [1, 424, 25, 17], "position": [1.1066908836364746, 1.1438990831375122, -0.27583974599838257]}, {"prefab_path": "MensCollection/Prefabs/Rearranged/jacket_3_06", "unique_id": 4, "index": 11, "bbox": [46, 424, 24, 10], "position": [6.792590141296387, -1.8049025535583496, 2.2923264503479004]}, {"prefab_path": "MensCollection/Prefabs/Rearranged/jacket_3_02", "unique_id": 3, "index": 12, "bbox": [90, 424, 23, 13], "position": [0.7029809951782227, -3.833418607711792, 4.470729827880859]}, {"prefab_path": "MensCollection/Prefabs/Rearranged/jacket_4_05", "unique_id": 9, "index": 13, "bbox": [15, 426, 69, 51], "position": [6.242898941040039, 1.1438984870910645, -1.5781867504119873]}, {"prefab_path": "MensCollection/Prefabs/Rearranged/polo shirt 04", "unique_id": 10, "index": 14, "bbox": [63, 444, 48, 32], "position": [3.6659493446350098, 0.8042277097702026, -0.029859935864806175]}, {"prefab_path": "clothing_store/models/prefab/trousers_3", "unique_id": 11, "index": 15, "bbox": [1042, 449, 221, 109], "position": [-0.34700000286102295, 0.23014092445373535, -2.2209999561309814]}, {"prefab_path": "1514019/Rearranged/Jeans_Blue_V2", "unique_id": 12, "index": 16, "bbox": [1224, 461, 298, 111], "position": [-1.122583031654358, 1.0603034496307373, -2.1808834075927734]}, {"prefab_path": "1514019/Rearranged/Jeans_Blue_V3", "unique_id": 13, "index": 17, "bbox": [1941, 498, 290, 177], "position": [-2.89815616607666, 0.246657133102417, -2.2378833293914795]}], "relationships": {"left": {"0": [15, 16, 10], "1": [6, 14, 11], "2": [14, 10, 6], "3": [11, 13, 14], "4": [8, 12, 11], "5": [2, 6, 10], "6": [14, 11], "7": [6, 14, 11], "8": [11, 12], "9": [1, 7, 6], "10": [14, 11], "14": [11], "15": [14, 10, 11], "16": [10, 14, 6], "17": [10, 1, 15]}, "right": {"1": [9, 17, 0], "2": [5], "6": [7, 1, 5], "7": [9, 5, 16], "8": [4], "9": [17, 0], "10": [16, 17, 5], "11": [0, 15, 17], "12": [4, 8], "13": [2, 15, 16], "14": [15, 16, 2], "15": [0, 17], "16": [0]}, "down": {"9": [8], "2": [15], "5": [16, 15], "6": [10]}, "up": {"8": [9], "16": [5], "10": [6], "15": [2, 5]}}}]}