{"scenes": [{"objects": [{"prefab_path": "MensCollection/Prefabs/Rearranged/jacket_4_05", "unique_id": 0, "index": 0, "bbox": [654, 118, 234, 77], "position": [6.058154106140137, 2.6888985633850098, -7.839831352233887]}, {"prefab_path": "MensCollection/Prefabs/Rearranged/jacket_2_03", "unique_id": 1, "index": 1, "bbox": [701, 97, 258, 82], "position": [4.645814895629883, -0.8134727478027344, -8.730716705322266]}, {"prefab_path": "MensCollection/Prefabs/Rearranged/shirt_hung_up 1", "unique_id": 2, "index": 2, "bbox": [1124, 1, 428, 310], "position": [0.37301570177078247, 2.2353310585021973, -7.288100242614746]}, {"prefab_path": "1498649_store/Prefabs/_itog015", "unique_id": 3, "index": 3, "bbox": [561, 193, 148, 38], "position": [4.856765270233154, 2.3208117485046387, -7.300693988800049]}, {"prefab_path": "WomensCollection/Prefabs/Rearranged/dress2_", "unique_id": 4, "index": 4, "bbox": [1, 250, 341, 83], "position": [3.344604253768921, 1.7373772859573364, -5.196816444396973]}, {"prefab_path": "WomensCollection/Prefabs/Rearranged/dress2_29", "unique_id": 5, "index": 5, "bbox": [55, 255, 340, 115], "position": [3.3856043815612793, 1.6006742715835571, -5.40364408493042]}, {"prefab_path": "1514019/Rearranged/Jeans_Blue_V4", "unique_id": 6, "index": 6, "bbox": [559, 353, 154, 44], "position": [5.1037092208862305, 0.8563895225524902, -7.354883193969727]}, {"prefab_path": "1514019/Rearranged/Jeans_Blue_V3", "unique_id": 7, "index": 7, "bbox": [597, 356, 176, 51], "position": [4.266709327697754, 0.8585162162780762, -7.354883193969727]}, {"prefab_path": "WomensCollection/Prefabs/Rearranged/dress_4_04", "unique_id": 8, "index": 8, "bbox": [7, 333, 284, 109], "position": [4.019318580627441, 1.4612044095993042, -5.103014945983887]}, {"prefab_path": "clothing_store/models/prefab/trousers", "unique_id": 9, "index": 9, "bbox": [638, 357, 208, 75], "position": [3.496999979019165, 0.8420000076293945, -7.349999904632568]}, {"prefab_path": "1514019/Rearranged/Jeans_Grey", "unique_id": 10, "index": 10, "bbox": [710, 370, 232, 69], "position": [2.6597087383270264, 0.8821280002593994, -7.354883193969727]}], "relationships": {"down": {"0": [6, 1], "3": [7, 6, 9]}, "up": {"1": [0, 3], "9": [3], "6": [3, 0], "7": [3]}, "left": {"9": [8], "2": [4, 5, 8], "10": [8, 5, 4], "5": [8]}, "right": {"8": [5, 10, 9], "4": [2, 10], "5": [10, 2]}}}]}