{"scenes": [{"objects": [{"prefab_path": "WomensCollection/Prefabs/Rearranged/blouse_2_29", "unique_id": 0, "index": 0, "bbox": [557, 346, 149, 32], "position": [4.38392972946167, 2.368621349334717, -2.2128703594207764]}, {"prefab_path": "MensCollection/Prefabs/Rearranged/shirt_hung_up06", "unique_id": 1, "index": 1, "bbox": [589, 310, 200, 47], "position": [3.2394862174987793, 1.3084614276885986, -2.366936683654785]}, {"prefab_path": "1498649_store/Prefabs/_itog039", "unique_id": 2, "index": 2, "bbox": [888, 349, 371, 81], "position": [1.1017653942108154, 1.8418116569519043, -2.220693349838257]}, {"prefab_path": "WomensCollection/Prefabs/Rearranged/blouse_2_15", "unique_id": 3, "index": 3, "bbox": [1014, 339, 447, 108], "position": [0.6522972583770752, 1.8430695533752441, -2.2188401222229004]}, {"prefab_path": "MensCollection/Prefabs/Rearranged/long_coat_10 1", "unique_id": 4, "index": 4, "bbox": [1125, 238, 677, 237], "position": [0.9054705500602722, 1.4082798957824707, -0.04540061950683594]}, {"prefab_path": "1498649_store/Prefabs/_itog031", "unique_id": 5, "index": 5, "bbox": [1519, 193, 806, 198], "position": [-0.15069369971752167, 1.8418116569519043, -2.2237656116485596]}, {"prefab_path": "1498649_store/Prefabs/_itog017", "unique_id": 6, "index": 6, "bbox": [1707, 148, 854, 177], "position": [-0.2986936867237091, 1.8418116569519043, -2.2177655696868896]}, {"prefab_path": "WomensCollection/Prefabs/Rearranged/dress_4_", "unique_id": 7, "index": 7, "bbox": [538, 507, 206, 25], "position": [4.983198642730713, 1.337825894355774, -2.2572858333587646]}, {"prefab_path": "WomensCollection/Prefabs/Rearranged/dress_4_00", "unique_id": 8, "index": 8, "bbox": [565, 513, 212, 31], "position": [4.349390029907227, 1.3620569705963135, -2.246058464050293]}, {"prefab_path": "WomensCollection/Prefabs/Rearranged/dress_3_", "unique_id": 9, "index": 9, "bbox": [598, 515, 237, 35], "position": [3.738457202911377, 1.3369150161743164, -2.246000051498413]}, {"prefab_path": "WomensCollection/Prefabs/Rearranged/blouse_2_15", "unique_id": 3, "index": 10, "bbox": [1207, 327, 566, 160], "position": [0.25629723072052, 1.8017897605895996, -2.2208402156829834]}, {"prefab_path": "WomensCollection/Prefabs/Rearranged/dress2_30", "unique_id": 10, "index": 11, "bbox": [1, 732, 270, 47], "position": [2.687000036239624, 0.8810000419616699, -0.4300000071525574]}, {"prefab_path": "clothing_store/models/prefab/trousers_5", "unique_id": 11, "index": 12, "bbox": [856, 802, 201, 112], "position": [1.128000020980835, 0.2301410436630249, -2.175999879837036]}], "relationships": {"down": {"0": [8, 7, 9], "10": [12], "2": [12], "3": [12]}, "left": {"2": [11], "3": [11, 4], "5": [4, 11], "6": [4, 11], "10": [4, 11], "12": [11]}, "right": {"11": [12, 2, 3], "4": [6, 5, 10]}, "up": {"8": [0], "9": [0], "12": [2, 3, 10], "7": [0]}}}]}