{"scenes": [{"objects": [{"prefab_path": "MensCollection/Prefabs/Rearranged/jacket_3_06", "unique_id": 0, "index": 0, "bbox": [1367, 300, 14, 7], "position": [-5.895236968994141, -0.7599018812179565, 12.818462371826172]}, {"prefab_path": "MensCollection/Prefabs/Rearranged/long_coat_10", "unique_id": 1, "index": 1, "bbox": [1327, 249, 116, 48], "position": [-3.736424446105957, 2.2962276935577393, 10.192062377929688]}, {"prefab_path": "MensCollection/Prefabs/Rearranged/jacket_2_03", "unique_id": 2, "index": 2, "bbox": [1278, 307, 96, 32], "position": [-5.8897175788879395, -1.304472804069519, 8.1079683303833]}, {"prefab_path": "870230/hoodie04", "unique_id": 3, "index": 3, "bbox": [1262, 316, 80, 47], "position": [-4.655022144317627, 2.065037727355957, 10.192423820495605]}, {"prefab_path": "MensCollection/Prefabs/Rearranged/jacket_3_06", "unique_id": 0, "index": 4, "bbox": [1244, 309, 88, 23], "position": [-7.746676445007324, -0.7559021711349487, 7.882547378540039]}, {"prefab_path": "870230/hoodie04", "unique_id": 3, "index": 5, "bbox": [1289, 314, 85, 24], "position": [-4.21602201461792, 2.065037488937378, 10.199423789978027]}, {"prefab_path": "870230/hoodie03", "unique_id": 4, "index": 6, "bbox": [1343, 310, 96, 30], "position": [-3.4737460613250732, 2.0649633407592773, 10.202938079833984]}, {"prefab_path": "MensCollection/Prefabs/Rearranged/long_coat_10 1", "unique_id": 5, "index": 7, "bbox": [1398, 292, 135, 49], "position": [-5.069012641906738, 1.4082798957824707, 10.776411056518555]}, {"prefab_path": "MensCollection/Prefabs/Rearranged/long_coat_10 1", "unique_id": 5, "index": 8, "bbox": [1646, 267, 202, 121], "position": [1.0746877193450928, 1.4082798957824707, 9.609992980957031]}, {"prefab_path": "870230/hoodie03", "unique_id": 4, "index": 9, "bbox": [1783, 276, 185, 90], "position": [-0.5877461433410645, 2.0649633407592773, 10.200937271118164]}, {"prefab_path": "MensCollection/Prefabs/Rearranged/long_coat_10 1", "unique_id": 5, "index": 10, "bbox": [1832, 250, 244, 81], "position": [0.1297919750213623, 1.4082798957824707, 12.369473457336426]}, {"prefab_path": "MensCollection/Prefabs/Rearranged/long_coat_06", "unique_id": 6, "index": 11, "bbox": [1872, 246, 254, 102], "position": [0.4559074640274048, 0.6689841747283936, 11.103853225708008]}, {"prefab_path": "1208725/Jacket_blue", "unique_id": 7, "index": 12, "bbox": [1936, 258, 227, 96], "position": [-0.7368624210357666, 0.05314898490905762, 10.172557830810547]}, {"prefab_path": "clothing_store/models/prefab/trousers_5", "unique_id": 8, "index": 13, "bbox": [1242, 414, 64, 22], "position": [-5.106999397277832, 0.23014092445373535, 10.119891166687012]}, {"prefab_path": "MensCollection/Prefabs/Rearranged/jacket_4_05", "unique_id": 9, "index": 14, "bbox": [742, 457, 20, 12], "position": [-3.3350961208343506, 1.1438990831375122, 2.284674644470215]}, {"prefab_path": "MensCollection/Prefabs/Rearranged/long_coat_12", "unique_id": 10, "index": 15, "bbox": [742, 449, 19, 16], "position": [-3.033041000366211, -0.5723292231559753, 6.2204108238220215]}, {"prefab_path": "MensCollection/Prefabs/Rearranged/jacket_2_03", "unique_id": 2, "index": 16, "bbox": [762, 454, 19, 10], "position": [-0.5794711112976074, -2.349472999572754, 5.762195110321045]}, {"prefab_path": "MensCollection/Prefabs/Rearranged/jacket_1", "unique_id": 11, "index": 17, "bbox": [832, 450, 18, 12], "position": [-4.1442646980285645, -2.089653491973877, 5.305954933166504]}, {"prefab_path": "MensCollection/Prefabs/Rearranged/jacket_2_06", "unique_id": 12, "index": 18, "bbox": [816, 451, 20, 11], "position": [-1.6211819648742676, -3.146559000015259, 1.3974952697753906]}, {"prefab_path": "MensCollection/Prefabs/Rearranged/long_coat_06", "unique_id": 6, "index": 19, "bbox": [803, 443, 20, 13], "position": [-3.639145612716675, -0.376015841960907, 6.721140384674072]}, {"prefab_path": "MensCollection/Prefabs/Rearranged/jacket_3_02", "unique_id": 13, "index": 20, "bbox": [1177, 454, 9, 8], "position": [2.984422206878662, -3.83341908454895, 9.972288131713867]}, {"prefab_path": "MensCollection/Prefabs/Rearranged/long_coat_10 1", "unique_id": 5, "index": 21, "bbox": [1240, 447, 22, 16], "position": [-2.306389331817627, 0.36327970027923584, 10.436107635498047]}, {"prefab_path": "MensCollection/Prefabs/Rearranged/long_coat_06", "unique_id": 6, "index": 22, "bbox": [1239, 457, 23, 12], "position": [-2.7884840965270996, -0.376015841960907, 8.74313735961914]}, {"prefab_path": "MensCollection/Prefabs/Rearranged/long_coat_10 1", "unique_id": 5, "index": 23, "bbox": [1195, 452, 20, 10], "position": [-4.55628776550293, 0.3219999074935913, 8.53907585144043]}, {"prefab_path": "MensCollection/Prefabs/Rearranged/long_coat_10", "unique_id": 1, "index": 24, "bbox": [1209, 444, 20, 3], "position": [-2.3862600326538086, 0.8372488021850586, 8.016880989074707]}, {"prefab_path": "1514019/Rearranged/Sport_Pants", "unique_id": 14, "index": 25, "bbox": [1287, 424, 67, 24], "position": [-4.3703837394714355, 0.2701929807662964, 10.1698579788208]}, {"prefab_path": "MensCollection/Prefabs/Rearranged/jacket_2_03", "unique_id": 2, "index": 26, "bbox": [1255, 464, 24, 18], "position": [-4.442269325256348, -2.3494725227355957, 8.322813034057617]}, {"prefab_path": "MensCollection/Prefabs/Rearranged/jacket_3_06", "unique_id": 0, "index": 27, "bbox": [1263, 460, 21, 17], "position": [-2.532599449157715, -1.8049027919769287, 11.620647430419922]}, {"prefab_path": "clothing_store/models/prefab/trousers", "unique_id": 15, "index": 28, "bbox": [1336, 429, 69, 34], "position": [-3.613412857055664, 0.23014092445373535, 10.155158042907715]}, {"prefab_path": "1514019/Rearranged/Jeans_Blue", "unique_id": 16, "index": 29, "bbox": [1395, 442, 84, 47], "position": [-2.897573709487915, 0.24459731578826904, 10.147927284240723]}, {"prefab_path": "MensCollection/Prefabs/Rearranged/long_coat_12", "unique_id": 10, "index": 30, "bbox": [700, 454, 190, 101], "position": [-1.9937217235565186, -0.5723289847373962, 4.852659225463867]}, {"prefab_path": "MensCollection/Prefabs/Rearranged/jacket_2_06", "unique_id": 12, "index": 31, "bbox": [798, 462, 173, 54], "position": [-7.224922180175781, -3.146559476852417, 5.159085750579834]}, {"prefab_path": "MensCollection/Prefabs/Rearranged/long_coat_12", "unique_id": 10, "index": 32, "bbox": [797, 450, 183, 81], "position": [-2.8909003734588623, -0.5723287463188171, 4.857914447784424]}, {"prefab_path": "MensCollection/Prefabs/Rearranged/long_coat_10 1", "unique_id": 5, "index": 33, "bbox": [1129, 451, 169, 94], "position": [-3.5609960556030273, 0.36328017711639404, 5.917787551879883]}, {"prefab_path": "clothing_store/models/prefab/cap_4", "unique_id": 17, "index": 34, "bbox": [1285, 486, 29, 61], "position": [-1.3110499382019043, 1.238464593887329, 8.018065452575684]}, {"prefab_path": "clothing_store/models/prefab/cap", "unique_id": 18, "index": 35, "bbox": [1335, 497, 30, 41], "position": [-1.0737088918685913, 1.238464593887329, 8.004642486572266]}, {"prefab_path": "1514019/Rearranged/Hat_NY_PD", "unique_id": 19, "index": 36, "bbox": [1365, 497, 45, 60], "position": [0.08391869068145752, 0.4020349979400635, 8.012838363647461]}, {"prefab_path": "clothing_store/models/prefab/cap_2", "unique_id": 20, "index": 37, "bbox": [109, 564, 45, 87], "position": [-1.3110499382019043, 1.238464593887329, 3.834280014038086]}, {"prefab_path": "870230/hoodie03", "unique_id": 4, "index": 38, "bbox": [731, 474, 166, 58], "position": [-2.688000440597534, 1.0199635028839111, 5.444812297821045]}, {"prefab_path": "MensCollection/Prefabs/Rearranged/jacket_3_02", "unique_id": 13, "index": 39, "bbox": [780, 462, 192, 30], "position": [2.6974124908447266, -3.83341908454895, 3.5312604904174805]}, {"prefab_path": "MensCollection/Prefabs/Rearranged/jacket_3_06", "unique_id": 0, "index": 40, "bbox": [1138, 461, 178, 73], "position": [-4.481104850769043, -1.8049025535583496, 10.260197639465332]}, {"prefab_path": "MensCollection/Prefabs/Rearranged/jacket_3_02", "unique_id": 13, "index": 41, "bbox": [1175, 463, 191, 44], "position": [-0.9259231090545654, -3.833418130874634, 2.120659828186035]}, {"prefab_path": "870230/hoodie03", "unique_id": 4, "index": 42, "bbox": [1210, 477, 171, 29], "position": [-1.9100005626678467, 1.0199635028839111, 7.8495965003967285]}, {"prefab_path": "1514019/Rearranged/Shoes_Preppy", "unique_id": 21, "index": 43, "bbox": [1348, 553, 12, 5], "position": [-4.293466567993164, 0.9293829202651978, 10.088190078735352]}, {"prefab_path": "clothing_store/models/prefab/cap_3", "unique_id": 22, "index": 44, "bbox": [1449, 540, 44, 105], "position": [-0.3989103436470032, 1.238464593887329, 7.930302619934082]}, {"prefab_path": "1514019/Rearranged/Jeans_Blue", "unique_id": 16, "index": 45, "bbox": [1649, 485, 132, 94], "position": [-1.1220006942749023, 0.24459731578826904, 10.205737113952637]}, {"prefab_path": "clothing_store/models/prefab/cap_4", "unique_id": 17, "index": 46, "bbox": [1, 623, 44, 35], "position": [-0.8517775535583496, 1.2384647130966187, 3.852278709411621]}, {"prefab_path": "1514019/Rearranged/Hat_NY_PD", "unique_id": 19, "index": 47, "bbox": [8, 572, 73, 129], "position": [-1.9878513813018799, 0.4020347595214844, 4.021882057189941]}, {"prefab_path": "clothing_store/models/prefab/cap_2", "unique_id": 20, "index": 48, "bbox": [1540, 573, 54, 111], "position": [-0.025700092315673828, 1.2400000095367432, 7.9725847244262695]}, {"prefab_path": "clothing_store/models/prefab/trousers_4", "unique_id": 23, "index": 49, "bbox": [1821, 513, 180, 169], "position": [-0.34700000286102295, 0.23014092445373535, 10.155158042907715]}, {"prefab_path": "clothing_store/models/prefab/cap_5", "unique_id": 24, "index": 50, "bbox": [1746, 636, 72, 142], "position": [0.41537535190582275, 1.238464593887329, 7.932512283325195]}, {"prefab_path": "1514019/Rearranged/Sneakers_3", "unique_id": 25, "index": 51, "bbox": [1262, 687, 64, 86], "position": [-1.2232661247253418, 1.120221495628357, 7.806164741516113]}, {"prefab_path": "1514019/Rearranged/Hat_NY_PD", "unique_id": 19, "index": 52, "bbox": [1980, 698, 90, 117], "position": [1.7186505794525146, 0.4020347595214844, 7.92021369934082]}, {"prefab_path": "1514019/Rearranged/Shoes_Preppy", "unique_id": 21, "index": 53, "bbox": [1283, 752, 30, 31], "position": [-1.809363842010498, 0.929874837398529, 7.817526817321777]}], "relationships": {"left": {"0": [4, 2, 31], "1": [33, 38, 14], "2": [31], "3": [33, 14], "5": [33, 38, 14], "6": [33, 38, 14], "7": [33, 14], "8": [50, 46, 48], "9": [34, 35, 51], "10": [35, 34, 51], "11": [47, 36, 44], "12": [47, 30, 32], "13": [23, 2, 33], "15": [32, 14], "16": [18, 41], "19": [14], "20": [39, 41, 18], "21": [33, 22, 24], "22": [19, 15, 33], "23": [33, 14], "24": [38, 33, 14], "25": [23, 19, 33], "26": [17, 31], "27": [17, 26, 19], "28": [23, 19, 33], "29": [33, 19, 22], "30": [14], "32": [14], "33": [14], "34": [14, 38, 47], "35": [51, 14, 47], "36": [37, 46, 47], "37": [14], "38": [14], "40": [26, 2, 17], "42": [38, 14, 47], "43": [23, 33, 19], "44": [37, 46, 47], "45": [53, 42, 38], "47": [14], "48": [37, 46, 47], "49": [47, 30, 51], "50": [46, 37, 47], "51": [14, 38, 47], "52": [46, 37, 47], "53": [38, 14, 47]}, "down": {"1": [28, 43, 29], "3": [25, 40, 43], "5": [43, 25, 28], "6": [28, 29, 25], "7": [40, 13, 25], "8": [20], "9": [49, 12, 45], "10": [20], "11": [20], "13": [40, 26], "14": [18, 41], "21": [27], "23": [26], "25": [40, 26], "28": [40], "29": [27], "33": [15, 17], "34": [16], "35": [16], "37": [41, 16, 18], "38": [32, 30, 15], "42": [16], "43": [25, 40, 26], "44": [36, 16, 20], "46": [41, 16, 18], "47": [41, 18], "48": [36, 16, 20], "49": [20], "50": [36, 16, 20], "51": [16], "52": [20], "53": [16]}, "right": {"2": [40, 0, 13], "4": [0], "8": [10], "9": [10], "12": [10], "14": [42, 53, 38], "15": [22, 21, 45], "16": [20, 49, 12], "17": [27, 26, 40], "18": [16, 20, 36], "19": [22, 29, 21], "22": [21, 29, 45], "23": [25, 28, 43], "24": [21, 45, 29], "26": [40, 27], "30": [12, 49, 45], "31": [40, 2, 26], "32": [15, 45, 12], "33": [21, 29, 24], "34": [10, 9, 11], "35": [10, 9, 11], "36": [11, 49, 8], "37": [48, 44, 50], "38": [42, 53, 24], "39": [20], "41": [20, 16, 36], "42": [45, 10, 12], "44": [11, 10, 8], "45": [10], "46": [50, 8, 48], "47": [49, 11, 12], "48": [8, 11, 10], "49": [11, 10], "50": [8, 11, 10], "51": [35, 10, 11], "53": [45, 10, 12]}, "up": {"12": [9], "13": [3, 7, 5], "15": [33, 38], "16": [38, 46, 51], "17": [33, 38], "18": [14, 37, 47], "20": [8, 52, 11], "21": [6, 1], "22": [6, 1, 5], "25": [43, 3, 5], "26": [23, 43, 3], "27": [21, 29, 6], "28": [1, 6, 5], "29": [6, 1, 5], "30": [38], "32": [38], "36": [48, 50, 44], "39": [46, 37], "40": [3, 25, 43], "41": [37, 46, 47], "43": [5, 3, 1], "45": [9], "49": [9]}}}]}