{"scenes": [{"objects": [{"prefab_path": "MensCollection/Prefabs/Rearranged/jacket_3_06", "unique_id": 0, "index": 0, "bbox": [792, 203, 16, 7], "position": [-6.961236953735352, -0.7599024772644043, 4.858677387237549]}, {"prefab_path": "MensCollection/Prefabs/Rearranged/long_coat_12", "unique_id": 1, "index": 1, "bbox": [1293, 130, 234, 144], "position": [-1.92559814453125, 0.4726707935333252, 1.840216875076294]}, {"prefab_path": "MensCollection/Prefabs/Rearranged/shirt_hung_up 1", "unique_id": 2, "index": 2, "bbox": [1474, 129, 220, 38], "position": [-0.5921000838279724, 1.8483308553695679, 2.2419841289520264]}, {"prefab_path": "MensCollection/Prefabs/Rearranged/jacket_1", "unique_id": 3, "index": 3, "bbox": [1512, 108, 251, 39], "position": [-1.6888737678527832, -1.0446534156799316, 2.1258351802825928]}, {"prefab_path": "MensCollection/Prefabs/Rearranged/jacket_2_03", "unique_id": 4, "index": 4, "bbox": [1549, 106, 244, 55], "position": [-1.7677173614501953, -1.304472804069519, 0.15418529510498047]}, {"prefab_path": "MensCollection/Prefabs/Rearranged/jacket_4_05", "unique_id": 5, "index": 5, "bbox": [1573, 97, 263, 84], "position": [-0.742831826210022, 2.1888985633850098, -0.7611551284790039]}, {"prefab_path": "1208725/Jacket_gray", "unique_id": 6, "index": 6, "bbox": [1708, 100, 245, 93], "position": [-0.38562655448913574, 0.05311131477355957, 2.8507583141326904]}, {"prefab_path": "MensCollection/Prefabs/Rearranged/long_coat_06", "unique_id": 7, "index": 7, "bbox": [1739, 71, 299, 103], "position": [1.0649075508117676, 0.6689841747283936, 3.1470694541931152]}, {"prefab_path": "MensCollection/Prefabs/Rearranged/long_coat_12", "unique_id": 1, "index": 8, "bbox": [1806, 63, 308, 98], "position": [0.8247826099395752, 0.4726707935333252, 1.4194016456604004]}, {"prefab_path": "clothing_store/models/prefab/T_shirt_9", "unique_id": 8, "index": 9, "bbox": [1876, 64, 289, 128], "position": [0.578000009059906, 1.4249999523162842, 2.242999792098999]}, {"prefab_path": "MensCollection/Prefabs/Rearranged/jacket_1", "unique_id": 3, "index": 10, "bbox": [722, 216, 134, 36], "position": [-5.0138349533081055, -1.0819330215454102, 0.9981265068054199]}, {"prefab_path": "MensCollection/Prefabs/Rearranged/jacket_2_03", "unique_id": 4, "index": 11, "bbox": [774, 223, 121, 31], "position": [-5.983717441558838, -1.304472804069519, 0.14818525314331055]}, {"prefab_path": "clothing_store/models/prefab/T_shirt_5", "unique_id": 9, "index": 12, "bbox": [783, 203, 139, 46], "position": [-4.452000141143799, 1.4249999523162842, 2.246999979019165]}, {"prefab_path": "MensCollection/Prefabs/Rearranged/long_coat_10 1", "unique_id": 10, "index": 13, "bbox": [798, 196, 157, 39], "position": [-3.7432079315185547, 1.4082798957824707, 4.421688079833984]}, {"prefab_path": "1208725/Jacket_blue", "unique_id": 11, "index": 14, "bbox": [814, 219, 121, 21], "position": [-4.759862422943115, 0.05314898490905762, 2.219773292541504]}, {"prefab_path": "clothing_store/models/prefab/T_shirt_4", "unique_id": 12, "index": 15, "bbox": [843, 195, 149, 55], "position": [-3.921999931335449, 1.4249999523162842, 2.236999988555908]}, {"prefab_path": "MensCollection/Prefabs/Rearranged/polo shirt 48", "unique_id": 13, "index": 16, "bbox": [859, 207, 123, 62], "position": [-3.809678554534912, 1.905760407447815, 2.242088794708252]}, {"prefab_path": "870230/hoodie09", "unique_id": 14, "index": 17, "bbox": [922, 195, 139, 16], "position": [-3.3381409645080566, 2.0665478706359863, 2.2442476749420166]}, {"prefab_path": "870230/hoodie04", "unique_id": 15, "index": 18, "bbox": [900, 197, 137, 27], "position": [-3.4800219535827637, 2.065037488937378, 2.245637893676758]}, {"prefab_path": "MensCollection/Prefabs/Rearranged/long_coat_10", "unique_id": 16, "index": 19, "bbox": [974, 172, 185, 76], "position": [-2.892778158187866, 1.8822486400604248, 2.2210073471069336]}, {"prefab_path": "1514019/Rearranged/Jeans_Blue_V4", "unique_id": 17, "index": 20, "bbox": [725, 369, 61, 36], "position": [-5.106708526611328, 0.24453043937683105, 2.1709887981414795]}, {"prefab_path": "clothing_store/models/prefab/trousers_3", "unique_id": 18, "index": 21, "bbox": [885, 372, 55, 54], "position": [-3.613412857055664, 0.23014092445373535, 2.201373815536499]}, {"prefab_path": "MensCollection/Prefabs/Rearranged/long_coat_06", "unique_id": 7, "index": 22, "bbox": [731, 392, 46, 27], "position": [-3.280669689178467, -0.41729575395584106, 0.7864073514938354]}, {"prefab_path": "MensCollection/Prefabs/Rearranged/long_coat_10", "unique_id": 16, "index": 23, "bbox": [683, 384, 56, 52], "position": [-2.1804139614105225, 0.8372488021850586, -0.24939727783203125]}, {"prefab_path": "MensCollection/Prefabs/Rearranged/jacket_1", "unique_id": 3, "index": 24, "bbox": [757, 387, 45, 14], "position": [-2.7998123168945312, -2.089653491973877, -1.0871573686599731]}, {"prefab_path": "clothing_store/models/prefab/trousers_3", "unique_id": 18, "index": 25, "bbox": [801, 369, 73, 42], "position": [-4.373917579650879, 0.23014092445373535, 2.2122232913970947]}, {"prefab_path": "MensCollection/Prefabs/Rearranged/jacket_2_06", "unique_id": 19, "index": 26, "bbox": [808, 391, 44, 7], "position": [-0.8431825637817383, -3.146559000015259, -4.1515045166015625]}, {"prefab_path": "MensCollection/Prefabs/Rearranged/jacket_2_03", "unique_id": 4, "index": 27, "bbox": [843, 390, 47, 21], "position": [-2.974766969680786, -2.3494725227355957, -2.196302890777588]}, {"prefab_path": "MensCollection/Prefabs/Rearranged/jacket_1", "unique_id": 3, "index": 28, "bbox": [872, 385, 45, 31], "position": [-3.3619096279144287, -2.089653730392456, 0.14626362919807434]}, {"prefab_path": "870230/hoodie03", "unique_id": 20, "index": 29, "bbox": [850, 422, 50, 157], "position": [-1.9966552257537842, 1.0199635028839111, 0.2162725329399109]}, {"prefab_path": "clothing_store/models/prefab/trousers_3", "unique_id": 18, "index": 30, "bbox": [979, 375, 92, 70], "position": [-2.897865056991577, 0.23014092445373535, 2.189257860183716]}, {"prefab_path": "1514019/Rearranged/Cap", "unique_id": 21, "index": 31, "bbox": [1223, 411, 74, 128], "position": [-3.6164608001708984, 0.4325745105743408, 0.6139182448387146]}, {"prefab_path": "clothing_store/models/prefab/cap_4", "unique_id": 22, "index": 32, "bbox": [1079, 415, 73, 122], "position": [-1.3110499382019043, 1.238464593887329, 0.06428030133247375]}, {"prefab_path": "clothing_store/models/prefab/trousers_2", "unique_id": 23, "index": 33, "bbox": [1282, 385, 225, 126], "position": [-1.1222920417785645, 0.2301410436630249, 2.24706768989563]}, {"prefab_path": "clothing_store/models/prefab/cap", "unique_id": 24, "index": 34, "bbox": [1354, 429, 91, 146], "position": [-0.8517775535583496, 1.2384647130966187, 0.08227899670600891]}, {"prefab_path": "1514019/Rearranged/Hat_NY_PD", "unique_id": 25, "index": 35, "bbox": [1758, 420, 157, 252], "position": [-1.1582658290863037, 0.4020347595214844, 0.5237349271774292]}, {"prefab_path": "1514019/Rearranged/Jeans_Blue_V4", "unique_id": 17, "index": 36, "bbox": [1501, 395, 252, 117], "position": [-0.34670889377593994, 0.24453043937683105, 2.2062571048736572]}, {"prefab_path": "1514019/Rearranged/Jeans_Blue_V2", "unique_id": 26, "index": 37, "bbox": [1733, 402, 291, 151], "position": [0.3692910075187683, 1.0603033304214478, 2.194141387939453]}, {"prefab_path": "MensCollection/Prefabs/Rearranged/jacket_3_06", "unique_id": 0, "index": 38, "bbox": [609, 405, 383, 171], "position": [-4.481104850769043, -1.8049025535583496, 2.3064141273498535]}, {"prefab_path": "MensCollection/Prefabs/Rearranged/jacket_3_06", "unique_id": 0, "index": 39, "bbox": [750, 406, 382, 85], "position": [-5.3153581619262695, -1.8049025535583496, 0.8401646614074707]}, {"prefab_path": "MensCollection/Prefabs/Rearranged/jacket_4_05", "unique_id": 5, "index": 40, "bbox": [804, 402, 386, 127], "position": [0.48570358753204346, 1.1438989639282227, -2.008329391479492]}, {"prefab_path": "MensCollection/Prefabs/Rearranged/jacket_4_09", "unique_id": 27, "index": 41, "bbox": [860, 392, 387, 164], "position": [-1.9055615663528442, 0.7694786190986633, 0.1380312144756317]}, {"prefab_path": "1514019/Rearranged/Jeans_Blue", "unique_id": 28, "index": 42, "bbox": [2038, 413, 316, 59], "position": [1.128291368484497, 0.24459731578826904, 2.251951217651367]}, {"prefab_path": "1208725/Jacket_red", "unique_id": 29, "index": 43, "bbox": [871, 421, 367, 104], "position": [-3.7897534370422363, 1.8819808959960938, 0.8350306153297424]}, {"prefab_path": "clothing_store/models/prefab/sneakers_2", "unique_id": 30, "index": 44, "bbox": [1311, 623, 34, 82], "position": [-1.063675045967102, 0.037972792983055115, 2.1982765197753906]}, {"prefab_path": "clothing_store/models/prefab/sneakers_2", "unique_id": 30, "index": 45, "bbox": [1551, 665, 33, 33], "position": [-0.33875060081481934, 0.03797277808189392, 2.1859521865844727]}], "relationships": {"down": {"1": [3], "2": [45, 36, 44], "5": [4, 24, 27], "9": [37, 42, 45], "10": [39], "12": [25, 38, 14], "13": [38], "14": [38, 39], "15": [21, 25, 38], "16": [15, 21, 25], "17": [21, 30, 25], "18": [21, 30, 25], "19": [30, 21, 1], "20": [38, 39], "21": [38], "22": [28], "23": [4, 24, 28], "25": [38], "29": [41, 4, 24], "31": [28, 22, 24], "32": [35, 4, 24], "33": [44, 3], "34": [4, 24], "35": [4], "36": [45], "40": [26], "41": [4, 24, 28], "43": [31, 22, 28], "44": [3]}, "right": {"1": [33, 7, 44], "2": [9, 7], "3": [6, 7, 42], "4": [42, 8, 7], "6": [7], "10": [3, 6, 30], "11": [10, 3, 39], "12": [15, 19, 2], "14": [21, 30, 6], "15": [19, 2, 7], "16": [17, 19, 2], "17": [2, 7, 9], "18": [17, 19, 2], "19": [2, 7, 9], "20": [14, 25, 21], "21": [30, 6, 33], "22": [45, 44, 6], "23": [41, 8, 32], "24": [4, 42, 8], "25": [21, 30, 6], "27": [8, 42, 7], "28": [3, 45, 42], "29": [8, 35, 37], "30": [6, 33, 44], "31": [36, 7, 1], "32": [34, 8, 9], "33": [6, 36, 45], "34": [8, 9, 37], "35": [8, 42, 37], "36": [7, 42], "37": [7], "38": [3, 6, 7], "39": [38, 3, 6], "41": [8, 35, 42], "43": [2, 19, 9], "44": [6, 45, 36], "45": [7, 42]}, "left": {"1": [31, 22, 43], "2": [43, 19, 17], "3": [11, 10, 22], "4": [24, 11], "6": [33, 44, 1], "7": [31, 1, 36], "8": [35, 41, 23], "9": [2, 29, 43], "10": [11], "14": [20], "15": [12], "17": [18, 16], "19": [18, 16, 15], "21": [25, 14, 20], "22": [11], "25": [20], "28": [11], "30": [21, 25, 14], "32": [23], "33": [1, 31, 22], "34": [32, 23, 29], "35": [41, 23, 29], "36": [31, 44, 33], "37": [29, 31, 41], "38": [39, 11], "39": [11], "41": [23], "42": [35, 36, 45], "44": [31, 1, 22], "45": [44, 31, 33]}, "up": {"1": [19], "3": [1, 33, 44], "4": [29, 41, 32], "6": [2], "10": [12, 43, 15], "14": [12, 15, 16], "15": [16], "20": [12], "21": [16, 18, 15], "22": [31, 43, 17], "24": [23, 29, 41], "25": [12, 15, 16], "26": [40, 5], "27": [23, 41, 29], "28": [31, 43, 22], "30": [19, 17, 18], "31": [43], "33": [2], "35": [32], "36": [2], "37": [9], "38": [14, 25, 12], "39": [10, 20, 14], "41": [29], "42": [9], "44": [33, 2], "45": [36, 2, 9]}}}]}