{"scenes": [{"objects": [{"prefab_path": "WomensCollection/Prefabs/Rearranged/blouse_2_07", "unique_id": 0, "index": 0, "bbox": [745, 262, 29, 44], "position": [3.249325752258301, 2.360157012939453, -7.373569011688232]}, {"prefab_path": "WomensCollection/Prefabs/Rearranged/leather_jacket_1_20", "unique_id": 1, "index": 1, "bbox": [1615, 178, 224, 216], "position": [-2.371088743209839, 2.2477874755859375, -7.2926788330078125]}, {"prefab_path": "MensCollection/Prefabs/Rearranged/shirt_hung_up11", "unique_id": 2, "index": 2, "bbox": [1, 252, 141, 92], "position": [6.276983261108398, 2.2841436862945557, -4.160924911499023]}, {"prefab_path": "MensCollection/Prefabs/Rearranged/polo shirt 16", "unique_id": 3, "index": 3, "bbox": [569, 286, 85, 40], "position": [4.8559112548828125, 2.384760618209839, -7.300678730010986]}, {"prefab_path": "1498649_store/Prefabs/_itog028", "unique_id": 4, "index": 4, "bbox": [697, 239, 152, 46], "position": [3.053535223007202, 2.242445468902588, -7.289802074432373]}, {"prefab_path": "1498649_store/Prefabs/_itog044", "unique_id": 5, "index": 5, "bbox": [1000, 238, 153, 79], "position": [0.37276530265808105, 2.228811740875244, -7.292694091796875]}, {"prefab_path": "1208725/Jacket_gray", "unique_id": 6, "index": 6, "bbox": [1084, 326, 31, 10], "position": [-1.4256263971328735, -0.16988825798034668, -4.668241500854492]}, {"prefab_path": "1498649_store/Prefabs/_itog040", "unique_id": 7, "index": 7, "bbox": [1158, 218, 168, 111], "position": [-0.5972349047660828, 2.228811740875244, -7.292694091796875]}, {"prefab_path": "WomensCollection/Prefabs/Rearranged/dress_6_05", "unique_id": 8, "index": 8, "bbox": [491, 346, 20, 7], "position": [1.8446037769317627, 1.5503242015838623, -5.097395420074463]}, {"prefab_path": "WomensCollection/Prefabs/Rearranged/blouse_2_07", "unique_id": 0, "index": 9, "bbox": [980, 345, 65, 54], "position": [-0.8005687594413757, 1.6461573839187622, -5.973325729370117]}, {"prefab_path": "1498649_store/Prefabs/_itog026", "unique_id": 9, "index": 10, "bbox": [1097, 309, 176, 91], "position": [-1.080802083015442, 1.5194456577301025, -5.276535511016846]}, {"prefab_path": "WomensCollection/Prefabs/Rearranged/dress_4_11", "unique_id": 10, "index": 11, "bbox": [226, 337, 211, 48], "position": [3.5570616722106934, 1.587395191192627, -4.616299629211426]}, {"prefab_path": "WomensCollection/Prefabs/Rearranged/dress_4_16", "unique_id": 11, "index": 12, "bbox": [262, 330, 205, 47], "position": [3.5489935874938965, 1.6514352560043335, -4.765875339508057]}, {"prefab_path": "WomensCollection/Prefabs/Rearranged/dress_6_", "unique_id": 12, "index": 13, "bbox": [293, 331, 199, 47], "position": [3.2026045322418213, 1.644324779510498, -4.873235702514648]}, {"prefab_path": "WomensCollection/Prefabs/Rearranged/dress_4_", "unique_id": 13, "index": 14, "bbox": [304, 328, 233, 79], "position": [3.08689022064209, 1.6032042503356934, -4.867617607116699]}, {"prefab_path": "WomensCollection/Prefabs/Rearranged/dress_4_", "unique_id": 13, "index": 15, "bbox": [376, 308, 209, 20], "position": [3.344830274581909, 1.7342042922973633, -5.184882164001465]}, {"prefab_path": "WomensCollection/Prefabs/Rearranged/dress_3_", "unique_id": 14, "index": 16, "bbox": [549, 293, 260, 53], "position": [1.4105195999145508, 1.7332932949066162, -5.196816444396973]}, {"prefab_path": "WomensCollection/Prefabs/Rearranged/dress_4_16", "unique_id": 11, "index": 17, "bbox": [590, 320, 247, 52], "position": [1.4516676664352417, 1.6564353704452515, -5.403782844543457]}, {"prefab_path": "1514019/Rearranged/Sport_Pants", "unique_id": 15, "index": 18, "bbox": [628, 393, 112, 28], "position": [4.2634663581848145, 0.8820520639419556, -7.353848934173584]}, {"prefab_path": "1514019/Rearranged/Jeans_Blue_V3", "unique_id": 16, "index": 19, "bbox": [678, 399, 4, 10], "position": [3.496708869934082, 0.8585162162780762, -7.354883193969727]}, {"prefab_path": "WomensCollection/Prefabs/Rearranged/blouse_01_07", "unique_id": 17, "index": 20, "bbox": [1, 404, 110, 99], "position": [6.39205265045166, 1.3666040897369385, -4.161492347717285]}, {"prefab_path": "WomensCollection/Prefabs/Rearranged/hanging_dress_1_12", "unique_id": 18, "index": 21, "bbox": [193, 355, 199, 46], "position": [3.5733225345611572, 1.6783455610275269, -4.552351951599121]}, {"prefab_path": "WomensCollection/Prefabs/Rearranged/dress_4_24", "unique_id": 19, "index": 22, "bbox": [319, 338, 303, 71], "position": [1.638061761856079, 1.528395175933838, -4.468299865722656]}, {"prefab_path": "WomensCollection/Prefabs/Rearranged/dress2_30", "unique_id": 20, "index": 23, "bbox": [411, 302, 304, 67], "position": [1.6116042137145996, 1.630378246307373, -4.765816688537598]}, {"prefab_path": "WomensCollection/Prefabs/Rearranged/hanging_dress_1", "unique_id": 21, "index": 24, "bbox": [371, 332, 267, 65], "position": [1.617842197418213, 1.7373449802398682, -4.700351715087891]}, {"prefab_path": "WomensCollection/Prefabs/Rearranged/dress_4_24", "unique_id": 19, "index": 25, "bbox": [442, 306, 294, 135], "position": [1.266087532043457, 1.652395248413086, -4.870358943939209]}, {"prefab_path": "WomensCollection/Prefabs/Rearranged/hanging_dress_1_12", "unique_id": 18, "index": 26, "bbox": [477, 325, 276, 102], "position": [1.223140001296997, 1.7573455572128296, -4.872097969055176]}, {"prefab_path": "1498649_store/Prefabs/_itog040", "unique_id": 7, "index": 27, "bbox": [680, 326, 375, 94], "position": [-0.31069380044937134, 1.618811845779419, -4.742765426635742]}, {"prefab_path": "MensCollection/Prefabs/Rearranged/long_coat_06", "unique_id": 22, "index": 28, "bbox": [719, 278, 463, 189], "position": [0.2749074697494507, 0.4459843635559082, -3.839930534362793]}, {"prefab_path": "WomensCollection/Prefabs/Rearranged/blouse_01_21", "unique_id": 23, "index": 29, "bbox": [807, 351, 365, 118], "position": [-0.7196786403656006, 1.6184489727020264, -4.7419114112854]}, {"prefab_path": "WomensCollection/Prefabs/Rearranged/blouse_01_01", "unique_id": 24, "index": 30, "bbox": [873, 350, 389, 120], "position": [-0.8886784911155701, 1.6184487342834473, -4.7419114112854]}, {"prefab_path": "WomensCollection/Prefabs/Rearranged/blouse_01_07", "unique_id": 17, "index": 31, "bbox": [1313, 351, 369, 50], "position": [-1.4926784038543701, 1.6184489727020264, -5.275911331176758]}, {"prefab_path": "WomensCollection/Prefabs/Rearranged/blouse_2_08 1", "unique_id": 25, "index": 32, "bbox": [970, 333, 441, 126], "position": [-1.0757029056549072, 1.620070219039917, -4.740840435028076]}, {"prefab_path": "MensCollection/Prefabs/Rearranged/jacket_2_03", "unique_id": 26, "index": 33, "bbox": [1175, 266, 630, 150], "position": [-2.9307174682617188, -1.5274724960327148, -6.8358154296875]}], "relationships": {"right": {"0": [1], "2": [4, 0, 5], "3": [0, 4, 5], "4": [5, 7, 1], "5": [7, 1], "6": [33], "7": [1], "8": [17, 16, 7], "9": [1], "10": [1], "11": [13, 14, 15], "12": [13, 14, 15], "13": [17, 8, 7], "14": [17, 8, 7], "15": [5, 7, 17], "16": [9, 7, 1], "17": [7, 9, 1], "18": [19], "20": [19, 15, 4], "21": [13, 14, 15], "22": [25, 26, 9], "23": [25, 26, 16], "24": [26, 25, 16], "25": [9, 1, 7], "26": [9, 1, 7], "27": [10, 29, 31], "28": [6, 10, 32], "29": [31, 30, 32], "30": [31, 32, 10], "31": [1], "32": [31, 1]}, "left": {"0": [2, 3, 20], "1": [26, 24, 9], "3": [2, 20], "4": [2, 20, 3], "5": [15, 12, 21], "6": [28, 20, 2], "7": [5, 21, 13], "8": [14, 21, 11], "9": [22, 26, 25], "10": [27, 29, 30], "11": [20, 2], "12": [20, 2], "13": [21, 11, 12], "14": [11, 21, 12], "15": [12, 11, 21], "16": [23, 8, 24], "17": [8, 14, 21], "18": [20, 2], "19": [18, 20, 2], "21": [20, 2], "22": [20, 2], "23": [21, 11, 12], "24": [21, 11, 2], "25": [24, 23, 22], "26": [24, 23, 22], "27": [22, 24, 23], "29": [27, 22, 24], "30": [29, 27, 22], "31": [29, 30, 32], "32": [30, 29, 27], "33": [6, 28, 22]}, "down": {"0": [19], "1": [33], "2": [20], "3": [18], "4": [19], "32": [6], "7": [33], "9": [6, 33], "10": [6], "24": [23], "26": [25], "27": [6], "29": [6], "30": [6], "31": [6, 33]}, "up": {"33": [1, 7, 31], "6": [32, 30, 31], "18": [3], "19": [0, 4], "20": [2], "23": [24], "25": [26]}}}]}