{"Items":[{"name":"skirt_2_07(Clone)","prefabPath":"WomensCollection/Prefabs/Rearranged/skirt_2_07","bbox":[128,311,381,162],"position":[-1.283678412437439,1.5140690803527833,-4.733467102050781]},{"name":"jacket_2_06(Clone)","prefabPath":"MensCollection/Prefabs/Rearranged/jacket_2_06","bbox":[1,346,507,152],"position":[-2.6265690326690676,-2.324559211730957,-8.958248138427735]},{"name":"_itog044(Clone)","prefabPath":"1498649_store/Prefabs/_itog044","bbox":[234,387,128,33],"position":[-3.870828866958618,1.3028117418289185,-7.216203689575195]},{"name":"skirt_3_12(Clone)","prefabPath":"WomensCollection/Prefabs/Rearranged/skirt_3_12","bbox":[52,192,48,110],"position":[-3.2667808532714845,2.1543054580688478,-7.2926788330078129]},{"name":"long_coat_10 1(Clone)","prefabPath":"MensCollection/Prefabs/Rearranged/long_coat_10 1","bbox":[145,247,472,271],"position":[-0.908207893371582,1.1852800846099854,-2.564311981201172]},{"name":"leather_jacket_1_17(Clone)","prefabPath":"WomensCollection/Prefabs/Rearranged/leather_jacket_1_17","bbox":[262,229,108,82],"position":[-4.228088855743408,2.2477874755859377,-7.2926788330078129]},{"name":"shirt_hung_up10(Clone)","prefabPath":"MensCollection/Prefabs/Rearranged/shirt_hung_up10","bbox":[1,257,513,219],"position":[-1.0791001319885255,1.6253312826156617,-4.743015766143799]},{"name":"blouse_2_1(Clone)","prefabPath":"WomensCollection/Prefabs/Rearranged/blouse_2_1","bbox":[1150,5,277,232],"position":[-0.4082154631614685,2.3786840438842775,-2.9063267707824709]},{"name":"long_coat_10 1(Clone)","prefabPath":"MensCollection/Prefabs/Rearranged/long_coat_10 1","bbox":[1078,1,417,113],"position":[1.1795403957366944,1.9440922737121583,-3.4829087257385256]},{"name":"Jacket_gray(Clone)","prefabPath":"1208725/Jacket_gray","bbox":[1046,410,505,152],"position":[-0.39038896560668948,-0.3800067901611328,-2.361490249633789]},{"name":"_itog049(Clone)","prefabPath":"1498649_store/Prefabs/_itog049","bbox":[1052,385,340,65],"position":[-1.620957612991333,1.4086934328079224,-2.8988568782806398]},{"name":"blouse_01_07(Clone)","prefabPath":"WomensCollection/Prefabs/Rearranged/blouse_01_07","bbox":[1152,607,308,152],"position":[-0.3940984010696411,1.410264015197754,-2.8983631134033205]},{"name":"long_coat_12(Clone)","prefabPath":"MensCollection/Prefabs/Rearranged/long_coat_12","bbox":[1045,343,366,45],"position":[-3.062833309173584,0.03955268859863281,-3.2988996505737306]},{"name":"shirt_1_04(Clone)","prefabPath":"WomensCollection/Prefabs/Rearranged/shirt_1_04","bbox":[662,438,12,65],"position":[-4.188919544219971,1.4318336248397828,-4.925292015075684]},{"name":"sweater_folded74(Clone)","prefabPath":"WomensCollection/Prefabs/Rearranged/sweater_folded74","bbox":[473,394,16,111],"position":[-3.287245750427246,1.7504826784133912,-5.295689105987549]},{"name":"shirt_8(Clone)","prefabPath":"MensCollection/Prefabs/Rearranged/shirt_8","bbox":[732,481,14,68],"position":[-4.175972938537598,1.18492591381073,-4.494472980499268]},{"name":"shirt_4(Clone)","prefabPath":"MensCollection/Prefabs/Rearranged/shirt_4","bbox":[656,521,21,88],"position":[-3.2669692039489748,1.1512309312820435,-4.500990390777588]},{"name":"shirt_12(Clone)","prefabPath":"MensCollection/Prefabs/Rearranged/shirt_12","bbox":[696,477,12,48],"position":[-4.47914457321167,1.1546303033828736,-4.855626106262207]},{"name":"shirt_11(Clone)","prefabPath":"MensCollection/Prefabs/Rearranged/shirt_11","bbox":[676,485,9,56],"position":[-4.192602634429932,1.1512309312820435,-4.856156826019287]},{"name":"sweater_folded11(Clone)","prefabPath":"MensCollection/Prefabs/Rearranged/sweater_folded11","bbox":[629,383,8,56],"position":[-4.479265213012695,1.7526918649673463,-5.293250560760498]},{"name":"shirt_2(Clone)","prefabPath":"MensCollection/Prefabs/Rearranged/shirt_2","bbox":[582,518,20,86],"position":[-3.286987543106079,1.1512309312820435,-4.856156826019287]},{"name":"sweater_folded74(Clone)","prefabPath":"WomensCollection/Prefabs/Rearranged/sweater_folded74","bbox":[757,476,18,59],"position":[-4.468401908874512,1.1730334758758546,-4.502534866333008]},{"name":"shirt_1(Clone)","prefabPath":"MensCollection/Prefabs/Rearranged/shirt_1","bbox":[616,505,18,70],"position":[-3.590489149093628,1.1512309312820435,-4.856200218200684]},{"name":"shirt_folded_1_09(Clone)","prefabPath":"MensCollection/Prefabs/Rearranged/shirt_folded_1_09","bbox":[591,379,23,73],"position":[-4.192602634429932,1.7034283876419068,-5.294185161590576]},{"name":"shirt_folded_1_15(Clone)","prefabPath":"MensCollection/Prefabs/Rearranged/shirt_folded_1_15","bbox":[686,500,34,80],"position":[-3.579094886779785,1.1259791851043702,-4.501043796539307]},{"name":"sweater_folded20(Clone)","prefabPath":"MensCollection/Prefabs/Rearranged/sweater_folded20","bbox":[597,450,14,85],"position":[-3.5691473484039308,1.4558510780334473,-4.924302101135254]},{"name":"sweater_folded63(Clone)","prefabPath":"WomensCollection/Prefabs/Rearranged/sweater_folded63","bbox":[557,441,12,88],"position":[-3.876344680786133,1.4536418914794922,-5.290304660797119]},{"name":"shirt_11(Clone)","prefabPath":"MensCollection/Prefabs/Rearranged/shirt_11","bbox":[533,392,11,77],"position":[-3.590489149093628,1.72868013381958,-5.294228553771973]},{"name":"sweater_folded09(Clone)","prefabPath":"WomensCollection/Prefabs/Rearranged/sweater_folded09","bbox":[677,428,18,69],"position":[-4.4834723472595219,1.4537888765335084,-4.928290367126465]},{"name":"sweater_folded_4(Clone)","prefabPath":"WomensCollection/Prefabs/Rearranged/sweater_folded_4","bbox":[640,492,17,82],"position":[-3.881964683532715,1.1727182865142823,-4.855222225189209]},{"name":"shirt_12(Clone)","prefabPath":"MensCollection/Prefabs/Rearranged/shirt_12","bbox":[566,388,12,72],"position":[-3.8818440437316896,1.7320795059204102,-5.293654441833496]},{"name":"sweater_folded09(Clone)","prefabPath":"WomensCollection/Prefabs/Rearranged/sweater_folded09","bbox":[710,492,25,75],"position":[-3.87359881401062,1.1731804609298707,-4.5040435791015629]},{"name":"sweater_folded54(Clone)","prefabPath":"MensCollection/Prefabs/Rearranged/sweater_folded54","bbox":[527,450,15,88],"position":[-3.5820813179016115,1.45332670211792,-5.287866115570068]},{"name":"sweater_folded11(Clone)","prefabPath":"MensCollection/Prefabs/Rearranged/sweater_folded11","bbox":[561,458,18,95],"position":[-3.277615785598755,1.4558510780334473,-4.924292087554932]},{"name":"sweater_folded07(Clone)","prefabPath":"MensCollection/Prefabs/Rearranged/sweater_folded07","bbox":[597,437,9,68],"position":[-4.1832685470581059,1.45332670211792,-5.287816047668457]},{"name":"sweater_folded17(Clone)","prefabPath":"MensCollection/Prefabs/Rearranged/sweater_folded17","bbox":[629,443,13,76],"position":[-3.8769445419311525,1.4558510780334473,-4.924252510070801]},{"name":"camera","prefabPath":"camera","bbox":[-1,-1,-1,-1],"position":[0.1267528533935547,2.0,-3.037209987640381]},{"name":"camera_right","prefabPath":"camera","bbox":[-1,-1,-1,-1],"position":[-0.10452859103679657,0.0,0.9945219159126282]},{"name":"camera_forward","prefabPath":"camera","bbox":[-1,-1,-1,-1],"position":[-0.9848433136940002,-0.13917309045791627,-0.10351132601499558]},{"name":"camera_up","prefabPath":"camera","bbox":[-1,-1,-1,-1],"position":[-0.13841068744659425,0.9902680516242981,-0.014547567814588547]}]}