{"scenes": [{"objects": [{"prefab_path": "MensCollection/Prefabs/Rearranged/long_coat_10", "unique_id": 0, "index": 0, "bbox": [1, 84, 400, 119], "position": [2.958364486694336, 2.434800386428833, 2.315148115158081]}, {"prefab_path": "WomensCollection/Prefabs/Rearranged/blouse_2_15", "unique_id": 1, "index": 1, "bbox": [139, 209, 230, 109], "position": [3.6330714225769043, 2.3956212997436523, 2.3050241470336914]}, {"prefab_path": "clothing_store/models/prefab/T_shirt_9", "unique_id": 2, "index": 2, "bbox": [259, 234, 226, 94], "position": [4.311911582946777, 1.9775514602661133, 2.313321352005005]}, {"prefab_path": "1498649_store/Prefabs/_itog056", "unique_id": 3, "index": 3, "bbox": [134, 442, 276, 123], "position": [3.5931458473205566, 1.5373629331588745, 2.3130149841308594]}, {"prefab_path": "MensCollection/Prefabs/Rearranged/jacket_4_05", "unique_id": 4, "index": 4, "bbox": [274, 458, 223, 75], "position": [1.2857565879821777, 1.8844499588012695, 2.8601527214050293]}, {"prefab_path": "WomensCollection/Prefabs/Rearranged/dress_4_11", "unique_id": 5, "index": 5, "bbox": [1231, 466, 195, 42], "position": [4.980457305908203, 1.3420169353485107, -2.246483325958252]}, {"prefab_path": "WomensCollection/Prefabs/Rearranged/hanging_dress_1", "unique_id": 6, "index": 6, "bbox": [1288, 474, 207, 52], "position": [4.347237586975098, 1.491966724395752, -2.330535888671875]}, {"prefab_path": "1498649_store/Prefabs/_itog049", "unique_id": 7, "index": 7, "bbox": [1, 478, 255, 105], "position": [2.9001457691192627, 1.5373629331588745, 2.3130149841308594]}, {"prefab_path": "WomensCollection/Prefabs/Rearranged/dress2_29", "unique_id": 8, "index": 8, "bbox": [1353, 467, 266, 75], "position": [3.73799991607666, 1.3062957525253296, -2.24599552154541]}, {"prefab_path": "WomensCollection/Prefabs/Rearranged/sweater_folded09", "unique_id": 9, "index": 9, "bbox": [319, 730, 37, 117], "position": [4.038000106811523, 0.8041123747825623, 1.972000002861023]}, {"prefab_path": "MensCollection/Prefabs/Rearranged/shirt_4", "unique_id": 10, "index": 10, "bbox": [372, 718, 20, 92], "position": [4.336751461029053, 0.7821628451347351, 1.9649250507354736]}, {"prefab_path": "MensCollection/Prefabs/Rearranged/sweater_folded29", "unique_id": 11, "index": 11, "bbox": [481, 710, 26, 91], "position": [4.336914539337158, 0.8041285276412964, 1.4899486303329468]}, {"prefab_path": "WomensCollection/Prefabs/Rearranged/shirt_6_03", "unique_id": 12, "index": 12, "bbox": [450, 735, 26, 100], "position": [4.037703037261963, 0.7826354503631592, 1.494921326637268]}, {"prefab_path": "WomensCollection/Prefabs/Rearranged/dress_6_", "unique_id": 13, "index": 13, "bbox": [788, 663, 155, 104], "position": [2.504000186920166, 0.889946460723877, 0.10058048367500305]}, {"prefab_path": "WomensCollection/Prefabs/Rearranged/sweater_folded_5", "unique_id": 14, "index": 14, "bbox": [261, 755, 41, 143], "position": [3.7408299446105957, 0.8041285276412964, 1.976757287979126]}, {"prefab_path": "MensCollection/Prefabs/Rearranged/shirt_10", "unique_id": 15, "index": 15, "bbox": [423, 757, 21, 103], "position": [3.749751329421997, 0.7826411724090576, 1.497925043106079]}, {"prefab_path": "MensCollection/Prefabs/Rearranged/sweater_folded47", "unique_id": 16, "index": 16, "bbox": [138, 822, 47, 166], "position": [3.1449692249298096, 0.8041285276412964, 1.9767570495605469]}, {"prefab_path": "WomensCollection/Prefabs/Rearranged/shirt_4_05", "unique_id": 17, "index": 17, "bbox": [212, 791, 34, 139], "position": [3.4453625679016113, 0.7826354503631592, 1.9840034246444702]}, {"prefab_path": "WomensCollection/Prefabs/Rearranged/sweater_folded_5", "unique_id": 14, "index": 18, "bbox": [317, 811, 54, 159], "position": [3.1435132026672363, 0.8041285276412964, 1.4774458408355713]}, {"prefab_path": "WomensCollection/Prefabs/Rearranged/sweater_folded09", "unique_id": 9, "index": 19, "bbox": [376, 776, 48, 131], "position": [3.4395663738250732, 0.8045907020568848, 1.4698898792266846]}, {"prefab_path": "WomensCollection/Prefabs/Rearranged/dress_4_04", "unique_id": 18, "index": 20, "bbox": [688, 660, 343, 39], "position": [2.8791990280151367, 0.7698259353637695, 0.4947141408920288]}, {"prefab_path": "WomensCollection/Prefabs/Rearranged/dress2_30", "unique_id": 19, "index": 21, "bbox": [735, 634, 369, 37], "position": [2.8580000400543213, 0.8320000171661377, 0.3580000102519989]}, {"prefab_path": "WomensCollection/Prefabs/Rearranged/dress_6_", "unique_id": 13, "index": 22, "bbox": [788, 644, 358, 21], "position": [2.8475804328918457, 0.8689463138580322, 0.2079998105764389]}, {"prefab_path": "WomensCollection/Prefabs/Rearranged/hanging_dress_1_20", "unique_id": 20, "index": 23, "bbox": [769, 694, 309, 140], "position": [2.461535930633545, 1.002967119216919, 0.10123798251152039]}, {"prefab_path": "WomensCollection/Prefabs/Rearranged/dress_6_", "unique_id": 13, "index": 24, "bbox": [868, 648, 313, 80], "position": [3.0829997062683105, 0.7959463596343994, -0.12358048558235168]}, {"prefab_path": "WomensCollection/Prefabs/Rearranged/dress2_30", "unique_id": 19, "index": 25, "bbox": [840, 638, 325, 124], "position": [3.3320000171661377, 0.7100000381469727, -0.12600001692771912]}, {"prefab_path": "WomensCollection/Prefabs/Rearranged/hanging_dress_1_20", "unique_id": 20, "index": 26, "bbox": [935, 617, 386, 37], "position": [2.664604663848877, 1.1339671611785889, -0.13949349522590637]}, {"prefab_path": "WomensCollection/Prefabs/Rearranged/dress_6_", "unique_id": 13, "index": 27, "bbox": [1007, 648, 355, 38], "position": [2.69158935546875, 0.8739464282989502, -0.4299997389316559]}, {"prefab_path": "MensCollection/Prefabs/Rearranged/sweater_folded20", "unique_id": 21, "index": 28, "bbox": [49, 864, 62, 198], "position": [2.846794843673706, 0.8066529035568237, 1.9651496410369873]}, {"prefab_path": "MensCollection/Prefabs/Rearranged/shirt_folded_1_21", "unique_id": 22, "index": 29, "bbox": [264, 855, 69, 166], "position": [2.8451755046844482, 0.757389485836029, 1.4668148756027222]}, {"prefab_path": "WomensCollection/Prefabs/Rearranged/dress_6_04", "unique_id": 23, "index": 30, "bbox": [781, 732, 271, 119], "position": [2.2180001735687256, 0.8009464740753174, 0.10057958215475082]}], "relationships": {"right": {"0": [26, 23, 13], "1": [8, 26, 6], "2": [8, 6, 5], "3": [8, 26, 24], "4": [30, 23, 13], "7": [26, 23, 13], "9": [12, 15, 25], "10": [11, 12, 8], "11": [8, 25, 6], "12": [25, 8, 24], "13": [27, 8], "14": [15, 25, 19], "15": [25, 24, 8], "16": [18, 20, 21], "17": [19, 24, 25], "18": [24, 20, 21], "19": [25, 24, 22], "20": [21, 22, 27], "21": [22, 27, 24], "22": [27, 8], "23": [27, 8], "24": [8], "25": [8, 6], "26": [8], "28": [29, 13, 27], "29": [27, 20, 21]}, "down": {"0": [7, 28, 16], "1": [3, 17, 14], "2": [10, 9, 14], "3": [17, 14, 16], "7": [28, 16], "23": [13]}, "up": {"3": [1], "7": [0], "9": [2, 1], "10": [2, 1], "11": [2, 1], "12": [2, 1], "13": [23], "14": [3, 1, 2], "15": [1], "16": [0, 7, 1], "17": [1, 3, 0], "18": [0, 1], "19": [1, 0], "28": [7, 0, 1], "29": [0, 1]}, "left": {"5": [11, 10, 2], "6": [2, 11, 10], "8": [11, 10, 9], "11": [10], "12": [9, 10], "13": [28, 29, 16], "15": [14, 9], "18": [16, 17], "19": [17, 14], "20": [16, 18, 29], "21": [20, 16, 18], "22": [21, 20, 16], "23": [28, 29, 16], "24": [17, 18, 19], "25": [19, 17, 14], "26": [21, 28, 29], "27": [22, 21, 20], "29": [28, 16], "30": [28, 29, 16]}}}]}