{"scenes": [{"objects": [{"prefab_path": "MensCollection/Prefabs/Rearranged/long_coat_10", "unique_id": 0, "index": 0, "bbox": [892, 1, 448, 239], "position": [1.0995466709136963, 1.8822486400604248, -2.237826347351074]}, {"prefab_path": "MensCollection/Prefabs/Rearranged/long_coat_10 1", "unique_id": 1, "index": 1, "bbox": [1227, 17, 408, 59], "position": [1.2287919521331787, 1.4082798957824707, -0.042311668395996094]}, {"prefab_path": "MensCollection/Prefabs/Rearranged/long_coat_06", "unique_id": 2, "index": 2, "bbox": [1229, 70, 380, 127], "position": [1.163907527923584, 0.627704381942749, -1.3199305534362793]}, {"prefab_path": "MensCollection/Prefabs/Rearranged/jacket_3_06", "unique_id": 3, "index": 3, "bbox": [1416, 126, 283, 63], "position": [-2.4542369842529297, -0.7599018812179565, 0.3976774215698242]}, {"prefab_path": "MensCollection/Prefabs/Rearranged/long_coat_06", "unique_id": 2, "index": 4, "bbox": [1416, 116, 307, 76], "position": [0.48690760135650635, 0.6689841747283936, -1.3149304389953613]}, {"prefab_path": "clothing_store/models/prefab/trousers_4", "unique_id": 4, "index": 5, "bbox": [1530, 444, 253, 36], "position": [-1.122291922569275, 0.2301410436630249, -2.175999879837036]}, {"prefab_path": "clothing_store/models/prefab/trousers_3", "unique_id": 5, "index": 6, "bbox": [903, 493, 295, 213], "position": [1.128000020980835, 0.2301410436630249, -2.175999879837036]}, {"prefab_path": "clothing_store/models/prefab/trousers_2", "unique_id": 6, "index": 7, "bbox": [1225, 466, 322, 92], "position": [0.36900001764297485, 0.23014092445373535, -2.2330000400543213]}, {"prefab_path": "clothing_store/models/prefab/trousers_5", "unique_id": 7, "index": 8, "bbox": [1413, 454, 299, 42], "position": [-0.34700000286102295, 0.23014092445373535, -2.2209999561309814]}], "relationships": {"down": {"0": [6, 7, 2]}, "right": {"0": [3], "2": [4, 3], "4": [3], "5": [3], "6": [4, 8, 3], "7": [8, 5, 3], "8": [5, 3]}, "up": {"2": [0], "6": [0], "7": [0]}, "left": {"8": [7, 6], "3": [6, 7, 8], "4": [2, 6], "5": [8, 7, 6]}}}]}