{"scenes": [{"objects": [{"prefab_path": "WomensCollection/Prefabs/Rearranged/leather_jacket_1_17", "unique_id": 0, "index": 0, "bbox": [726, 173, 238, 44], "position": [-0.3940984010696411, 2.3984007835388184, -2.8983631134033203]}, {"prefab_path": "WomensCollection/Prefabs/Rearranged/blouse_2_08", "unique_id": 1, "index": 1, "bbox": [42, 403, 64, 144], "position": [-0.8902105689048767, 1.6200698614120483, -5.87483024597168]}, {"prefab_path": "MensCollection/Prefabs/Rearranged/shirt_2", "unique_id": 2, "index": 2, "bbox": [269, 470, 9, 64], "position": [-3.286987543106079, 1.72868013381958, -5.294185161590576]}, {"prefab_path": "MensCollection/Prefabs/Rearranged/sweater_folded07", "unique_id": 3, "index": 3, "bbox": [276, 468, 7, 82], "position": [-3.590433120727539, 1.7501674890518188, -5.293240547180176]}, {"prefab_path": "MensCollection/Prefabs/Rearranged/sweater_folded54", "unique_id": 4, "index": 4, "bbox": [301, 466, 7, 75], "position": [-3.881964683532715, 1.7501674890518188, -5.293250560760498]}, {"prefab_path": "WomensCollection/Prefabs/Rearranged/sweater_folded64", "unique_id": 5, "index": 5, "bbox": [355, 461, 9, 59], "position": [-4.479532718658447, 1.7504826784133911, -5.295729637145996]}, {"prefab_path": "MensCollection/Prefabs/Rearranged/shirt_folded_1_15", "unique_id": 6, "index": 6, "bbox": [324, 458, 18, 69], "position": [-4.192602634429932, 1.7034283876419067, -5.294185161590576]}, {"prefab_path": "1498649_store/Prefabs/_itog015", "unique_id": 7, "index": 7, "bbox": [1, 386, 310, 176], "position": [-0.7196937799453735, 1.6188119649887085, -4.742765426635742]}, {"prefab_path": "WomensCollection/Prefabs/Rearranged/blouse_2_07", "unique_id": 8, "index": 8, "bbox": [157, 409, 213, 133], "position": [-1.5735689401626587, 1.6461573839187622, -5.43932580947876]}, {"prefab_path": "MensCollection/Prefabs/Rearranged/shirt_9", "unique_id": 9, "index": 9, "bbox": [307, 512, 7, 55], "position": [-3.876086473464966, 1.4318393468856812, -5.2888007164001465]}, {"prefab_path": "MensCollection/Prefabs/Rearranged/shirt_12", "unique_id": 10, "index": 10, "bbox": [277, 516, 11, 66], "position": [-3.581960678100586, 1.4352387189865112, -5.288269996643066]}, {"prefab_path": "WomensCollection/Prefabs/Rearranged/sweater_folded64", "unique_id": 5, "index": 11, "bbox": [344, 513, 10, 85], "position": [-3.5694148540496826, 1.4536418914794922, -4.926781177520752]}, {"prefab_path": "MensCollection/Prefabs/Rearranged/folded polo shirt34", "unique_id": 11, "index": 12, "bbox": [319, 518, 18, 94], "position": [-3.2529115676879883, 1.4526302814483643, -4.821324825286865]}, {"prefab_path": "WomensCollection/Prefabs/Rearranged/shirt_2_05", "unique_id": 12, "index": 13, "bbox": [331, 508, 7, 59], "position": [-4.1831183433532715, 1.4318336248397827, -5.288800239562988]}, {"prefab_path": "MensCollection/Prefabs/Rearranged/sweater_folded11", "unique_id": 13, "index": 14, "bbox": [390, 505, 7, 65], "position": [-4.18902587890625, 1.4558510780334473, -4.924302101135254]}, {"prefab_path": "MensCollection/Prefabs/Rearranged/shirt_folded_1_03", "unique_id": 14, "index": 15, "bbox": [404, 541, 13, 51], "position": [-4.192602634429932, 1.1259791851043701, -4.856156826019287]}, {"prefab_path": "MensCollection/Prefabs/Rearranged/shirt_2", "unique_id": 2, "index": 16, "bbox": [411, 503, 7, 57], "position": [-4.483030796051025, 1.4318393468856812, -4.92523717880249]}, {"prefab_path": "MensCollection/Prefabs/Rearranged/shirt_7", "unique_id": 15, "index": 17, "bbox": [375, 511, 7, 65], "position": [-3.876842975616455, 1.4318393468856812, -4.92523717880249]}, {"prefab_path": "MensCollection/Prefabs/Rearranged/shirt_5", "unique_id": 16, "index": 18, "bbox": [463, 540, 9, 60], "position": [-4.175972938537598, 1.18492591381073, -4.494472980499268]}, {"prefab_path": "WomensCollection/Prefabs/Rearranged/sweater_folded09", "unique_id": 17, "index": 19, "bbox": [424, 537, 11, 56], "position": [-4.479784965515137, 1.1731804609298706, -4.859241008758545]}, {"prefab_path": "WomensCollection/Prefabs/Rearranged/sweater_folded_5", "unique_id": 18, "index": 20, "bbox": [482, 537, 12, 53], "position": [-4.46813440322876, 1.1727182865142822, -4.50005578994751]}, {"prefab_path": "1498649_store/Prefabs/_itog045", "unique_id": 19, "index": 21, "bbox": [726, 446, 141, 14], "position": [-2.2410006523132324, 1.4086933135986328, -2.898423194885254]}, {"prefab_path": "WomensCollection/Prefabs/Rearranged/sweater_folded_2", "unique_id": 20, "index": 22, "bbox": [336, 564, 18, 82], "position": [-3.2870891094207764, 1.1727182865142822, -4.855172157287598]}, {"prefab_path": "WomensCollection/Prefabs/Rearranged/sweater_folded_6", "unique_id": 21, "index": 23, "bbox": [360, 557, 8, 82], "position": [-3.590433120727539, 1.1727182865142822, -4.855212211608887]}, {"prefab_path": "MensCollection/Prefabs/Rearranged/sweater_folded45", "unique_id": 22, "index": 24, "bbox": [387, 551, 6, 66], "position": [-3.881964683532715, 1.1752426624298096, -4.855222225189209]}, {"prefab_path": "MensCollection/Prefabs/Rearranged/shirt_folded_1_15", "unique_id": 6, "index": 25, "bbox": [414, 559, 24, 73], "position": [-3.2669692039489746, 1.1259791851043701, -4.500990390777588]}, {"prefab_path": "MensCollection/Prefabs/Rearranged/shirt_5", "unique_id": 16, "index": 26, "bbox": [437, 557, 11, 64], "position": [-3.579094886779785, 1.1512309312820435, -4.501043796539307]}, {"prefab_path": "WomensCollection/Prefabs/Rearranged/sweater_folded_2", "unique_id": 20, "index": 27, "bbox": [444, 548, 13, 70], "position": [-3.8732590675354004, 1.1727182865142822, -4.500005722045898]}, {"prefab_path": "1498649_store/Prefabs/_itog056", "unique_id": 23, "index": 28, "bbox": [730, 452, 201, 16], "position": [-0.9989127516746521, 1.4086934328079224, -2.898423194885254]}, {"prefab_path": "1498649_store/Prefabs/_itog054", "unique_id": 24, "index": 29, "bbox": [735, 458, 331, 33], "position": [-0.39773887395858765, 1.4090229272842407, -2.898298740386963]}, {"prefab_path": "WomensCollection/Prefabs/Rearranged/blouse_01_55", "unique_id": 25, "index": 30, "bbox": [781, 477, 377, 78], "position": [0.24349229037761688, 1.4666039943695068, -2.787947177886963]}], "relationships": {"left": {"0": [7, 1, 8], "7": [1, 8], "11": [10, 9], "12": [10, 2, 3], "14": [13, 6], "17": [9, 13], "18": [15, 19, 14], "20": [19, 16], "21": [12, 2, 22], "22": [10], "23": [10, 9], "24": [9, 13], "25": [22, 23, 10], "26": [23, 24, 9], "27": [24, 15, 13], "28": [8, 7, 1], "29": [7, 1, 8], "30": [1, 7, 8]}, "down": {"0": [29, 30, 28], "3": [10], "4": [9], "6": [13], "11": [23], "12": [22], "14": [15], "16": [19], "17": [24]}, "right": {"1": [7, 30, 29], "2": [12, 21, 28], "3": [12, 25, 21], "4": [26, 21, 28], "5": [18, 27, 21], "6": [14, 27, 18], "7": [29, 30, 0], "8": [28, 29, 7], "9": [17, 11, 24], "10": [11, 12, 23], "11": [21, 28], "12": [21, 28], "13": [14, 17, 27], "14": [18, 27, 21], "15": [18, 27, 21], "16": [20, 18, 21], "17": [27, 26, 21], "18": [21], "19": [20, 18, 21], "22": [25, 21, 28], "23": [26, 25, 21], "24": [27, 26, 21], "25": [21], "26": [21], "27": [21]}, "up": {"9": [4], "10": [3], "13": [6], "15": [14], "19": [16], "22": [12], "23": [11], "24": [17], "28": [0], "29": [0], "30": [0]}}}]}