{"scenes": [{"objects": [{"prefab_path": "MensCollection/Prefabs/Rearranged/long_coat_10 1", "unique_id": 0, "index": 0, "bbox": [1932, 1, 382, 165], "position": [-1.0766878128051758, 1.4082798957824707, -1.6362080574035645]}, {"prefab_path": "clothing_store/models/prefab/T_shirt_2", "unique_id": 1, "index": 1, "bbox": [842, 362, 35, 14], "position": [2.1652936935424805, 0.3799999952316284, 0.24689823389053345]}, {"prefab_path": "MensCollection/Prefabs/Rearranged/jacket_4_09", "unique_id": 2, "index": 2, "bbox": [819, 370, 38, 33], "position": [2.0726120471954346, 0.7281986474990845, 0.2669919431209564]}, {"prefab_path": "1208725/Jacket_red", "unique_id": 3, "index": 3, "bbox": [947, 368, 24, 3], "position": [4.243000030517578, 1.8819806575775146, -0.8401317596435547]}, {"prefab_path": "MensCollection/Prefabs/Rearranged/long_coat_12", "unique_id": 4, "index": 4, "bbox": [899, 341, 28, 5], "position": [1.649888515472412, -0.5723289847373962, -0.5353911519050598]}, {"prefab_path": "MensCollection/Prefabs/Rearranged/long_coat_12", "unique_id": 4, "index": 5, "bbox": [974, 342, 39, 24], "position": [1.457571268081665, -0.5723289847373962, 0.3129800260066986]}, {"prefab_path": "MensCollection/Prefabs/Rearranged/jacket_3_02", "unique_id": 5, "index": 6, "bbox": [962, 353, 31, 13], "position": [-1.1190185546875, -3.833418607711792, 4.470729827880859]}, {"prefab_path": "1514019/Rearranged/Hat_NY_PD", "unique_id": 6, "index": 7, "bbox": [834, 370, 94, 113], "position": [2.08988094329834, 0.4020347595214844, -0.43924179673194885]}, {"prefab_path": "clothing_store/models/prefab/cap_2", "unique_id": 7, "index": 8, "bbox": [634, 412, 87, 207], "position": [1.0043755769729614, 1.2384647130966187, 0.03372758626937866]}, {"prefab_path": "1514019/Rearranged/Cap", "unique_id": 8, "index": 9, "bbox": [649, 429, 121, 247], "position": [3.385730266571045, 0.4325745105743408, -0.09900674968957901]}, {"prefab_path": "MensCollection/Prefabs/Rearranged/jacket_2_06", "unique_id": 9, "index": 10, "bbox": [934, 366, 343, 99], "position": [-2.619002342224121, -3.146559000015259, -0.8510339260101318]}, {"prefab_path": "MensCollection/Prefabs/Rearranged/long_coat_12", "unique_id": 4, "index": 11, "bbox": [936, 344, 315, 157], "position": [2.4922289848327637, -0.5723289847373962, -1.0661838054656982]}, {"prefab_path": "MensCollection/Prefabs/Rearranged/long_coat_10 1", "unique_id": 0, "index": 12, "bbox": [924, 346, 347, 156], "position": [3.512646198272705, 0.36327970027923584, 1.4286872148513794]}, {"prefab_path": "1514019/Rearranged/Jeans_Blue", "unique_id": 10, "index": 13, "bbox": [1871, 444, 344, 226], "position": [1.1277086734771729, 0.24459731578826904, -2.1808834075927734]}, {"prefab_path": "clothing_store/models/prefab/cap_4", "unique_id": 11, "index": 14, "bbox": [111, 536, 251, 593], "position": [0.41537535190582275, 1.238464593887329, -0.021272435784339905]}], "relationships": {"down": {"0": [10], "1": [5], "2": [1, 5, 4], "3": [9, 11], "7": [4], "8": [5, 4, 10], "14": [10]}, "up": {"1": [2], "4": [7, 2, 8], "5": [2, 1, 8], "9": [3], "10": [0, 14, 8], "11": [3]}, "right": {"1": [7, 13], "2": [7, 13], "4": [13], "5": [4, 13], "6": [10, 13], "7": [13], "8": [13], "12": [9, 11, 7], "14": [13]}, "left": {"4": [5], "7": [1, 2, 12], "9": [12], "10": [6], "11": [12], "13": [5, 7, 4]}}}]}