{"scenes": [{"objects": [{"prefab_path": "MensCollection/Prefabs/Rearranged/jacket_2_06", "unique_id": 0, "index": 0, "bbox": [1763, 219, 201, 121], "position": [7.787705898284912, -1.6074728965759277, 2.6643314361572266]}, {"prefab_path": "MensCollection/Prefabs/Rearranged/polo shirt display 02", "unique_id": 1, "index": 1, "bbox": [1361, 308, 133, 84], "position": [5.193694591522217, 2.226058006286621, -0.22200995683670044]}, {"prefab_path": "1514019/Rearranged/Jean_Jacket_2", "unique_id": 2, "index": 2, "bbox": [1270, 332, 149, 88], "position": [1.3240671157836914, 1.5828187465667725, -0.7314874529838562]}, {"prefab_path": "MensCollection/Prefabs/Rearranged/shirt_mannequin_1", "unique_id": 3, "index": 3, "bbox": [1350, 323, 168, 94], "position": [4.541043281555176, 1.988883137702942, -0.7165265679359436]}, {"prefab_path": "MensCollection/Prefabs/Rearranged/suit 3", "unique_id": 4, "index": 4, "bbox": [1446, 322, 170, 90], "position": [5.266794204711914, 1.9562866687774658, -0.6450545787811279]}, {"prefab_path": "1498649_store/Prefabs/_itog031", "unique_id": 5, "index": 5, "bbox": [1746, 439, 188, 138], "position": [6.281576633453369, 1.3086934089660645, -1.6769992113113403]}], "relationships": {"left": {"1": [2], "3": [2], "4": [3, 2], "5": [3, 4, 2]}, "right": {"2": [5, 3, 4], "3": [4, 5], "4": [5]}}}]}