{"scenes": [{"objects": [{"prefab_path": "1498649_store/Prefabs/_itog049", "unique_id": 0, "index": 0, "bbox": [1705, 37, 388, 179], "position": [4.856765270233154, 2.3208117485046387, -7.300693988800049]}, {"prefab_path": "MensCollection/Prefabs/Rearranged/shirt_hung_up14", "unique_id": 1, "index": 1, "bbox": [267, 238, 96, 95], "position": [6.3874006271362305, 2.3424172401428223, -1.6765811443328857]}, {"prefab_path": "WomensCollection/Prefabs/Rearranged/dress_6_08", "unique_id": 2, "index": 2, "bbox": [235, 274, 68, 41], "position": [3.554185628890991, 1.579324722290039, -4.615816116333008]}, {"prefab_path": "WomensCollection/Prefabs/Rearranged/dress_4_", "unique_id": 3, "index": 3, "bbox": [1, 29, 886, 247], "position": [3.2138900756835938, 1.6482043266296387, -4.867617607116699]}, {"prefab_path": "WomensCollection/Prefabs/Rearranged/dress2_29", "unique_id": 4, "index": 4, "bbox": [293, 1, 915, 445], "position": [3.344604253768921, 1.702674150466919, -5.196644306182861]}, {"prefab_path": "WomensCollection/Prefabs/Rearranged/dress_4_08", "unique_id": 5, "index": 5, "bbox": [707, 100, 815, 202], "position": [3.3858304023742676, 1.6322044134140015, -5.391881942749023]}, {"prefab_path": "WomensCollection/Prefabs/Rearranged/dress_6_04", "unique_id": 6, "index": 6, "bbox": [199, 233, 677, 211], "position": [3.5461838245391846, 1.6233246326446533, -4.765816688537598]}, {"prefab_path": "clothing_store/models/prefab/trousers_4", "unique_id": 7, "index": 7, "bbox": [1612, 448, 425, 219], "position": [5.104000091552734, 0.8420000076293945, -7.349999904632568]}], "relationships": {"left": {"0": [6, 2, 4], "4": [3, 6, 2], "5": [4, 3, 6], "6": [2], "7": [2, 6, 5]}, "down": {"0": [7]}, "right": {"1": [0, 7], "2": [6, 5, 4], "3": [5, 4, 0], "4": [5, 0, 7], "5": [0, 7], "6": [5, 4, 0]}, "up": {"7": [0]}}}]}