{"scenes": [{"objects": [{"prefab_path": "MensCollection/Prefabs/Rearranged/long_coat_06", "unique_id": 0, "index": 0, "bbox": [1475, 116, 227, 81], "position": [2.0591635704040527, 0.8969604969024658, -1.4865806102752686]}, {"prefab_path": "MensCollection/Prefabs/Rearranged/long_coat_10", "unique_id": 1, "index": 1, "bbox": [1856, 1, 421, 262], "position": [1.0995466709136963, 1.8822486400604248, -2.237826347351074]}, {"prefab_path": "1208725/Jacket_red", "unique_id": 2, "index": 2, "bbox": [1295, 233, 107, 35], "position": [3.627145290374756, 3.1866283416748047, -1.341282606124878]}, {"prefab_path": "870230/hoodie09", "unique_id": 3, "index": 3, "bbox": [1324, 218, 116, 35], "position": [4.785515308380127, 2.2646892070770264, -2.3485915660858154]}, {"prefab_path": "870230/hoodie09", "unique_id": 3, "index": 4, "bbox": [1360, 198, 133, 44], "position": [4.16447114944458, 2.2646892070770264, -2.3485915660858154]}, {"prefab_path": "MensCollection/Prefabs/Rearranged/polo shirt 11", "unique_id": 4, "index": 5, "bbox": [1415, 177, 151, 53], "position": [3.538264751434326, 2.0491151809692383, -2.3581972122192383]}, {"prefab_path": "MensCollection/Prefabs/Rearranged/dress shirt b", "unique_id": 5, "index": 6, "bbox": [716, 1, 715, 311], "position": [0.3140000104904175, 1.6319999694824219, -0.02199999988079071]}, {"prefab_path": "MensCollection/Prefabs/Rearranged/jacket_3_02", "unique_id": 6, "index": 7, "bbox": [1041, 381, 8, 3], "position": [0.7029809951782227, -3.833418607711792, 4.470729827880859]}, {"prefab_path": "MensCollection/Prefabs/Rearranged/jacket_4_09", "unique_id": 7, "index": 8, "bbox": [1056, 381, 8, 7], "position": [3.897557497024536, 0.7694785594940186, -0.225193589925766]}, {"prefab_path": "MensCollection/Prefabs/Rearranged/long_coat_12", "unique_id": 8, "index": 9, "bbox": [1049, 376, 19, 15], "position": [3.763237476348877, -0.5723289847373962, -1.133782148361206]}, {"prefab_path": "MensCollection/Prefabs/Rearranged/long_coat_10", "unique_id": 1, "index": 10, "bbox": [1036, 376, 79, 39], "position": [3.700660228729248, 0.8372488021850586, -0.12923774123191833]}, {"prefab_path": "MensCollection/Prefabs/Rearranged/jacket_1", "unique_id": 9, "index": 11, "bbox": [1328, 340, 136, 31], "position": [4.6723833084106445, -1.8114323616027832, -3.5974347591400146]}, {"prefab_path": "MensCollection/Prefabs/Rearranged/shirt_hung_up11", "unique_id": 10, "index": 12, "bbox": [1297, 346, 111, 25], "position": [5.403291702270508, 1.0785150527954102, -2.3537516593933105]}, {"prefab_path": "MensCollection/Prefabs/Rearranged/long_coat_12", "unique_id": 8, "index": 13, "bbox": [1361, 333, 163, 39], "position": [4.971433162689209, -0.3241305351257324, -2.041771650314331]}, {"prefab_path": "MensCollection/Prefabs/Rearranged/long_coat_12", "unique_id": 8, "index": 14, "bbox": [1408, 328, 189, 52], "position": [4.35038948059082, -0.3241305351257324, -2.041771650314331]}, {"prefab_path": "MensCollection/Prefabs/Rearranged/jacket_3_06", "unique_id": 11, "index": 15, "bbox": [1463, 343, 205, 93], "position": [-0.005543231964111328, -1.4324579238891602, -4.388944625854492]}, {"prefab_path": "clothing_store/models/prefab/trousers_3", "unique_id": 12, "index": 16, "bbox": [1813, 458, 330, 305], "position": [1.128000020980835, 0.2301410436630249, -2.175999879837036]}], "relationships": {"up": {"0": [2], "8": [2], "9": [2, 8, 10], "10": [2], "11": [3, 12, 4], "12": [3], "13": [3, 12, 4], "14": [3, 4, 5], "15": [1], "16": [1]}, "left": {"1": [6], "4": [10, 8], "5": [10, 8], "11": [9, 7], "12": [8], "14": [9, 8, 10], "15": [7, 6], "16": [7]}, "down": {"1": [16, 15], "2": [9, 14, 8], "3": [14, 13, 12], "4": [14, 13, 9], "5": [14, 9, 13], "8": [9], "10": [9], "12": [13, 14, 11]}, "right": {"6": [1, 15], "7": [15, 16, 11], "8": [14, 5, 4], "9": [14, 11], "10": [5, 14, 4]}}}]}