{"scenes": [{"objects": [{"prefab_path": "1208725/Jacket_red", "unique_id": 0, "index": 0, "bbox": [561, 218, 200, 58], "position": [1.5027952194213867, 3.3836617469787598, -3.8380889892578125]}, {"prefab_path": "MensCollection/Prefabs/Rearranged/jacket_3_06", "unique_id": 1, "index": 1, "bbox": [551, 284, 131, 41], "position": [0.1875901222229004, -0.1658153533935547, -0.28248119354248047]}, {"prefab_path": "MensCollection/Prefabs/Rearranged/long_coat_10", "unique_id": 2, "index": 2, "bbox": [18, 361, 268, 156], "position": [-0.9058265686035156, 1.6592490673065186, -4.740546703338623]}, {"prefab_path": "MensCollection/Prefabs/Rearranged/jacket_2_03", "unique_id": 3, "index": 3, "bbox": [1, 371, 252, 161], "position": [-2.15771746635437, -1.5274724960327148, -6.8358154296875]}, {"prefab_path": "1498649_store/Prefabs/_itog028", "unique_id": 4, "index": 4, "bbox": [48, 357, 248, 151], "position": [-1.4898021221160889, 1.5194456577301025, -4.742535591125488]}, {"prefab_path": "MensCollection/Prefabs/Rearranged/shirt_folded_1_21", "unique_id": 5, "index": 5, "bbox": [185, 452, 5, 18], "position": [-4.479207515716553, 1.7034283876419067, -5.294238567352295]}, {"prefab_path": "MensCollection/Prefabs/Rearranged/shirt_7", "unique_id": 6, "index": 6, "bbox": [203, 487, 6, 56], "position": [-4.188968181610107, 1.4318393468856812, -4.925290107727051]}, {"prefab_path": "WomensCollection/Prefabs/Rearranged/sweater_folded63", "unique_id": 7, "index": 7, "bbox": [202, 482, 9, 68], "position": [-4.483288764953613, 1.4536418914794922, -4.926741123199463]}, {"prefab_path": "MensCollection/Prefabs/Rearranged/shirt_folded_1_03", "unique_id": 8, "index": 8, "bbox": [188, 485, 17, 61], "position": [-3.876842975616455, 1.4065876007080078, -4.92523717880249]}, {"prefab_path": "MensCollection/Prefabs/Rearranged/jacket_4_09", "unique_id": 9, "index": 9, "bbox": [545, 420, 155, 26], "position": [-2.2218432426452637, 1.3813602924346924, -2.882228374481201]}, {"prefab_path": "MensCollection/Prefabs/Rearranged/jacket_2_03", "unique_id": 3, "index": 10, "bbox": [5, 400, 257, 119], "position": [-1.7487175464630127, -1.5274724960327148, -6.8358154296875]}, {"prefab_path": "MensCollection/Prefabs/Rearranged/sweater_folded54", "unique_id": 10, "index": 11, "bbox": [219, 518, 5, 56], "position": [-4.479265213012695, 1.1727182865142822, -4.855222225189209]}, {"prefab_path": "MensCollection/Prefabs/Rearranged/folded polo shirt34", "unique_id": 11, "index": 12, "bbox": [209, 520, 10, 58], "position": [-4.184666633605957, 1.1720218658447266, -4.7495880126953125]}, {"prefab_path": "WomensCollection/Prefabs/Rearranged/sweater_folded19", "unique_id": 12, "index": 13, "bbox": [193, 535, 18, 53], "position": [-3.287428855895996, 1.1731804609298706, -4.859210014343262]}, {"prefab_path": "MensCollection/Prefabs/Rearranged/shirt_8", "unique_id": 13, "index": 14, "bbox": [199, 529, 6, 56], "position": [-3.8819069862365723, 1.1512309312820435, -4.856210231781006]}, {"prefab_path": "WomensCollection/Prefabs/Rearranged/sweater_folded06", "unique_id": 14, "index": 15, "bbox": [190, 494, 15, 42], "position": [-3.278592586517334, 1.4537888765335083, -4.928224563598633]}, {"prefab_path": "MensCollection/Prefabs/Rearranged/sweater_folded17", "unique_id": 15, "index": 16, "bbox": [241, 533, 13, 69], "position": [-3.267070770263672, 1.1752426624298096, -4.500005722045898]}, {"prefab_path": "MensCollection/Prefabs/Rearranged/shirt_folded_1_15", "unique_id": 16, "index": 17, "bbox": [252, 525, 18, 66], "position": [-3.579094886779785, 1.1259791851043701, -4.501043796539307]}, {"prefab_path": "WomensCollection/Prefabs/Rearranged/sweater_folded09", "unique_id": 17, "index": 18, "bbox": [267, 521, 13, 58], "position": [-3.87359881401062, 1.1731804609298706, -4.5040435791015625]}, {"prefab_path": "WomensCollection/Prefabs/Rearranged/sweater_folded64", "unique_id": 18, "index": 19, "bbox": [267, 514, 10, 67], "position": [-4.176261901855469, 1.206728458404541, -4.495971202850342]}, {"prefab_path": "1498649_store/Prefabs/_itog054", "unique_id": 19, "index": 20, "bbox": [550, 430, 143, 26], "position": [-1.620957612991333, 1.4086934328079224, -2.8988568782806396]}, {"prefab_path": "1208725/Jacket_gray", "unique_id": 20, "index": 21, "bbox": [571, 435, 205, 45], "position": [0.16384261846542358, -0.4029197692871094, -2.3973822593688965]}, {"prefab_path": "870230/hoodie09", "unique_id": 21, "index": 22, "bbox": [615, 432, 217, 61], "position": [0.2454090714454651, 1.6917030811309814, -2.7973618507385254]}], "relationships": {"down": {"0": [21], "2": [10], "4": [10, 3], "6": [12], "7": [11], "8": [14], "15": [13, 3, 10], "22": [21]}, "left": {"1": [21, 13, 16], "6": [5], "8": [5], "9": [15, 16, 13], "16": [13, 14, 8], "17": [14, 8, 6], "18": [12, 14, 6], "19": [11, 12, 7], "20": [15, 13, 16], "21": [3, 10, 4], "22": [2, 4, 15]}, "right": {"2": [22, 1], "3": [21, 1, 22], "4": [22, 20, 1], "5": [6, 8, 19], "6": [18, 17, 16], "7": [19, 18, 9], "8": [17, 9, 16], "9": [1], "10": [21, 1, 22], "11": [19, 18, 9], "12": [19, 18, 9], "13": [16, 9, 20], "14": [17, 18, 16], "15": [9, 20, 1], "16": [9, 20, 1], "17": [9, 20, 1], "18": [9, 20, 1], "19": [9, 20, 1], "20": [1], "21": [1]}, "up": {"3": [15, 4], "10": [4, 2, 15], "11": [7], "12": [6], "13": [15], "14": [8], "21": [22, 0]}}}]}