{"scenes": [{"objects": [{"prefab_path": "WomensCollection/Prefabs/Rearranged/dress_4_08", "unique_id": 0, "index": 0, "bbox": [1383, 159, 272, 107], "position": [1.4078302383422852, 1.7342042922973633, -5.184882164001465]}, {"prefab_path": "WomensCollection/Prefabs/Rearranged/hanging_dress_1", "unique_id": 1, "index": 1, "bbox": [1613, 257, 161, 268], "position": [1.350139856338501, 1.8023450374603271, -4.8725786209106445]}, {"prefab_path": "1498649_store/Prefabs/_itog056", "unique_id": 2, "index": 2, "bbox": [563, 217, 294, 165], "position": [1.2597655057907104, 2.228811740875244, -7.292694091796875]}, {"prefab_path": "1208725/Jacket_gray", "unique_id": 3, "index": 3, "bbox": [799, 273, 225, 124], "position": [-0.23575842380523682, 0.4401116371154785, -7.82962703704834]}, {"prefab_path": "1208725/Jacket_red", "unique_id": 4, "index": 4, "bbox": [965, 306, 183, 75], "position": [-2.5013391971588135, 3.3139808177948, -6.461416244506836]}, {"prefab_path": "WomensCollection/Prefabs/Rearranged/dress_6_05", "unique_id": 5, "index": 5, "bbox": [1157, 305, 137, 121], "position": [1.453194499015808, 1.628324270248413, -5.403815746307373]}, {"prefab_path": "1498649_store/Prefabs/_itog034", "unique_id": 6, "index": 6, "bbox": [1199, 340, 62, 29], "position": [-3.257464647293091, 2.1294455528259277, -7.289802074432373]}, {"prefab_path": "WomensCollection/Prefabs/Rearranged/blouse_2_1", "unique_id": 7, "index": 7, "bbox": [1145, 354, 120, 31], "position": [-2.372159719467163, 2.230069875717163, -7.284702777862549]}, {"prefab_path": "WomensCollection/Prefabs/Rearranged/dress2_30", "unique_id": 8, "index": 8, "bbox": [1209, 185, 627, 675], "position": [1.8446040153503418, 1.5573782920837402, -5.099815845489502]}, {"prefab_path": "WomensCollection/Prefabs/Rearranged/dress_4_11", "unique_id": 9, "index": 9, "bbox": [1228, 322, 377, 550], "position": [2.093120813369751, 1.4653953313827515, -5.100273609161377]}, {"prefab_path": "WomensCollection/Prefabs/Rearranged/blouse_2_08", "unique_id": 10, "index": 10, "bbox": [945, 509, 177, 77], "position": [-0.40621060132980347, 1.3040696382522583, -8.421831130981445]}, {"prefab_path": "WomensCollection/Prefabs/Rearranged/blouse_2_29", "unique_id": 11, "index": 11, "bbox": [991, 507, 170, 54], "position": [-0.5917028784751892, 1.3040697574615479, -7.287840843200684]}, {"prefab_path": "1498649_store/Prefabs/_itog022", "unique_id": 12, "index": 12, "bbox": [993, 495, 181, 81], "position": [-0.799693763256073, 1.3028117418289185, -7.289765357971191]}, {"prefab_path": "WomensCollection/Prefabs/Rearranged/blouse_2_15", "unique_id": 13, "index": 13, "bbox": [1020, 503, 149, 69], "position": [-1.0007028579711914, 1.3040696382522583, -7.287840366363525]}, {"prefab_path": "1514019/Rearranged/Jeans_Grey", "unique_id": 14, "index": 14, "bbox": [42, 599, 4, 3], "position": [2.6597087383270264, 0.8821280002593994, -7.354883193969727]}], "relationships": {"right": {"0": [1], "5": [1], "8": [1], "10": [13, 12, 11], "14": [5, 0, 8]}, "left": {"0": [14], "1": [0, 5, 8], "4": [10], "5": [14], "6": [10], "7": [10], "8": [14], "9": [14], "11": [10], "12": [10], "13": [10]}, "up": {"3": [10]}, "down": {"10": [3]}}}]}