{"scenes": [{"objects": [{"prefab_path": "870230/hoodie09", "unique_id": 0, "index": 0, "bbox": [7, 1, 298, 312], "position": [-0.4311410188674927, 2.0665478706359863, -2.215752363204956]}, {"prefab_path": "MensCollection/Prefabs/Rearranged/jacket_4_05", "unique_id": 1, "index": 1, "bbox": [297, 1, 373, 147], "position": [-1.1128318309783936, 2.188898801803589, -5.232154846191406]}, {"prefab_path": "MensCollection/Prefabs/Rearranged/long_coat_06", "unique_id": 2, "index": 2, "bbox": [595, 1, 373, 370], "position": [-2.0240695476531982, 0.6689841747283936, -1.4350924491882324]}, {"prefab_path": "MensCollection/Prefabs/Rearranged/long_coat_06", "unique_id": 2, "index": 3, "bbox": [1411, 22, 319, 73], "position": [-3.801069736480713, 0.6689841747283936, -1.4370927810668945]}, {"prefab_path": "1208725/Jacket_red", "unique_id": 3, "index": 4, "bbox": [1551, 79, 230, 55], "position": [-2.553414821624756, 2.926980495452881, -0.3176608085632324]}, {"prefab_path": "870230/hoodie03", "unique_id": 4, "index": 5, "bbox": [1609, 60, 237, 59], "position": [-3.802746057510376, 2.0649633407592773, -2.2178478240966797]}, {"prefab_path": "MensCollection/Prefabs/Rearranged/jacket_3_06", "unique_id": 5, "index": 6, "bbox": [1649, 98, 220, 60], "position": [-6.4622368812561035, -0.7599018812179565, 0.39967775344848633]}, {"prefab_path": "clothing_store/models/prefab/trousers_2", "unique_id": 6, "index": 7, "bbox": [1519, 364, 250, 51], "position": [-3.613412857055664, 0.23014092445373535, -2.2209999561309814]}, {"prefab_path": "clothing_store/models/prefab/trousers_5", "unique_id": 7, "index": 8, "bbox": [1618, 356, 219, 43], "position": [-4.373917579650879, 0.23014092445373535, -2.2109997272491455]}, {"prefab_path": "1514019/Rearranged/Jeans_Blue_V4", "unique_id": 8, "index": 9, "bbox": [1385, 375, 308, 67], "position": [-2.89815616607666, 0.24453043937683105, -2.2378833293914795]}, {"prefab_path": "clothing_store/models/prefab/trousers_5", "unique_id": 7, "index": 10, "bbox": [1, 463, 325, 454], "position": [-0.34700000286102295, 0.23014092445373535, -2.2209999561309814]}, {"prefab_path": "clothing_store/models/prefab/trousers_4", "unique_id": 9, "index": 11, "bbox": [696, 420, 368, 267], "position": [-1.122291922569275, 0.2301410436630249, -2.175999879837036]}, {"prefab_path": "1514019/Rearranged/Sneakers_3", "unique_id": 10, "index": 12, "bbox": [1404, 716, 24, 44], "position": [-2.863189458847046, 0.9197296500205994, -2.2843172550201416]}], "relationships": {"right": {"0": [4, 5, 3], "1": [5, 12, 8], "2": [3, 6], "3": [6], "7": [8, 6], "8": [6], "9": [7, 3, 8], "10": [11, 2, 3], "11": [2, 3, 9], "12": [3, 8, 6]}, "down": {"0": [10, 11], "12": [9], "4": [2], "5": [7, 3, 8]}, "up": {"2": [4], "3": [5], "7": [5], "8": [5], "9": [12, 5], "10": [0], "11": [0], "12": [5]}, "left": {"2": [11, 10], "3": [12, 9, 11], "4": [0], "5": [1, 0], "6": [9, 11, 7], "7": [9, 11, 10], "8": [7, 9, 12], "9": [11, 10], "11": [10], "12": [10, 1]}}}]}