{"scenes": [{"objects": [{"prefab_path": "WomensCollection/Prefabs/Rearranged/blouse_2_07", "unique_id": 0, "index": 0, "bbox": [1443, 53, 336, 215], "position": [-2.320812225341797, 2.463243007659912, -2.7630937099456787]}, {"prefab_path": "WomensCollection/Prefabs/Rearranged/blouse_2_08 1", "unique_id": 1, "index": 1, "bbox": [1732, 1, 404, 152], "position": [-0.9969877004623413, 2.37888240814209, -2.906414031982422]}, {"prefab_path": "1498649_store/Prefabs/_itog011", "unique_id": 2, "index": 2, "bbox": [647, 212, 217, 296], "position": [-1.2808020114898682, 1.5194456577301025, -4.742535591125488]}, {"prefab_path": "WomensCollection/Prefabs/Rearranged/leather_jacket_1_04", "unique_id": 3, "index": 3, "bbox": [861, 59, 855, 692], "position": [-0.5106785893440247, 1.6377875804901123, -4.7419114112854]}, {"prefab_path": "870230/hoodie09", "unique_id": 4, "index": 4, "bbox": [9, 162, 749, 1353], "position": [-0.7101410627365112, 1.843548059463501, -4.740752696990967]}, {"prefab_path": "WomensCollection/Prefabs/Rearranged/blouse_2_08 1", "unique_id": 1, "index": 5, "bbox": [1402, 486, 117, 213], "position": [-1.6169474124908447, 1.4099516868591309, -2.9066240787506104]}, {"prefab_path": "WomensCollection/Prefabs/Rearranged/blouse_2_08 1", "unique_id": 1, "index": 6, "bbox": [1714, 511, 288, 170], "position": [-0.9969877004623413, 1.4099516868591309, -2.906414031982422]}], "relationships": {"down": {"0": [5], "1": [6, 5]}, "left": {"1": [2, 4], "5": [2], "6": [2, 4]}, "right": {"2": [6, 1, 5], "4": [6, 1]}, "up": {"5": [1, 0], "6": [1]}}}]}