{"scenes": [{"objects": [{"prefab_path": "1208725/Jacket_gray", "unique_id": 0, "index": 0, "bbox": [876, 307, 133, 96], "position": [0.493241548538208, 0.05311131477355957, -2.7576262950897217]}, {"prefab_path": "870230/hoodie03", "unique_id": 1, "index": 1, "bbox": [986, 313, 121, 22], "position": [0.6532538533210754, 2.0649633407592773, -2.2158474922180176]}, {"prefab_path": "MensCollection/Prefabs/Rearranged/long_coat_10 1", "unique_id": 2, "index": 2, "bbox": [993, 300, 149, 32], "position": [1.1007919311523438, 1.4082798957824707, -0.0443120002746582]}, {"prefab_path": "MensCollection/Prefabs/Rearranged/jacket_3_02", "unique_id": 3, "index": 3, "bbox": [1089, 305, 134, 47], "position": [-2.320185899734497, -2.788418769836426, -7.578826904296875]}, {"prefab_path": "870230/hoodie04", "unique_id": 4, "index": 4, "bbox": [1110, 316, 111, 40], "position": [-0.4380221962928772, 2.065037488937378, -2.2163619995117188]}, {"prefab_path": "MensCollection/Prefabs/Rearranged/jacket_1", "unique_id": 5, "index": 5, "bbox": [1088, 303, 138, 26], "position": [-1.3848739862442017, -1.044653296470642, -2.335165023803711]}, {"prefab_path": "MensCollection/Prefabs/Rearranged/jacket_4_05", "unique_id": 6, "index": 6, "bbox": [1136, 305, 133, 34], "position": [-1.1128318309783936, 2.188898801803589, -5.232154846191406]}, {"prefab_path": "MensCollection/Prefabs/Rearranged/jacket_2_03", "unique_id": 7, "index": 7, "bbox": [1179, 309, 121, 55], "position": [0.9718148708343506, -1.304472804069519, -3.6587166786193848]}, {"prefab_path": "MensCollection/Prefabs/Rearranged/long_coat_06", "unique_id": 8, "index": 8, "bbox": [1359, 312, 117, 38], "position": [-3.801069736480713, 0.6689841747283936, -1.4370927810668945]}, {"prefab_path": "MensCollection/Prefabs/Rearranged/jacket_1", "unique_id": 5, "index": 9, "bbox": [1422, 314, 109, 31], "position": [-4.772873878479004, -1.044653296470642, -2.335165023803711]}, {"prefab_path": "MensCollection/Prefabs/Rearranged/jacket_2_03", "unique_id": 7, "index": 10, "bbox": [1421, 316, 101, 42], "position": [-5.12171745300293, -1.304472804069519, -4.313814640045166]}, {"prefab_path": "1208725/Jacket_red", "unique_id": 9, "index": 11, "bbox": [1421, 337, 82, 23], "position": [-2.553414821624756, 2.926980495452881, -0.3176608085632324]}, {"prefab_path": "MensCollection/Prefabs/Rearranged/long_coat_12", "unique_id": 10, "index": 12, "bbox": [1480, 324, 100, 29], "position": [-3.8922176361083984, 0.4726707935333252, -3.0395984649658203]}, {"prefab_path": "MensCollection/Prefabs/Rearranged/long_coat_06", "unique_id": 8, "index": 13, "bbox": [1480, 328, 95, 20], "position": [-3.3730921745300293, 0.6689841747283936, -1.3189301490783691]}, {"prefab_path": "MensCollection/Prefabs/Rearranged/jacket_4_09", "unique_id": 11, "index": 14, "bbox": [1438, 315, 107, 38], "position": [-3.827888250350952, 1.8144785165786743, -2.203608274459839]}, {"prefab_path": "MensCollection/Prefabs/Rearranged/jacket_3_02", "unique_id": 3, "index": 15, "bbox": [1496, 318, 101, 36], "position": [-6.581185817718506, -2.788418769836426, -7.583827018737793]}, {"prefab_path": "870230/hoodie03", "unique_id": 1, "index": 16, "bbox": [1499, 326, 85, 21], "position": [-4.408746242523193, 2.0649635791778564, -2.2228474617004395]}, {"prefab_path": "MensCollection/Prefabs/Rearranged/jacket_4_09", "unique_id": 11, "index": 17, "bbox": [1533, 318, 96, 21], "position": [-5.1403913497924805, 1.8144785165786743, -2.2388885021209717]}, {"prefab_path": "1514019/Rearranged/Jeans_Blue_V4", "unique_id": 12, "index": 18, "bbox": [1356, 440, 113, 33], "position": [-2.89815616607666, 0.24453043937683105, -2.2378833293914795]}, {"prefab_path": "clothing_store/models/prefab/trousers_5", "unique_id": 13, "index": 19, "bbox": [1419, 436, 63, 29], "position": [-3.613412857055664, 0.23014092445373535, -2.2209999561309814]}, {"prefab_path": "clothing_store/models/prefab/trousers", "unique_id": 14, "index": 20, "bbox": [1477, 433, 61, 27], "position": [-4.373917579650879, 0.23014092445373535, -2.2109997272491455]}, {"prefab_path": "MensCollection/Prefabs/Rearranged/long_coat_10 1", "unique_id": 2, "index": 21, "bbox": [1520, 464, 23, 27], "position": [-2.6177451610565186, 0.36327970027923584, 1.9625885486602783]}, {"prefab_path": "MensCollection/Prefabs/Rearranged/jacket_2_06", "unique_id": 15, "index": 22, "bbox": [1527, 471, 20, 18], "position": [-3.7110493183135986, -3.146559000015259, -4.5105156898498535]}, {"prefab_path": "MensCollection/Prefabs/Rearranged/jacket_3_06", "unique_id": 16, "index": 23, "bbox": [1533, 475, 22, 20], "position": [-5.306026935577393, -1.8049023151397705, -0.9170956015586853]}, {"prefab_path": "MensCollection/Prefabs/Rearranged/long_coat_06", "unique_id": 8, "index": 24, "bbox": [1571, 462, 21, 7], "position": [-3.508542060852051, -0.376015841960907, -0.20805959403514862]}, {"prefab_path": "MensCollection/Prefabs/Rearranged/long_coat_06", "unique_id": 8, "index": 25, "bbox": [1632, 474, 25, 33], "position": [-1.7369177341461182, -0.376015841960907, 1.3232932090759277]}, {"prefab_path": "MensCollection/Prefabs/Rearranged/jacket_4_09", "unique_id": 11, "index": 26, "bbox": [1609, 479, 17, 9], "position": [-2.3969919681549072, 0.7281986474990845, -0.015388412401080132]}, {"prefab_path": "MensCollection/Prefabs/Rearranged/long_coat_10", "unique_id": 17, "index": 27, "bbox": [1629, 471, 22, 22], "position": [-2.3266289234161377, 0.8372488021850586, 0.15538951754570007]}, {"prefab_path": "MensCollection/Prefabs/Rearranged/jacket_4_05", "unique_id": 6, "index": 28, "bbox": [1625, 474, 16, 10], "position": [0.11134147644042969, 1.1438989639282227, -1.692630648612976]}, {"prefab_path": "1514019/Rearranged/Jeans_Grey", "unique_id": 18, "index": 29, "bbox": [893, 472, 126, 57], "position": [1.127708911895752, 0.27026891708374023, -2.1808831691741943]}, {"prefab_path": "clothing_store/models/prefab/trousers_3", "unique_id": 19, "index": 30, "bbox": [989, 459, 145, 72], "position": [0.36900001764297485, 0.23014092445373535, -2.2330000400543213]}, {"prefab_path": "1514019/Rearranged/Hat_NY_PD", "unique_id": 20, "index": 31, "bbox": [981, 516, 51, 51], "position": [2.08988094329834, 0.4020347595214844, -0.43924179673194885]}, {"prefab_path": "1514019/Rearranged/Cap", "unique_id": 21, "index": 32, "bbox": [1088, 517, 36, 57], "position": [3.385730266571045, 0.4325745105743408, -0.09900674968957901]}, {"prefab_path": "clothing_store/models/prefab/trousers_2", "unique_id": 22, "index": 33, "bbox": [1088, 454, 136, 54], "position": [-0.34700000286102295, 0.23014092445373535, -2.2209999561309814]}, {"prefab_path": "clothing_store/models/prefab/cap_2", "unique_id": 23, "index": 34, "bbox": [1174, 516, 36, 66], "position": [0.41537535190582275, 1.238464593887329, -0.021272435784339905]}, {"prefab_path": "clothing_store/models/prefab/trousers_5", "unique_id": 13, "index": 35, "bbox": [1178, 450, 130, 56], "position": [-1.122291922569275, 0.2301410436630249, -2.175999879837036]}, {"prefab_path": "clothing_store/models/prefab/cap_4", "unique_id": 24, "index": 36, "bbox": [1249, 508, 31, 62], "position": [-0.025700092315673828, 1.2400000095367432, 0.018800005316734314]}, {"prefab_path": "clothing_store/models/prefab/cap_5", "unique_id": 25, "index": 37, "bbox": [1324, 501, 31, 50], "position": [-0.3989103436470032, 1.238464593887329, -0.023481890559196472]}, {"prefab_path": "clothing_store/models/prefab/cap_3", "unique_id": 26, "index": 38, "bbox": [1395, 497, 28, 65], "position": [-0.8517775535583496, 1.2384647130966187, 0.08227899670600891]}, {"prefab_path": "clothing_store/models/prefab/cap_3", "unique_id": 26, "index": 39, "bbox": [1446, 493, 29, 60], "position": [-1.0737088918685913, 1.238464593887329, 0.05085766315460205]}, {"prefab_path": "clothing_store/models/prefab/cap_5", "unique_id": 25, "index": 40, "bbox": [1478, 490, 26, 45], "position": [-1.3110499382019043, 1.238464593887329, 0.06428030133247375]}, {"prefab_path": "MensCollection/Prefabs/Rearranged/jacket_2_06", "unique_id": 15, "index": 41, "bbox": [648, 573, 42, 42], "position": [-1.8681483268737793, -3.146559000015259, 1.7490284442901611]}, {"prefab_path": "MensCollection/Prefabs/Rearranged/jacket_2_06", "unique_id": 15, "index": 42, "bbox": [671, 561, 36, 32], "position": [-0.30734968185424805, -3.146559000015259, 3.6140003204345703]}, {"prefab_path": "MensCollection/Prefabs/Rearranged/jacket_4_09", "unique_id": 11, "index": 43, "bbox": [693, 546, 70, 55], "position": [2.2260313034057617, 0.7694786190986633, -0.22443871200084686]}, {"prefab_path": "MensCollection/Prefabs/Rearranged/jacket_3_06", "unique_id": 16, "index": 44, "bbox": [754, 542, 42, 10], "position": [-0.2117905616760254, -1.8049020767211914, 2.377091884613037]}, {"prefab_path": "870230/hoodie09", "unique_id": 27, "index": 45, "bbox": [761, 553, 49, 67], "position": [1.9829829931259155, 1.0215479135513306, -0.2228482961654663]}, {"prefab_path": "870230/hoodie09", "unique_id": 27, "index": 46, "bbox": [766, 558, 45, 113], "position": [1.8923531770706177, 1.0215479135513306, -0.15214356780052185]}, {"prefab_path": "clothing_store/models/prefab/cap", "unique_id": 28, "index": 47, "bbox": [1048, 533, 42, 67], "position": [1.0043755769729614, 1.2384647130966187, 0.03372758626937866]}, {"prefab_path": "clothing_store/models/prefab/sneakers_4", "unique_id": 29, "index": 48, "bbox": [1199, 588, 13, 28], "position": [-1.1478009223937988, 0.037972718477249146, -2.2709999084472656]}, {"prefab_path": "MensCollection/Prefabs/Rearranged/jacket_4_05", "unique_id": 6, "index": 49, "bbox": [1542, 477, 182, 35], "position": [1.1187396049499512, 1.1438987255096436, -0.5433854460716248]}, {"prefab_path": "MensCollection/Prefabs/Rearranged/long_coat_12", "unique_id": 10, "index": 50, "bbox": [1563, 474, 205, 39], "position": [-2.4429802894592285, -0.5723289847373962, -0.6304290294647217]}, {"prefab_path": "MensCollection/Prefabs/Rearranged/long_coat_10 1", "unique_id": 2, "index": 51, "bbox": [1595, 476, 215, 68], "position": [-0.3396472930908203, 0.3632798194885254, 1.736083745956421]}, {"prefab_path": "870230/hoodie03", "unique_id": 1, "index": 52, "bbox": [1602, 496, 181, 113], "position": [-2.118408203125, 1.0199635028839111, 0.25851356983184814]}, {"prefab_path": "MensCollection/Prefabs/Rearranged/jacket_2_03", "unique_id": 7, "index": 53, "bbox": [678, 587, 48, 38], "position": [-0.2690463066101074, -2.3494725227355957, -0.11440560221672058]}, {"prefab_path": "MensCollection/Prefabs/Rearranged/jacket_4_05", "unique_id": 6, "index": 54, "bbox": [560, 577, 211, 188], "position": [-0.715308666229248, 1.1438990831375122, -0.27583974599838257]}, {"prefab_path": "870230/hoodie04", "unique_id": 4, "index": 55, "bbox": [661, 600, 188, 113], "position": [2.1686851978302, 1.0200375318527222, 0.24711790680885315]}, {"prefab_path": "1208725/Jacket_blue", "unique_id": 30, "index": 56, "bbox": [738, 611, 177, 56], "position": [1.547638177871704, -1.0331306457519531, 0.22337353229522705]}, {"prefab_path": "870230/hoodie09", "unique_id": 27, "index": 57, "bbox": [766, 584, 204, 155], "position": [1.8488941192626953, 1.0215479135513306, 0.07503598928451538]}, {"prefab_path": "1208725/Jacket_gray", "unique_id": 0, "index": 58, "bbox": [771, 585, 203, 126], "position": [1.1147236824035645, -0.9918884634971619, 0.2604372799396515]}, {"prefab_path": "MensCollection/Prefabs/Rearranged/jacket_2_03", "unique_id": 7, "index": 59, "bbox": [810, 553, 235, 113], "position": [-0.29205989837646484, -2.3494725227355957, 1.344860315322876]}, {"prefab_path": "1514019/Rearranged/Sneakers_3", "unique_id": 31, "index": 60, "bbox": [1457, 668, 33, 50], "position": [-1.2232661247253418, 1.120221495628357, -0.14761923253536224]}], "relationships": {"up": {"0": [1, 4], "3": [6], "5": [48, 35, 4], "7": [1, 4, 6], "8": [14, 16], "9": [17, 20, 16], "10": [17, 16], "12": [14, 16], "13": [11], "18": [14], "19": [14, 16], "20": [16, 14, 17], "22": [12, 14, 16], "23": [17, 16, 20], "24": [11], "25": [52, 11], "26": [11], "27": [11], "28": [4], "29": [1], "30": [1, 28, 4], "31": [45, 46], "33": [4, 1], "35": [4], "40": [11], "41": [25, 21, 52], "42": [51, 21, 38], "44": [51, 38, 36], "47": [2], "48": [35, 4], "50": [11, 26, 27], "52": [11], "53": [37, 54, 36], "56": [57, 2, 46], "58": [47, 2, 34], "59": [51, 38, 37], "60": [11]}, "right": {"0": [48, 35, 33], "1": [4, 11, 60], "2": [34, 36, 37], "3": [15, 10], "4": [14, 11, 13], "5": [23, 9, 24], "6": [17, 16, 14], "7": [5, 23, 9], "14": [16, 17], "16": [17], "18": [19, 20, 8], "19": [20], "25": [21], "28": [26, 27, 60], "29": [30, 33, 24], "30": [33, 35, 48], "31": [21, 25, 47], "32": [51, 21, 55], "33": [35, 48, 13], "34": [36, 37, 38], "35": [13, 8, 18], "36": [37, 38, 39], "37": [38, 39, 40], "38": [39, 40, 52], "39": [40, 52, 27], "40": [52, 27, 26], "43": [57, 21, 47], "45": [46, 47, 2], "46": [47, 2, 34], "47": [34, 36, 37], "48": [13, 18, 8], "49": [37, 36, 38], "50": [24, 23], "51": [21], "53": [41, 23], "54": [60, 52, 40], "55": [47, 21, 51], "56": [58, 25, 59], "57": [47, 21, 34], "58": [25, 21, 41], "59": [41], "60": [52, 27, 26]}, "down": {"1": [30, 29, 0], "2": [47, 58, 56], "4": [33, 28, 35], "6": [7, 22, 3], "8": [23], "11": [26, 27, 50], "12": [9, 22], "14": [19, 20, 8], "16": [20, 9, 19], "17": [9, 20, 23], "20": [9, 23], "21": [41, 42], "25": [41, 59], "26": [50, 41, 53], "27": [50, 41, 53], "28": [30, 53], "31": [56], "33": [53], "34": [58, 53, 56], "35": [48, 5], "36": [53, 58, 59], "37": [53, 59, 58], "38": [53, 59, 41], "39": [53, 59, 41], "40": [53, 59, 41], "43": [56, 58], "45": [31, 56, 58], "46": [31, 56, 58], "47": [58, 56, 53], "48": [5], "49": [58, 56, 53], "51": [59, 44, 41], "52": [50, 25, 41], "54": [53, 59, 41], "55": [56, 58], "57": [56, 58, 53], "60": [53, 59, 41]}, "left": {"2": [45, 46, 43], "4": [1], "5": [7, 0], "8": [35, 18, 48], "9": [7, 5, 48], "10": [3, 7], "11": [1, 4, 28], "12": [0, 6, 33], "13": [35, 33, 0], "14": [4, 1, 6], "15": [3], "16": [14, 4, 6], "17": [16, 14, 6], "18": [48, 35, 0], "19": [18, 48, 35], "20": [19, 18, 48], "21": [32, 43, 31], "23": [7, 5, 50], "24": [50, 29, 30], "25": [58, 56, 31], "26": [60, 54, 40], "27": [60, 54, 40], "30": [29], "31": [32], "33": [0, 30, 29], "34": [49, 47, 2], "35": [0, 33, 30], "36": [34, 49, 47], "37": [49, 36, 34], "38": [37, 49, 36], "39": [38, 37, 54], "40": [39, 54, 38], "41": [59, 53, 56], "43": [32], "44": [56, 32], "45": [32], "46": [45, 32], "47": [45, 46, 57], "48": [0, 33, 30], "49": [32], "50": [29, 30, 33], "51": [32, 55, 43], "52": [60, 54, 40], "54": [49, 34, 2], "55": [32], "57": [43, 32], "58": [56, 32], "59": [56, 32], "60": [54, 37, 49]}}}]}