{"scenes": [{"objects": [{"prefab_path": "MensCollection/Prefabs/Rearranged/polo shirt display 02", "unique_id": 0, "index": 0, "bbox": [804, 277, 24, 34], "position": [-4.2266950607299805, 2.227057933807373, -5.295989036560059]}, {"prefab_path": "870230/hoodie09", "unique_id": 1, "index": 1, "bbox": [1292, 201, 169, 93], "position": [-2.238766670227051, 2.6606338024139404, -2.7973618507385254]}, {"prefab_path": "MensCollection/Prefabs/Rearranged/long_coat_10 1", "unique_id": 2, "index": 2, "bbox": [1382, 156, 257, 138], "position": [0.5976777076721191, 2.0023655891418457, -3.196662664413452]}, {"prefab_path": "MensCollection/Prefabs/Rearranged/jacket_2_03", "unique_id": 3, "index": 3, "bbox": [287, 221, 221, 116], "position": [-1.1641855239868164, -0.9174728393554688, -8.730716705322266]}, {"prefab_path": "MensCollection/Prefabs/Rearranged/jacket_4_09", "unique_id": 4, "index": 4, "bbox": [413, 234, 182, 74], "position": [-4.246392250061035, 2.2014784812927246, -7.308888912200928]}, {"prefab_path": "MensCollection/Prefabs/Rearranged/long_coat_12", "unique_id": 5, "index": 5, "bbox": [1493, 138, 326, 193], "position": [-1.8207454681396484, 1.0084834098815918, -3.2988996505737305]}, {"prefab_path": "MensCollection/Prefabs/Rearranged/long_coat_06", "unique_id": 6, "index": 6, "bbox": [1678, 84, 438, 362], "position": [0.4087536334991455, 1.1711785793304443, -3.7346980571746826]}, {"prefab_path": "870230/hoodie09", "unique_id": 1, "index": 7, "bbox": [71, 218, 275, 205], "position": [-2.3722476959228516, 2.453547954559326, -7.283141136169434]}, {"prefab_path": "1514019/Rearranged/Sport_Jacket", "unique_id": 7, "index": 8, "bbox": [792, 283, 158, 76], "position": [-2.8778598308563232, 1.778904914855957, -5.280738353729248]}, {"prefab_path": "1514019/Rearranged/Jean_Jacket", "unique_id": 8, "index": 9, "bbox": [872, 310, 92, 20], "position": [-4.293862342834473, 1.6249628067016602, -4.800738334655762]}, {"prefab_path": "1514019/Rearranged/TShirt_White_2", "unique_id": 9, "index": 10, "bbox": [894, 324, 105, 57], "position": [-2.960198402404785, 1.6549465656280518, -4.816610813140869]}, {"prefab_path": "MensCollection/Prefabs/Rearranged/dress shirt a", "unique_id": 10, "index": 11, "bbox": [890, 301, 128, 31], "position": [-3.6600003242492676, 1.9539999961853027, -4.796999931335449]}, {"prefab_path": "1208725/Jacket_gray", "unique_id": 11, "index": 12, "bbox": [427, 425, 16, 13], "position": [-4.342626571655273, -0.5271685123443604, -6.684242248535156]}, {"prefab_path": "MensCollection/Prefabs/Rearranged/long_coat_10 1", "unique_id": 2, "index": 13, "bbox": [824, 441, 70, 69], "position": [-0.053207993507385254, 1.1852800846099854, -3.0983119010925293]}, {"prefab_path": "870230/hoodie09", "unique_id": 1, "index": 14, "bbox": [1269, 403, 146, 81], "position": [-2.238987445831299, 1.6334295272827148, -2.907975912094116]}, {"prefab_path": "MensCollection/Prefabs/Rearranged/long_coat_10", "unique_id": 12, "index": 15, "bbox": [281, 439, 213, 181], "position": [-3.2188265323638916, 1.3432488441467285, -7.290546894073486]}, {"prefab_path": "MensCollection/Prefabs/Rearranged/polo shirt 08", "unique_id": 13, "index": 16, "bbox": [342, 445, 155, 131], "position": [-3.3966786861419678, 1.366760492324829, -7.291911602020264]}, {"prefab_path": "MensCollection/Prefabs/Rearranged/jacket_2_03", "unique_id": 3, "index": 17, "bbox": [346, 417, 178, 152], "position": [-5.034717559814453, -1.8434724807739258, -9.385814666748047]}, {"prefab_path": "MensCollection/Prefabs/Rearranged/jacket_4_09", "unique_id": 4, "index": 18, "bbox": [837, 489, 80, 73], "position": [-0.44488826394081116, 1.5914788246154785, -5.257607936859131]}, {"prefab_path": "MensCollection/Prefabs/Rearranged/long_coat_12", "unique_id": 5, "index": 19, "bbox": [1347, 401, 210, 125], "position": [-2.3727970123291016, 0.03955221176147461, -3.4189794063568115]}, {"prefab_path": "MensCollection/Prefabs/Rearranged/long_coat_12", "unique_id": 5, "index": 20, "bbox": [827, 508, 103, 102], "position": [0.17178259789943695, 0.24967098236083984, -6.098598003387451]}, {"prefab_path": "MensCollection/Prefabs/Rearranged/jacket_3_06", "unique_id": 14, "index": 21, "bbox": [1453, 442, 249, 193], "position": [1.6225295066833496, -1.1930198669433594, -0.5948796272277832]}, {"prefab_path": "870230/hoodie03", "unique_id": 15, "index": 22, "bbox": [1619, 505, 283, 312], "position": [-0.38361626863479614, 1.6317707300186157, -2.907515287399292]}, {"prefab_path": "MensCollection/Prefabs/Rearranged/jacket_4_05", "unique_id": 16, "index": 23, "bbox": [898, 682, 106, 92], "position": [-0.411831796169281, 1.9658989906311035, -8.28115463256836]}], "relationships": {"right": {"0": [11, 1, 14], "3": [21, 20, 6], "4": [11, 1, 0], "6": [21], "7": [22, 1, 18], "8": [14, 10, 5], "9": [14, 1], "10": [14, 5, 1], "11": [14, 1], "12": [19, 5, 14], "15": [5, 8, 14], "16": [5, 14, 8], "17": [12, 19, 5], "18": [2, 6, 13], "20": [6, 21, 13], "23": [2, 6, 18]}, "left": {"0": [4], "1": [4, 8, 11], "2": [18, 23, 7], "5": [15, 16, 8], "6": [18, 23, 20], "8": [16, 15, 4], "9": [4], "10": [8, 16, 15], "11": [4, 0, 16], "12": [17], "13": [18, 20, 7], "14": [10, 8, 16], "18": [23, 7, 15], "19": [12, 16, 15], "20": [3], "21": [3, 20, 6], "22": [18, 7, 15]}, "down": {"0": [12], "1": [14, 5, 19], "2": [6], "4": [12, 17], "7": [3], "14": [5, 19], "18": [20], "22": [13], "23": [3]}, "up": {"3": [23, 7], "5": [1, 14], "6": [2], "12": [4, 0], "13": [22], "14": [1], "17": [4], "19": [14, 1], "20": [18]}}}]}