{"scenes": [{"objects": [{"prefab_path": "1498649_store/Prefabs/_itog045", "unique_id": 0, "index": 0, "bbox": [1151, 40, 364, 232], "position": [-2.370234489440918, 2.228811740875244, -7.292694091796875]}, {"prefab_path": "1498649_store/Prefabs/_itog034", "unique_id": 1, "index": 1, "bbox": [1579, 1, 476, 305], "position": [-3.257464647293091, 2.1294455528259277, -7.289802074432373]}, {"prefab_path": "MensCollection/Prefabs/Rearranged/long_coat_10 1", "unique_id": 2, "index": 2, "bbox": [604, 84, 336, 160], "position": [-2.7756881713867188, 1.7952799797058105, -6.7082085609436035]}, {"prefab_path": "1514019/Rearranged/Jeans_Grey", "unique_id": 3, "index": 3, "bbox": [1, 377, 136, 85], "position": [3.496708869934082, 0.8821280002593994, -7.354883193969727]}, {"prefab_path": "clothing_store/models/prefab/trousers", "unique_id": 4, "index": 4, "bbox": [85, 372, 208, 121], "position": [2.6599998474121094, 0.8420000076293945, -7.349999904632568]}, {"prefab_path": "1498649_store/Prefabs/_itog040", "unique_id": 5, "index": 5, "bbox": [637, 404, 277, 101], "position": [-0.5996938943862915, 1.302811622619629, -7.289765357971191]}], "relationships": {"right": {"0": [1], "3": [4, 5, 0], "4": [5, 0, 1], "5": [0, 1, 2]}, "left": {"0": [5, 4, 3], "1": [0, 5, 4], "2": [5, 4, 3], "4": [3], "5": [4, 3]}}}]}