{"scenes": [{"objects": [{"prefab_path": "1498649_store/Prefabs/_itog028", "unique_id": 0, "index": 0, "bbox": [539, 177, 464, 216], "position": [-2.8984646797180176, 1.7424452304840088, -2.219802141189575]}, {"prefab_path": "MensCollection/Prefabs/Rearranged/long_coat_10", "unique_id": 1, "index": 1, "bbox": [833, 237, 357, 109], "position": [-3.5558266639709473, 1.8822486400604248, -2.2215468883514404]}, {"prefab_path": "1498649_store/Prefabs/_itog031", "unique_id": 2, "index": 2, "bbox": [832, 280, 295, 56], "position": [-3.3846933841705322, 1.8418116569519043, -2.2217652797698975]}, {"prefab_path": "MensCollection/Prefabs/Rearranged/long_coat_06", "unique_id": 3, "index": 3, "bbox": [1048, 258, 305, 79], "position": [-3.5070924758911133, 0.6689841747283936, -1.3149304389953613]}, {"prefab_path": "1498649_store/Prefabs/_itog018", "unique_id": 4, "index": 4, "bbox": [1048, 310, 233, 43], "position": [-4.158693790435791, 1.8418114185333252, -2.2217652797698975]}, {"prefab_path": "1498649_store/Prefabs/_itog041", "unique_id": 5, "index": 5, "bbox": [1110, 281, 249, 62], "position": [-4.559693813323975, 1.8418114185333252, -2.2227656841278076]}, {"prefab_path": "870230/hoodie04", "unique_id": 6, "index": 6, "bbox": [1048, 287, 243, 105], "position": [-4.415022373199463, 2.065037727355957, -2.2263617515563965]}, {"prefab_path": "MensCollection/Prefabs/Rearranged/long_coat_06", "unique_id": 3, "index": 7, "bbox": [1198, 274, 262, 62], "position": [-6.024069309234619, 0.6689841747283936, -1.4370927810668945]}, {"prefab_path": "clothing_store/models/prefab/trousers_5", "unique_id": 7, "index": 8, "bbox": [1191, 552, 228, 45], "position": [-5.107000350952148, 0.23014092445373535, -2.2569997310638428]}, {"prefab_path": "1514019/Rearranged/Jeans_Grey", "unique_id": 8, "index": 9, "bbox": [1041, 588, 268, 80], "position": [-4.374208450317383, 0.27026891708374023, -2.2158830165863037]}, {"prefab_path": "clothing_store/models/prefab/trousers_2", "unique_id": 9, "index": 10, "bbox": [838, 606, 340, 135], "position": [-3.613412857055664, 0.23014092445373535, -2.2209999561309814]}, {"prefab_path": "clothing_store/models/prefab/trousers_4", "unique_id": 10, "index": 11, "bbox": [583, 643, 360, 195], "position": [-2.897865056991577, 0.23014092445373535, -2.2330000400543213]}, {"prefab_path": "clothing_store/models/prefab/sneakers_3", "unique_id": 11, "index": 12, "bbox": [1184, 838, 27, 18], "position": [-5.062593936920166, 0.037972718477249146, -2.259033203125]}, {"prefab_path": "clothing_store/models/prefab/sneakers_4", "unique_id": 12, "index": 13, "bbox": [1043, 894, 34, 39], "position": [-4.374825954437256, 0.03797273337841034, -2.2530136108398438]}, {"prefab_path": "clothing_store/models/prefab/sneakers_2", "unique_id": 13, "index": 14, "bbox": [866, 953, 50, 93], "position": [-3.5972962379455566, 0.03797274827957153, -2.2426962852478027]}], "relationships": {"right": {"0": [4, 5, 7], "1": [4, 5, 7], "2": [4, 5, 7], "4": [5, 7], "5": [7], "8": [7], "9": [7], "10": [9, 7], "11": [10, 3, 9], "12": [7], "13": [12, 7], "14": [13, 12, 7]}, "down": {"0": [11, 10, 14], "1": [10, 14, 11], "2": [10, 11, 14], "4": [9, 13, 10], "5": [9, 13, 12], "6": [9, 13, 10], "8": [12], "9": [13], "10": [14]}, "up": {"3": [1, 2, 4], "8": [5, 6, 4], "9": [5, 6, 4], "10": [1, 2, 4], "11": [0, 2, 1], "12": [8, 5, 6], "13": [9, 5, 6], "14": [10, 1, 2]}, "left": {"3": [11], "4": [1, 2, 0], "5": [4, 1, 2], "7": [8, 9, 12], "8": [11], "9": [10, 11], "10": [11], "12": [13, 14], "13": [14]}}}]}