{"scenes": [{"objects": [{"prefab_path": "WomensCollection/Prefabs/Rearranged/blouse_2_1", "unique_id": 0, "index": 0, "bbox": [1150, 5, 277, 232], "position": [-0.4082154631614685, 2.3786840438842773, -2.9063267707824707]}, {"prefab_path": "MensCollection/Prefabs/Rearranged/long_coat_10 1", "unique_id": 1, "index": 1, "bbox": [1078, 1, 417, 113], "position": [1.1795403957366943, 1.9440922737121582, -3.4829087257385254]}, {"prefab_path": "WomensCollection/Prefabs/Rearranged/leather_jacket_1_17", "unique_id": 2, "index": 2, "bbox": [262, 229, 108, 82], "position": [-4.228088855743408, 2.2477874755859375, -7.2926788330078125]}, {"prefab_path": "MensCollection/Prefabs/Rearranged/shirt_11", "unique_id": 3, "index": 3, "bbox": [533, 392, 11, 77], "position": [-3.590489149093628, 1.72868013381958, -5.294228553771973]}, {"prefab_path": "MensCollection/Prefabs/Rearranged/shirt_folded_1_09", "unique_id": 4, "index": 4, "bbox": [591, 379, 23, 73], "position": [-4.192602634429932, 1.7034283876419067, -5.294185161590576]}, {"prefab_path": "MensCollection/Prefabs/Rearranged/shirt_12", "unique_id": 5, "index": 5, "bbox": [566, 388, 12, 72], "position": [-3.8818440437316895, 1.7320795059204102, -5.293654441833496]}, {"prefab_path": "MensCollection/Prefabs/Rearranged/sweater_folded11", "unique_id": 6, "index": 6, "bbox": [629, 383, 8, 56], "position": [-4.479265213012695, 1.7526918649673462, -5.293250560760498]}, {"prefab_path": "WomensCollection/Prefabs/Rearranged/sweater_folded74", "unique_id": 7, "index": 7, "bbox": [473, 394, 16, 111], "position": [-3.287245750427246, 1.7504826784133911, -5.295689105987549]}, {"prefab_path": "WomensCollection/Prefabs/Rearranged/sweater_folded63", "unique_id": 8, "index": 8, "bbox": [557, 441, 12, 88], "position": [-3.876344680786133, 1.4536418914794922, -5.290304660797119]}, {"prefab_path": "MensCollection/Prefabs/Rearranged/sweater_folded07", "unique_id": 9, "index": 9, "bbox": [597, 437, 9, 68], "position": [-4.1832685470581055, 1.45332670211792, -5.287816047668457]}, {"prefab_path": "WomensCollection/Prefabs/Rearranged/shirt_1_04", "unique_id": 10, "index": 10, "bbox": [662, 438, 12, 65], "position": [-4.188919544219971, 1.4318336248397827, -4.925292015075684]}, {"prefab_path": "MensCollection/Prefabs/Rearranged/sweater_folded17", "unique_id": 11, "index": 11, "bbox": [629, 443, 13, 76], "position": [-3.8769445419311523, 1.4558510780334473, -4.924252510070801]}, {"prefab_path": "WomensCollection/Prefabs/Rearranged/sweater_folded09", "unique_id": 12, "index": 12, "bbox": [677, 428, 18, 69], "position": [-4.4834723472595215, 1.4537888765335083, -4.928290367126465]}, {"prefab_path": "1498649_store/Prefabs/_itog044", "unique_id": 13, "index": 13, "bbox": [234, 387, 128, 33], "position": [-3.870828866958618, 1.3028117418289185, -7.216203689575195]}, {"prefab_path": "MensCollection/Prefabs/Rearranged/long_coat_10 1", "unique_id": 1, "index": 14, "bbox": [145, 247, 472, 271], "position": [-0.908207893371582, 1.1852800846099854, -2.564311981201172]}, {"prefab_path": "MensCollection/Prefabs/Rearranged/sweater_folded54", "unique_id": 14, "index": 15, "bbox": [527, 450, 15, 88], "position": [-3.5820813179016113, 1.45332670211792, -5.287866115570068]}, {"prefab_path": "MensCollection/Prefabs/Rearranged/sweater_folded20", "unique_id": 15, "index": 16, "bbox": [597, 450, 14, 85], "position": [-3.5691473484039307, 1.4558510780334473, -4.924302101135254]}, {"prefab_path": "MensCollection/Prefabs/Rearranged/sweater_folded11", "unique_id": 6, "index": 17, "bbox": [561, 458, 18, 95], "position": [-3.277615785598755, 1.4558510780334473, -4.924292087554932]}, {"prefab_path": "MensCollection/Prefabs/Rearranged/shirt_12", "unique_id": 5, "index": 18, "bbox": [696, 477, 12, 48], "position": [-4.47914457321167, 1.1546303033828735, -4.855626106262207]}, {"prefab_path": "MensCollection/Prefabs/Rearranged/shirt_11", "unique_id": 3, "index": 19, "bbox": [676, 485, 9, 56], "position": [-4.192602634429932, 1.1512309312820435, -4.856156826019287]}, {"prefab_path": "MensCollection/Prefabs/Rearranged/shirt_8", "unique_id": 16, "index": 20, "bbox": [732, 481, 14, 68], "position": [-4.175972938537598, 1.18492591381073, -4.494472980499268]}, {"prefab_path": "WomensCollection/Prefabs/Rearranged/sweater_folded74", "unique_id": 7, "index": 21, "bbox": [757, 476, 18, 59], "position": [-4.468401908874512, 1.1730334758758545, -4.502534866333008]}, {"prefab_path": "MensCollection/Prefabs/Rearranged/shirt_hung_up10", "unique_id": 17, "index": 22, "bbox": [1, 257, 513, 219], "position": [-1.0791001319885254, 1.6253312826156616, -4.743015766143799]}, {"prefab_path": "MensCollection/Prefabs/Rearranged/shirt_2", "unique_id": 18, "index": 23, "bbox": [582, 518, 20, 86], "position": [-3.286987543106079, 1.1512309312820435, -4.856156826019287]}, {"prefab_path": "MensCollection/Prefabs/Rearranged/shirt_1", "unique_id": 19, "index": 24, "bbox": [616, 505, 18, 70], "position": [-3.590489149093628, 1.1512309312820435, -4.856200218200684]}, {"prefab_path": "WomensCollection/Prefabs/Rearranged/sweater_folded_4", "unique_id": 20, "index": 25, "bbox": [640, 492, 17, 82], "position": [-3.881964683532715, 1.1727182865142822, -4.855222225189209]}, {"prefab_path": "MensCollection/Prefabs/Rearranged/shirt_4", "unique_id": 21, "index": 26, "bbox": [656, 521, 21, 88], "position": [-3.2669692039489746, 1.1512309312820435, -4.500990390777588]}, {"prefab_path": "MensCollection/Prefabs/Rearranged/shirt_folded_1_15", "unique_id": 22, "index": 27, "bbox": [686, 500, 34, 80], "position": [-3.579094886779785, 1.1259791851043701, -4.501043796539307]}, {"prefab_path": "WomensCollection/Prefabs/Rearranged/sweater_folded09", "unique_id": 12, "index": 28, "bbox": [710, 492, 25, 75], "position": [-3.87359881401062, 1.1731804609298706, -4.5040435791015625]}, {"prefab_path": "MensCollection/Prefabs/Rearranged/long_coat_12", "unique_id": 23, "index": 29, "bbox": [1045, 343, 366, 45], "position": [-3.062833309173584, 0.03955268859863281, -3.2988996505737305]}, {"prefab_path": "MensCollection/Prefabs/Rearranged/jacket_2_06", "unique_id": 24, "index": 30, "bbox": [1, 346, 507, 152], "position": [-2.6265690326690674, -2.324559211730957, -8.958248138427734]}, {"prefab_path": "1498649_store/Prefabs/_itog049", "unique_id": 25, "index": 31, "bbox": [1052, 385, 340, 65], "position": [-1.620957612991333, 1.4086934328079224, -2.8988568782806396]}, {"prefab_path": "1208725/Jacket_gray", "unique_id": 26, "index": 32, "bbox": [1046, 410, 505, 152], "position": [-0.39038896560668945, -0.3800067901611328, -2.361490249633789]}, {"prefab_path": "WomensCollection/Prefabs/Rearranged/blouse_01_07", "unique_id": 27, "index": 33, "bbox": [1152, 607, 308, 152], "position": [-0.3940984010696411, 1.410264015197754, -2.8983631134033203]}], "relationships": {"down": {"0": [33, 32, 14], "33": [32], "2": [13, 30], "3": [15], "4": [9], "5": [8], "6": [9, 18, 19], "7": [23], "10": [19], "11": [25, 24], "12": [18, 19], "13": [30], "14": [32], "16": [24, 23], "17": [23], "31": [32]}, "left": {"0": [22], "3": [13, 2], "4": [13, 2], "5": [13, 2], "6": [2, 13], "7": [13, 2], "8": [13, 2], "9": [13, 2], "10": [9, 13, 8], "11": [8, 15, 13], "12": [9, 13, 2], "14": [22, 30], "15": [13, 2], "16": [15, 13, 2], "17": [13, 2], "18": [13, 2], "19": [13, 9, 2], "20": [19, 13, 10], "21": [18, 19, 12], "23": [13, 2], "24": [15, 13, 2], "25": [13, 8, 2], "26": [23, 17, 15], "27": [24, 23, 15], "28": [25, 24, 11], "29": [13, 30, 2], "31": [22, 13, 30], "32": [30], "33": [22]}, "right": {"2": [6, 4, 5], "3": [28], "4": [10, 20, 21], "5": [28, 20], "6": [21], "8": [11, 10, 25], "9": [10, 12, 20], "10": [20], "11": [28], "12": [21], "13": [20, 10, 19], "15": [16, 11, 24], "17": [26], "18": [21], "19": [20, 21], "22": [31, 14, 33], "23": [26, 27], "24": [27, 28], "25": [28, 20], "30": [29, 32, 31]}, "up": {"32": [14, 33, 0], "33": [0], "8": [5], "9": [4, 6], "13": [2], "14": [0], "15": [3], "18": [12, 6], "19": [10, 12, 6], "23": [17, 16, 7], "24": [16, 11], "25": [11], "30": [13, 2]}}}]}