{"scenes": [{"objects": [{"prefab_path": "MensCollection/Prefabs/Rearranged/jacket_3_02", "unique_id": 0, "index": 0, "bbox": [1504, 67, 33, 14], "position": [-2.4761860370635986, -2.788419008255005, -3.123826742172241]}, {"prefab_path": "MensCollection/Prefabs/Rearranged/vest08", "unique_id": 1, "index": 1, "bbox": [1407, 104, 82, 76], "position": [-0.5696199536323547, 1.838362216949463, 2.2376909255981445]}, {"prefab_path": "870230/hoodie03", "unique_id": 2, "index": 2, "bbox": [1809, 1, 369, 202], "position": [0.4332538843154907, 2.0649633407592773, 2.246152400970459]}, {"prefab_path": "MensCollection/Prefabs/Rearranged/long_coat_10", "unique_id": 3, "index": 3, "bbox": [1500, 50, 366, 97], "position": [-0.2128266841173172, 1.8822486400604248, 2.245453119277954]}, {"prefab_path": "MensCollection/Prefabs/Rearranged/jacket_4_05", "unique_id": 4, "index": 4, "bbox": [1655, 1, 416, 166], "position": [-0.395831823348999, 2.1888985633850098, -0.7621550559997559]}, {"prefab_path": "clothing_store/models/prefab/T_shirt_8", "unique_id": 5, "index": 5, "bbox": [298, 204, 179, 46], "position": [-2.8980000019073486, 1.4249999523162842, -2.2230000495910645]}, {"prefab_path": "MensCollection/Prefabs/Rearranged/jacket_3_06", "unique_id": 6, "index": 6, "bbox": [404, 216, 167, 70], "position": [-5.987236976623535, -0.7599018812179565, 0.4006776809692383]}, {"prefab_path": "MensCollection/Prefabs/Rearranged/polo shirt 28", "unique_id": 7, "index": 7, "bbox": [1308, 157, 216, 57], "position": [-1.1029112339019775, 1.8492279052734375, 2.240678310394287]}, {"prefab_path": "1208725/Jacket_red", "unique_id": 8, "index": 8, "bbox": [405, 248, 129, 40], "position": [-2.553414821624756, 2.926980495452881, -0.3176608085632324]}, {"prefab_path": "MensCollection/Prefabs/Rearranged/jacket_2_03", "unique_id": 9, "index": 9, "bbox": [709, 406, 30, 20], "position": [-2.1258034706115723, -2.3494725227355957, -2.737865924835205]}, {"prefab_path": "1208725/Jacket_red", "unique_id": 8, "index": 10, "bbox": [714, 416, 10, 14], "position": [-1.326216697692871, 1.8819806575775146, 1.6832280158996582]}, {"prefab_path": "MensCollection/Prefabs/Rearranged/long_coat_10", "unique_id": 3, "index": 11, "bbox": [731, 395, 30, 17], "position": [-1.9198652505874634, 0.8372488021850586, -0.1284807026386261]}, {"prefab_path": "MensCollection/Prefabs/Rearranged/long_coat_06", "unique_id": 10, "index": 12, "bbox": [738, 393, 24, 13], "position": [-3.508542060852051, -0.376015841960907, -0.20805959403514862]}, {"prefab_path": "MensCollection/Prefabs/Rearranged/jacket_3_02", "unique_id": 0, "index": 13, "bbox": [698, 403, 33, 31], "position": [1.7048673629760742, -3.83341908454895, 3.956172227859497]}, {"prefab_path": "clothing_store/models/prefab/cap_2", "unique_id": 11, "index": 14, "bbox": [715, 426, 44, 79], "position": [-0.8517775535583496, 1.2384647130966187, 0.08227899670600891]}, {"prefab_path": "clothing_store/models/prefab/cap_2", "unique_id": 11, "index": 15, "bbox": [727, 421, 36, 95], "position": [-1.0737088918685913, 1.238464593887329, 0.05085766315460205]}, {"prefab_path": "clothing_store/models/prefab/cap_3", "unique_id": 12, "index": 16, "bbox": [709, 416, 31, 92], "position": [-1.3110499382019043, 1.238464593887329, 0.06428030133247375]}, {"prefab_path": "MensCollection/Prefabs/Rearranged/jacket_3_02", "unique_id": 0, "index": 17, "bbox": [785, 409, 9, 1], "position": [2.983226776123047, -3.8746984004974365, -2.0206849575042725]}, {"prefab_path": "1208725/Jacket_blue", "unique_id": 13, "index": 18, "bbox": [817, 412, 23, 13], "position": [-2.7299892902374268, -0.9918507933616638, 0.04501140117645264]}, {"prefab_path": "MensCollection/Prefabs/Rearranged/jacket_3_02", "unique_id": 0, "index": 19, "bbox": [798, 405, 27, 13], "position": [-7.587553977966309, -3.83341908454895, -0.6928212642669678]}, {"prefab_path": "MensCollection/Prefabs/Rearranged/jacket_3_06", "unique_id": 6, "index": 20, "bbox": [799, 400, 23, 10], "position": [-5.728183746337891, -1.8049023151397705, -0.89583420753479]}, {"prefab_path": "clothing_store/models/prefab/trousers_3", "unique_id": 14, "index": 21, "bbox": [1044, 396, 101, 7], "position": [-5.106999397277832, 0.23014092445373535, 2.1661055088043213]}, {"prefab_path": "1514019/Rearranged/Jeans_Grey", "unique_id": 15, "index": 22, "bbox": [305, 427, 142, 44], "position": [-2.89815616607666, 0.27026891708374023, -2.2378833293914795]}, {"prefab_path": "1514019/Rearranged/Jeans_Blue_V4", "unique_id": 16, "index": 23, "bbox": [410, 413, 120, 30], "position": [-3.613703966140747, 0.24453043937683105, -2.2258832454681396]}, {"prefab_path": "clothing_store/models/prefab/trousers", "unique_id": 17, "index": 24, "bbox": [485, 405, 111, 20], "position": [-4.373917579650879, 0.23014092445373535, -2.2109997272491455]}, {"prefab_path": "1514019/Rearranged/Cap", "unique_id": 18, "index": 25, "bbox": [650, 440, 64, 102], "position": [-2.5095651149749756, 0.4325745105743408, 1.5022164583206177]}, {"prefab_path": "clothing_store/models/prefab/trousers_5", "unique_id": 19, "index": 26, "bbox": [1130, 407, 149, 19], "position": [-2.897865056991577, 0.23014092445373535, 2.189257860183716]}, {"prefab_path": "1514019/Rearranged/Sport_Pants", "unique_id": 20, "index": 27, "bbox": [1101, 407, 124, 7], "position": [-3.6098787784576416, 0.2701929807662964, 2.2052230834960938]}, {"prefab_path": "clothing_store/models/prefab/cap_2", "unique_id": 11, "index": 28, "bbox": [481, 467, 86, 219], "position": [-0.025699995458126068, 1.2400000095367432, 0.018800005316734314]}, {"prefab_path": "MensCollection/Prefabs/Rearranged/long_coat_06", "unique_id": 10, "index": 29, "bbox": [809, 394, 242, 80], "position": [-0.8583438396453857, -0.376015841960907, 0.5534579753875732]}, {"prefab_path": "clothing_store/models/prefab/trousers_5", "unique_id": 19, "index": 30, "bbox": [1297, 428, 237, 63], "position": [-1.1222920417785645, 0.2301410436630249, 2.24706768989563]}, {"prefab_path": "clothing_store/models/prefab/cap_5", "unique_id": 21, "index": 31, "bbox": [265, 531, 164, 401], "position": [0.41537535190582275, 1.238464593887329, -0.021272435784339905]}, {"prefab_path": "1514019/Rearranged/Jeans_Blue_V3", "unique_id": 22, "index": 32, "bbox": [1451, 457, 331, 135], "position": [-0.34670883417129517, 0.246657133102417, 2.2062571048736572]}, {"prefab_path": "1514019/Rearranged/Sport_Pants", "unique_id": 20, "index": 33, "bbox": [1733, 504, 284, 315], "position": [0.372533917427063, 0.2701929807662964, 2.1931071281433105]}], "relationships": {"up": {"0": [5, 22, 23], "32": [1, 3, 7], "33": [2, 3, 1], "9": [5, 22, 23], "11": [8], "12": [8], "13": [2, 33, 3], "16": [8], "17": [31, 4, 28], "18": [8, 11, 16], "19": [6], "20": [8], "22": [5, 8], "23": [5], "25": [8], "29": [14, 15, 16], "30": [7, 10, 1]}, "right": {"0": [18, 13, 29], "4": [2, 3, 1], "5": [10, 11, 7], "6": [21], "8": [10, 7, 1], "9": [18, 29, 13], "10": [7], "11": [30, 7, 10], "12": [26, 25, 27], "14": [3, 1, 32], "15": [1, 3, 7], "16": [1, 7, 10], "17": [13], "18": [26, 30], "20": [21, 27], "22": [30, 25, 11], "23": [25, 26, 12], "24": [26, 27, 12], "28": [2, 33, 3], "29": [32, 30, 33], "31": [2, 33, 3]}, "left": {"1": [15, 16, 14], "2": [4, 28, 31], "3": [14, 4, 15], "7": [10, 16, 5], "10": [5, 16, 15], "11": [22, 5, 23], "12": [24, 23, 22], "13": [0, 9, 17], "14": [5, 22], "15": [5, 22, 23], "16": [5, 22, 23], "18": [23, 22, 24], "21": [6, 24, 20], "25": [23, 22, 24], "26": [24, 23, 12], "27": [24, 12, 23], "29": [22, 9, 23], "30": [22, 11, 29], "32": [29, 14, 15], "33": [28, 29, 31]}, "down": {"1": [32, 30, 33], "2": [33, 32, 13], "3": [32, 33, 30], "4": [29, 9, 0], "5": [22, 23, 9], "6": [19], "7": [30, 32, 29], "8": [18, 11, 12], "10": [30, 32, 29], "11": [18], "14": [29], "15": [29], "16": [29, 18], "22": [9, 0], "23": [0, 9], "24": [0], "28": [29, 17], "31": [17], "32": [13], "33": [13]}}}]}