{"scenes": [{"objects": [{"prefab_path": "WomensCollection/Prefabs/Rearranged/blouse_2_1", "unique_id": 0, "index": 0, "bbox": [33, 161, 289, 147], "position": [4.314070701599121, 2.3956212997436523, 2.3050241470336914]}, {"prefab_path": "WomensCollection/Prefabs/Rearranged/blouse_2_29", "unique_id": 1, "index": 1, "bbox": [1656, 180, 279, 171], "position": [3.746929168701172, 2.368621349334717, -2.2128703594207764]}, {"prefab_path": "WomensCollection/Prefabs/Rearranged/blouse_01_55", "unique_id": 2, "index": 2, "bbox": [1385, 285, 171, 91], "position": [5.038000106811523, 2.367000102996826, -2.220846176147461]}, {"prefab_path": "MensCollection/Prefabs/Rearranged/shirt_hung_up04", "unique_id": 3, "index": 3, "bbox": [11, 447, 345, 184], "position": [4.289895534515381, 1.5438823699951172, 2.3084213733673096]}, {"prefab_path": "WomensCollection/Prefabs/Rearranged/dress2_", "unique_id": 4, "index": 4, "bbox": [1397, 474, 283, 80], "position": [4.980000019073486, 1.3409990072250366, -2.246000051498413]}, {"prefab_path": "WomensCollection/Prefabs/Rearranged/dress_4_24", "unique_id": 5, "index": 5, "bbox": [1507, 487, 319, 109], "position": [4.349457740783691, 1.3420169353485107, -2.246483325958252]}, {"prefab_path": "WomensCollection/Prefabs/Rearranged/dress_4_00", "unique_id": 6, "index": 6, "bbox": [1659, 491, 402, 168], "position": [3.738389492034912, 1.3620569705963135, -2.246058464050293]}, {"prefab_path": "MensCollection/Prefabs/Rearranged/shirt_6", "unique_id": 7, "index": 7, "bbox": [194, 861, 48, 157], "position": [4.336751461029053, 0.7821628451347351, 1.9649250507354736]}, {"prefab_path": "WomensCollection/Prefabs/Rearranged/shirt_4_05", "unique_id": 8, "index": 8, "bbox": [374, 851, 46, 139], "position": [4.336702823638916, 0.7826354503631592, 1.4909212589263916]}, {"prefab_path": "WomensCollection/Prefabs/Rearranged/dress_4_04", "unique_id": 9, "index": 9, "bbox": [1003, 788, 215, 108], "position": [3.320714235305786, 0.7068259716033936, -0.12919890880584717]}, {"prefab_path": "WomensCollection/Prefabs/Rearranged/dress_4_11", "unique_id": 10, "index": 10, "bbox": [1211, 781, 222, 133], "position": [2.6489992141723633, 0.984017014503479, -0.2225239872932434]}, {"prefab_path": "MensCollection/Prefabs/Rearranged/shirt_folded_1_21", "unique_id": 11, "index": 11, "bbox": [94, 903, 77, 198], "position": [4.0377516746521, 0.7569111585617065, 1.96892511844635]}, {"prefab_path": "MensCollection/Prefabs/Rearranged/shirt_folded_1_06", "unique_id": 12, "index": 12, "bbox": [307, 891, 72, 168], "position": [4.0377516746521, 0.757389485836029, 1.4949250221252441]}, {"prefab_path": "WomensCollection/Prefabs/Rearranged/dress2_", "unique_id": 4, "index": 13, "bbox": [722, 863, 127, 22], "position": [2.875999927520752, 0.7729990482330322, 0.5059999823570251]}, {"prefab_path": "WomensCollection/Prefabs/Rearranged/hanging_dress_1_26", "unique_id": 13, "index": 14, "bbox": [827, 873, 130, 21], "position": [2.8567185401916504, 0.9829672574996948, 0.27346429228782654]}, {"prefab_path": "WomensCollection/Prefabs/Rearranged/dress_6_05", "unique_id": 14, "index": 15, "bbox": [909, 840, 160, 34], "position": [2.8475797176361084, 0.8689459562301636, 0.2079998105764389]}, {"prefab_path": "WomensCollection/Prefabs/Rearranged/dress_6_08", "unique_id": 15, "index": 16, "bbox": [1023, 816, 184, 142], "position": [3.0829997062683105, 0.7959463596343994, -0.12358111143112183]}, {"prefab_path": "WomensCollection/Prefabs/Rearranged/dress_4_04", "unique_id": 9, "index": 17, "bbox": [1338, 817, 186, 120], "position": [2.6872260570526123, 0.8778259754180908, -0.4180658757686615]}, {"prefab_path": "MensCollection/Prefabs/Rearranged/sweater_folded38", "unique_id": 16, "index": 18, "bbox": [24, 962, 41, 189], "position": [3.7408299446105957, 0.8041285276412964, 1.976757287979126]}, {"prefab_path": "MensCollection/Prefabs/Rearranged/sweater_folded74", "unique_id": 17, "index": 19, "bbox": [240, 945, 58, 189], "position": [3.7499144077301025, 0.8041285276412964, 1.4969487190246582]}, {"prefab_path": "WomensCollection/Prefabs/Rearranged/dress_4_00", "unique_id": 6, "index": 20, "bbox": [1036, 920, 83, 63], "position": [2.504058361053467, 0.9180570840835571, 0.10338947921991348]}], "relationships": {"right": {"0": [1, 6, 5], "3": [6, 5, 1], "7": [8, 12, 6], "8": [6, 5, 9], "9": [6, 5], "10": [17], "11": [12, 19, 9], "12": [9, 6, 16], "13": [15, 17, 10], "14": [17, 10, 6], "15": [17, 10, 6], "16": [6], "18": [19, 9, 16], "19": [9, 16, 15], "20": [10, 17, 6]}, "down": {"0": [3, 7, 11], "1": [6, 5], "2": [4, 5], "3": [7, 11], "14": [15]}, "left": {"1": [0, 3, 7], "2": [0, 3, 8], "4": [8, 3, 7], "5": [3, 8, 7], "6": [3, 7, 8], "8": [7], "9": [18, 19, 11], "10": [14, 15, 20], "12": [11, 7], "13": [18, 19, 11], "14": [18, 19, 11], "15": [13, 18, 19], "16": [13, 18, 19], "17": [15, 13, 10], "19": [18, 11], "20": [18, 19, 11]}, "up": {"3": [0], "4": [2], "5": [1, 2], "6": [1], "7": [3, 0], "8": [0], "11": [0, 3], "12": [0], "15": [14], "18": [0], "19": [0]}}}]}