{"scenes": [{"objects": [{"prefab_path": "870230/hoodie03", "unique_id": 0, "index": 0, "bbox": [834, 1, 296, 164], "position": [-0.18674613535404205, 2.0649633407592773, 2.248152256011963]}, {"prefab_path": "1208725/Jacket_red", "unique_id": 1, "index": 1, "bbox": [1998, 1, 257, 41], "position": [-0.8063387870788574, 2.926980495452881, 3.072584867477417]}, {"prefab_path": "MensCollection/Prefabs/Rearranged/jacket_4_09", "unique_id": 2, "index": 2, "bbox": [453, 1, 328, 121], "position": [-1.0846080780029297, 1.8144785165786743, 2.2568881511688232]}, {"prefab_path": "MensCollection/Prefabs/Rearranged/long_coat_12", "unique_id": 3, "index": 3, "bbox": [751, 1, 372, 225], "position": [0.0707826018333435, 0.4726707935333252, 1.4254016876220703]}, {"prefab_path": "MensCollection/Prefabs/Rearranged/jacket_3_06", "unique_id": 4, "index": 4, "bbox": [1114, 1, 368, 103], "position": [-2.1522369384765625, -0.7599018812179565, 4.863677024841309]}, {"prefab_path": "MensCollection/Prefabs/Rearranged/shirt_hung_up24", "unique_id": 5, "index": 5, "bbox": [1215, 1, 340, 78], "position": [0.2838999927043915, 1.8483309745788574, 2.2439839839935303]}, {"prefab_path": "MensCollection/Prefabs/Rearranged/jacket_3_02", "unique_id": 6, "index": 6, "bbox": [1292, 1, 376, 180], "position": [-1.5971858501434326, -2.788418769836426, -3.1198267936706543]}, {"prefab_path": "MensCollection/Prefabs/Rearranged/long_coat_10", "unique_id": 7, "index": 7, "bbox": [1445, 3, 392, 185], "position": [0.5611733198165894, 1.8822486400604248, 2.245453119277954]}, {"prefab_path": "clothing_store/models/prefab/trousers_5", "unique_id": 8, "index": 8, "bbox": [15, 384, 316, 101], "position": [-2.897865056991577, 0.23014092445373535, 2.189257860183716]}, {"prefab_path": "clothing_store/models/prefab/trousers_4", "unique_id": 9, "index": 9, "bbox": [489, 400, 388, 119], "position": [-1.1222920417785645, 0.2301410436630249, 2.24706768989563]}, {"prefab_path": "1514019/Rearranged/Jeans_Grey", "unique_id": 10, "index": 10, "bbox": [783, 440, 348, 197], "position": [-0.34670883417129517, 0.27026891708374023, 2.2062571048736572]}, {"prefab_path": "1514019/Rearranged/Jeans_Blue_V3", "unique_id": 11, "index": 11, "bbox": [1166, 458, 330, 278], "position": [0.36929112672805786, 0.246657133102417, 2.194141149520874]}, {"prefab_path": "1514019/Rearranged/Jeans_Grey", "unique_id": 10, "index": 12, "bbox": [1745, 502, 286, 352], "position": [1.128291130065918, 0.27026891708374023, 2.251950979232788]}], "relationships": {"left": {"0": [2], "3": [8], "5": [0, 2, 8], "7": [5, 0, 2], "9": [8], "10": [9, 8], "11": [10, 9, 8], "12": [11, 10, 3]}, "down": {"0": [10, 11, 3], "1": [10, 9, 2], "2": [9, 10], "5": [11, 3, 10], "7": [11, 12, 3]}, "right": {"0": [5, 7], "2": [0, 5, 7], "3": [12], "5": [7], "8": [9, 10, 11], "9": [10, 11, 12], "10": [11, 12], "11": [12]}, "up": {"2": [1], "3": [0, 5, 7], "9": [2, 1, 0], "10": [0, 1, 2], "11": [5, 7, 0], "12": [7, 5, 0]}}}]}