{"scenes": [{"objects": [{"prefab_path": "clothing_store/models/prefab/T_shirt_10", "unique_id": 0, "index": 0, "bbox": [325, 302, 292, 202], "position": [-2.369999885559082, 1.8120002746582031, -7.293000221252441]}, {"prefab_path": "MensCollection/Prefabs/Rearranged/jacket_3_02", "unique_id": 1, "index": 1, "bbox": [607, 320, 226, 101], "position": [2.1038267612457275, -2.401418924331665, -9.314186096191406]}, {"prefab_path": "MensCollection/Prefabs/Rearranged/jacket_4_09", "unique_id": 2, "index": 2, "bbox": [759, 333, 174, 72], "position": [-4.246392250061035, 2.2014784812927246, -7.308888912200928]}, {"prefab_path": "1514019/Rearranged/Jean_Jacket", "unique_id": 3, "index": 3, "bbox": [1124, 383, 151, 42], "position": [-4.218862056732178, 1.7909629344940186, -5.280738353729248]}, {"prefab_path": "MensCollection/Prefabs/Rearranged/shirt_mannequin_1_01", "unique_id": 4, "index": 4, "bbox": [1072, 365, 215, 66], "position": [-3.596043348312378, 2.152883291244507, -5.281473159790039]}, {"prefab_path": "1514019/Rearranged/Jacket_Grey", "unique_id": 5, "index": 5, "bbox": [1225, 392, 209, 48], "position": [-4.293859958648682, 1.507941722869873, -4.800738334655762]}, {"prefab_path": "1514019/Rearranged/TShirt_Black_2", "unique_id": 6, "index": 6, "bbox": [1006, 396, 208, 95], "position": [-2.882753610610962, 1.834212064743042, -5.296710014343262]}, {"prefab_path": "1514019/Rearranged/Jacket_Grey", "unique_id": 5, "index": 7, "bbox": [1212, 394, 255, 62], "position": [-3.6718602180480957, 1.507941722869873, -4.800738334655762]}, {"prefab_path": "1514019/Rearranged/Jacket_Grey", "unique_id": 5, "index": 8, "bbox": [1145, 398, 368, 129], "position": [-2.952860116958618, 1.507941722869873, -4.800738334655762]}, {"prefab_path": "MensCollection/Prefabs/Rearranged/long_coat_12", "unique_id": 7, "index": 9, "bbox": [607, 532, 224, 101], "position": [-2.8012173175811768, -0.0663290023803711, -8.114598274230957]}, {"prefab_path": "clothing_store/models/prefab/T_shirt_9", "unique_id": 8, "index": 10, "bbox": [641, 523, 194, 102], "position": [-3.3970000743865967, 0.8859999179840088, -7.293000221252441]}, {"prefab_path": "MensCollection/Prefabs/Rearranged/jacket_3_02", "unique_id": 1, "index": 11, "bbox": [694, 508, 196, 84], "position": [-5.618185997009277, -3.3274190425872803, -12.653827667236328]}, {"prefab_path": "MensCollection/Prefabs/Rearranged/long_coat_12", "unique_id": 7, "index": 12, "bbox": [713, 501, 203, 84], "position": [-3.4052176475524902, -0.10760903358459473, -8.114598274230957]}], "relationships": {"right": {"0": [6, 8, 7], "2": [3, 5, 4], "3": [5], "6": [8], "9": [7, 5, 8], "10": [5, 7, 3], "12": [5, 7, 3]}, "down": {"0": [9, 12], "2": [10, 12, 9]}, "left": {"3": [2, 10, 0], "4": [0, 2, 10], "5": [3, 10, 2], "6": [0], "7": [0, 10, 2], "8": [6, 0, 10]}, "up": {"9": [0, 2], "10": [2], "12": [2, 0]}}}]}