{"scenes": [{"objects": [{"prefab_path": "MensCollection/Prefabs/Rearranged/jacket_2_03", "unique_id": 0, "index": 0, "bbox": [683, 263, 167, 57], "position": [-4.442732810974121, -0.7103862762451172, -1.5217046737670898]}, {"prefab_path": "MensCollection/Prefabs/Rearranged/jacket_3_06", "unique_id": 1, "index": 1, "bbox": [734, 252, 187, 91], "position": [0.8086338043212891, -0.1658153533935547, -0.28248119354248047]}, {"prefab_path": "1208725/Jacket_blue", "unique_id": 2, "index": 2, "bbox": [784, 265, 192, 94], "position": [-1.0233739614486694, 0.5889616012573242, -2.3572545051574707]}, {"prefab_path": "1208725/Jacket_gray", "unique_id": 3, "index": 3, "bbox": [861, 253, 222, 117], "position": [0.16384261846542358, 0.5660109519958496, -2.3973822593688965]}, {"prefab_path": "MensCollection/Prefabs/Rearranged/long_coat_10 1", "unique_id": 4, "index": 4, "bbox": [983, 212, 302, 137], "position": [2.42162823677063, 1.9440922737121582, -3.4829087257385254]}, {"prefab_path": "1514019/Rearranged/Jean_Jacket", "unique_id": 5, "index": 5, "bbox": [5, 381, 65, 16], "position": [-4.218862056732178, 1.7909629344940186, -5.280738353729248]}, {"prefab_path": "1514019/Rearranged/Jacket_Grey", "unique_id": 6, "index": 6, "bbox": [74, 358, 213, 158], "position": [-2.952860116958618, 1.507941722869873, -4.800738334655762]}, {"prefab_path": "MensCollection/Prefabs/Rearranged/jacket_1", "unique_id": 7, "index": 7, "bbox": [682, 438, 178, 52], "position": [-2.352400064468384, -1.4777717590332031, -1.664243221282959]}, {"prefab_path": "MensCollection/Prefabs/Rearranged/jacket_2_03", "unique_id": 0, "index": 8, "bbox": [723, 450, 186, 77], "position": [-3.907357931137085, -1.7375907897949219, -1.7938032150268555]}, {"prefab_path": "870230/hoodie09", "unique_id": 8, "index": 9, "bbox": [797, 476, 188, 80], "position": [-0.9968997240066528, 1.6334295272827148, -2.907975912094116]}, {"prefab_path": "870230/hoodie03", "unique_id": 9, "index": 10, "bbox": [873, 490, 218, 108], "position": [-0.38361626863479614, 1.6317707300186157, -2.907515287399292]}, {"prefab_path": "MensCollection/Prefabs/Rearranged/jacket_3_06", "unique_id": 1, "index": 11, "bbox": [277, 581, 95, 106], "position": [-1.959236979484558, -0.9829015731811523, -2.1213226318359375]}, {"prefab_path": "1208725/Jacket_gray", "unique_id": 3, "index": 12, "bbox": [986, 512, 225, 158], "position": [0.8063443303108215, -0.3217329978942871, -2.204188823699951]}, {"prefab_path": "MensCollection/Prefabs/Rearranged/jacket_4_09", "unique_id": 10, "index": 13, "bbox": [298, 606, 111, 114], "position": [0.5281113982200623, 1.5914788246154785, -4.723608016967773]}], "relationships": {"right": {"0": [1], "2": [1], "5": [9, 10, 6], "6": [10, 9, 3], "7": [1], "8": [7, 1], "9": [10, 1], "11": [1], "13": [4]}, "down": {"0": [8], "2": [11], "3": [12], "9": [2, 11, 7], "10": [3, 12]}, "left": {"1": [11, 2, 7], "2": [6, 5], "3": [6, 5], "4": [13, 6, 5], "6": [5], "7": [8], "9": [5, 6], "10": [6, 9, 5], "12": [6, 5], "13": [6, 5]}, "up": {"2": [9], "3": [10], "7": [9], "8": [0], "11": [2, 9], "12": [3, 10]}}}]}