{"scenes": [{"objects": [{"prefab_path": "1498649_store/Prefabs/_itog026", "unique_id": 0, "index": 0, "bbox": [2, 43, 248, 223], "position": [2.55253529548645, 2.233445405960083, -7.289802074432373]}, {"prefab_path": "WomensCollection/Prefabs/Rearranged/hanging_dress_1", "unique_id": 1, "index": 1, "bbox": [1, 214, 156, 364], "position": [1.609842300415039, 1.7813448905944824, -4.8503522872924805]}, {"prefab_path": "WomensCollection/Prefabs/Rearranged/leather_jacket_1_13", "unique_id": 2, "index": 2, "bbox": [565, 225, 187, 118], "position": [1.2589112520217896, 2.2477874755859375, -7.2926788330078125]}, {"prefab_path": "WomensCollection/Prefabs/Rearranged/blouse_01_55", "unique_id": 3, "index": 3, "bbox": [775, 222, 184, 131], "position": [0.37191110849380493, 2.2284488677978516, -7.2926788330078125]}, {"prefab_path": "1498649_store/Prefabs/_itog045", "unique_id": 4, "index": 4, "bbox": [996, 221, 202, 106], "position": [-0.5972349047660828, 2.228811740875244, -7.292694091796875]}, {"prefab_path": "1498649_store/Prefabs/_itog038", "unique_id": 5, "index": 5, "bbox": [1296, 248, 163, 79], "position": [-2.370234489440918, 2.228811740875244, -7.292694091796875]}, {"prefab_path": "MensCollection/Prefabs/Rearranged/jacket_2_06", "unique_id": 6, "index": 6, "bbox": [1480, 344, 23, 59], "position": [-2.2485690116882324, -2.324559211730957, -9.492247581481934]}, {"prefab_path": "1498649_store/Prefabs/_itog049", "unique_id": 7, "index": 7, "bbox": [1520, 337, 61, 62], "position": [-4.227234840393066, 2.228811740875244, -7.292694091796875]}, {"prefab_path": "WomensCollection/Prefabs/Rearranged/dress_4_16", "unique_id": 8, "index": 8, "bbox": [546, 58, 857, 111], "position": [1.2656625509262085, 1.6724354028701782, -4.870426177978516]}, {"prefab_path": "WomensCollection/Prefabs/Rearranged/dress_6_", "unique_id": 9, "index": 9, "bbox": [211, 98, 817, 452], "position": [1.4121935367584229, 1.7303247451782227, -5.1968159675598145]}, {"prefab_path": "WomensCollection/Prefabs/Rearranged/hanging_dress_1", "unique_id": 1, "index": 10, "bbox": [702, 176, 739, 129], "position": [1.223140001296997, 1.7573449611663818, -4.8725786209106445]}, {"prefab_path": "WomensCollection/Prefabs/Rearranged/blouse_2_07 1", "unique_id": 10, "index": 11, "bbox": [987, 442, 186, 53], "position": [-0.39670267701148987, 1.304069995880127, -7.287840843200684]}, {"prefab_path": "WomensCollection/Prefabs/Rearranged/blouse_01_62", "unique_id": 11, "index": 12, "bbox": [1032, 448, 171, 57], "position": [-0.5996787548065186, 1.3024487495422363, -7.28891134262085]}, {"prefab_path": "1208725/Jacket_blue", "unique_id": 12, "index": 13, "bbox": [1051, 430, 201, 76], "position": [-1.340862512588501, -0.48585081100463867, -7.3142266273498535]}, {"prefab_path": "1498649_store/Prefabs/_itog054", "unique_id": 13, "index": 14, "bbox": [1102, 428, 195, 61], "position": [-1.008693814277649, 1.3028117418289185, -7.289765357971191]}, {"prefab_path": "1498649_store/Prefabs/_itog056", "unique_id": 14, "index": 15, "bbox": [1258, 337, 483, 237], "position": [-0.1156935915350914, 1.6188119649887085, -5.2767653465271]}, {"prefab_path": "MensCollection/Prefabs/Rearranged/jacket_2_03", "unique_id": 15, "index": 16, "bbox": [1477, 259, 656, 407], "position": [-1.5537173748016357, -1.5274724960327148, -6.8358154296875]}], "relationships": {"right": {"0": [2, 3, 15], "1": [10, 8], "2": [3, 4, 11], "3": [4, 5, 7], "4": [5, 7], "5": [7], "9": [15], "11": [12, 14, 5], "12": [14, 5, 7], "14": [7]}, "left": {"2": [0], "3": [2, 0], "4": [3, 2, 0], "5": [4, 3, 12], "7": [5, 4, 14], "8": [1], "10": [1], "11": [2, 0], "12": [11, 2, 0], "14": [12, 11, 2], "15": [9, 0, 2]}, "down": {"3": [13, 16], "4": [12, 11, 14], "5": [16, 13, 6], "7": [16, 6], "10": [8], "11": [13, 16], "12": [13, 16], "13": [16], "14": [13, 16]}, "up": {"6": [5, 4, 7], "8": [10], "11": [4], "12": [4], "13": [14, 12, 4], "14": [4], "16": [13, 14, 5]}}}]}