{"scenes": [{"objects": [{"prefab_path": "MensCollection/Prefabs/Rearranged/jacket_1", "unique_id": 0, "index": 0, "bbox": [1101, 172, 349, 191], "position": [-2.4511332511901855, -0.45056724548339844, -1.5666561126708984]}, {"prefab_path": "MensCollection/Prefabs/Rearranged/jacket_3_06", "unique_id": 1, "index": 1, "bbox": [1307, 187, 323, 137], "position": [0.8086338043212891, -0.1658153533935547, -0.28248119354248047]}, {"prefab_path": "MensCollection/Prefabs/Rearranged/jacket_2_06", "unique_id": 2, "index": 2, "bbox": [1496, 213, 304, 132], "position": [-5.214393615722656, -1.5657474994659424, -1.160548210144043]}, {"prefab_path": "MensCollection/Prefabs/Rearranged/long_coat_10", "unique_id": 3, "index": 3, "bbox": [1620, 208, 310, 151], "position": [-0.3902970552444458, 2.4204483032226562, -2.8813223838806152]}, {"prefab_path": "MensCollection/Prefabs/Rearranged/long_coat_10 1", "unique_id": 4, "index": 4, "bbox": [1754, 217, 289, 123], "position": [2.42162823677063, 1.9440922737121582, -3.4829087257385254]}, {"prefab_path": "MensCollection/Prefabs/Rearranged/jacket_4_05", "unique_id": 5, "index": 5, "bbox": [2040, 313, 106, 57], "position": [6.697479724884033, 2.6829848289489746, 1.362021565437317]}, {"prefab_path": "MensCollection/Prefabs/Rearranged/jacket_2_03", "unique_id": 6, "index": 6, "bbox": [2031, 428, 122, 66], "position": [7.719599723815918, -1.8375910520553589, 0.4160505533218384]}, {"prefab_path": "MensCollection/Prefabs/Rearranged/jacket_3_06", "unique_id": 1, "index": 7, "bbox": [1608, 497, 284, 128], "position": [2.238577365875244, -1.3069977760314941, -0.7498946189880371]}, {"prefab_path": "clothing_store/models/prefab/T_shirt_7", "unique_id": 7, "index": 8, "bbox": [1722, 495, 219, 89], "position": [0.24238131940364838, 1.0501551628112793, -2.7877135276794434]}, {"prefab_path": "MensCollection/Prefabs/Rearranged/long_coat_06", "unique_id": 8, "index": 9, "bbox": [1124, 522, 266, 190], "position": [-1.3381657600402832, 0.23586583137512207, -3.6840240955352783]}, {"prefab_path": "MensCollection/Prefabs/Rearranged/jacket_3_02", "unique_id": 9, "index": 10, "bbox": [1331, 522, 266, 123], "position": [-7.226017475128174, -3.2215373516082764, -1.7111210823059082]}, {"prefab_path": "1208725/Jacket_gray", "unique_id": 10, "index": 11, "bbox": [1475, 523, 265, 155], "position": [-0.39038896560668945, -0.3800067901611328, -2.361490249633789]}], "relationships": {"left": {"0": [2, 10], "1": [2, 10], "4": [3, 8, 9], "5": [2, 10], "6": [7, 1, 0], "7": [0, 2, 10], "8": [0, 2, 10], "9": [2, 10], "11": [0, 2, 10]}, "right": {"0": [11, 8, 7], "1": [6], "2": [0, 11, 9], "3": [4], "7": [6], "8": [4], "9": [4], "10": [11, 0, 9], "11": [6]}, "down": {"8": [11], "3": [8, 11, 9], "5": [6]}, "up": {"8": [3], "9": [3], "11": [3, 8], "6": [5]}}}]}