{"scenes": [{"objects": [{"prefab_path": "1208725/Jacket_blue", "unique_id": 0, "index": 0, "bbox": [487, 279, 220, 161], "position": [-2.345773458480835, 0.44014930725097656, -7.833862781524658]}, {"prefab_path": "MensCollection/Prefabs/Rearranged/jacket_3_06", "unique_id": 1, "index": 1, "bbox": [708, 280, 194, 103], "position": [-5.878676891326904, -0.37290239334106445, -9.596237182617188]}, {"prefab_path": "MensCollection/Prefabs/Rearranged/long_coat_10", "unique_id": 2, "index": 2, "bbox": [866, 283, 168, 73], "position": [-4.2294535636901855, 2.2692489624023438, -7.309826850891113]}, {"prefab_path": "MensCollection/Prefabs/Rearranged/sweater_01", "unique_id": 3, "index": 3, "bbox": [1154, 325, 87, 66], "position": [-4.2223052978515625, 2.1247165203094482, -5.28132438659668]}, {"prefab_path": "1514019/Rearranged/Jacket_Grey", "unique_id": 4, "index": 4, "bbox": [921, 296, 345, 162], "position": [-2.8778598308563232, 1.6739416122436523, -5.280738353729248]}, {"prefab_path": "1514019/Rearranged/Jean_Jacket_2", "unique_id": 5, "index": 5, "bbox": [1214, 378, 228, 83], "position": [-1.076066493988037, 1.5808186531066895, -4.7865118980407715]}, {"prefab_path": "1514019/Rearranged/TShirt_White_2", "unique_id": 6, "index": 6, "bbox": [1271, 380, 155, 67], "position": [-4.301198482513428, 1.6549465656280518, -4.816610813140869]}, {"prefab_path": "clothing_store/models/prefab/T_shirt_3", "unique_id": 7, "index": 7, "bbox": [767, 458, 168, 60], "position": [-3.3970000743865967, 0.8859999179840088, -7.293000221252441]}, {"prefab_path": "MensCollection/Prefabs/Rearranged/long_coat_06", "unique_id": 8, "index": 8, "bbox": [794, 439, 187, 66], "position": [-2.8110923767089844, 0.12998414039611816, -6.389931678771973]}, {"prefab_path": "MensCollection/Prefabs/Rearranged/jacket_2_06", "unique_id": 9, "index": 9, "bbox": [816, 450, 163, 75], "position": [-5.543569087982178, -2.6818394660949707, -11.508247375488281]}, {"prefab_path": "MensCollection/Prefabs/Rearranged/suit 2", "unique_id": 10, "index": 10, "bbox": [1077, 355, 358, 142], "position": [-2.958794593811035, 1.9542865753173828, -4.8729448318481445]}, {"prefab_path": "MensCollection/Prefabs/Rearranged/jacket_3_02", "unique_id": 11, "index": 11, "bbox": [721, 464, 183, 82], "position": [-5.2231855392456055, -3.3274190425872803, -12.653827667236328]}, {"prefab_path": "1208725/Jacket_gray", "unique_id": 12, "index": 12, "bbox": [1, 587, 201, 68], "position": [-1.5456266403198242, -0.4858884811401367, -6.681241989135742]}], "relationships": {"right": {"0": [8, 7, 6], "4": [6], "7": [6, 3], "8": [6], "11": [9]}, "down": {"2": [7, 8]}, "left": {"3": [7, 0], "4": [0], "6": [4, 7, 0], "7": [0], "8": [0], "9": [11], "10": [0]}, "up": {"8": [2], "7": [2]}}}]}