{"scenes": [{"objects": [{"prefab_path": "MensCollection/Prefabs/Rearranged/shirt_hung_up11", "unique_id": 0, "index": 0, "bbox": [1903, 221, 221, 194], "position": [1.102015733718872, 1.8483312129974365, -2.216099739074707]}, {"prefab_path": "MensCollection/Prefabs/Rearranged/long_coat_06", "unique_id": 1, "index": 1, "bbox": [1357, 438, 26, 22], "position": [3.4112935066223145, -0.376015841960907, -0.39308226108551025]}, {"prefab_path": "MensCollection/Prefabs/Rearranged/jacket_4_05", "unique_id": 2, "index": 2, "bbox": [1421, 444, 45, 15], "position": [1.2374446392059326, 1.143898844718933, 2.68217134475708]}, {"prefab_path": "MensCollection/Prefabs/Rearranged/jacket_3_02", "unique_id": 3, "index": 3, "bbox": [1387, 443, 42, 33], "position": [-1.1190185546875, -3.833418607711792, 4.470729827880859]}, {"prefab_path": "MensCollection/Prefabs/Rearranged/jacket_4_05", "unique_id": 2, "index": 4, "bbox": [1465, 464, 29, 22], "position": [-1.1763253211975098, 1.1438990831375122, 0.4270962178707123]}, {"prefab_path": "1208725/Jacket_blue", "unique_id": 4, "index": 5, "bbox": [1489, 475, 26, 16], "position": [1.5835278034210205, -0.9918507933616638, 0.30460792779922485]}, {"prefab_path": "1208725/Jacket_gray", "unique_id": 5, "index": 6, "bbox": [1463, 463, 16, 8], "position": [1.5548198223114014, -0.9918884634971619, 0.3641728460788727]}, {"prefab_path": "clothing_store/models/prefab/cap_5", "unique_id": 6, "index": 7, "bbox": [1612, 503, 41, 89], "position": [1.2450238466262817, 1.238464593887329, -0.03639775514602661]}, {"prefab_path": "MensCollection/Prefabs/Rearranged/shirt_hung_up28", "unique_id": 7, "index": 8, "bbox": [325, 557, 57, 18], "position": [2.3175878524780273, 0.8033310174942017, 3.855815887451172]}, {"prefab_path": "MensCollection/Prefabs/Rearranged/long_coat_10", "unique_id": 8, "index": 9, "bbox": [361, 527, 49, 31], "position": [2.343900203704834, 0.8372488021850586, 3.7844972610473633]}, {"prefab_path": "MensCollection/Prefabs/Rearranged/jacket_4_05", "unique_id": 2, "index": 10, "bbox": [407, 536, 47, 40], "position": [0.07019901275634766, 1.1438989639282227, 5.728084087371826]}, {"prefab_path": "MensCollection/Prefabs/Rearranged/long_coat_12", "unique_id": 9, "index": 11, "bbox": [1297, 447, 219, 131], "position": [2.179572582244873, -0.5723289847373962, -0.667129397392273]}, {"prefab_path": "MensCollection/Prefabs/Rearranged/jacket_3_02", "unique_id": 3, "index": 12, "bbox": [1326, 468, 229, 79], "position": [0.06731462478637695, -3.8746984004974365, -5.113226890563965]}, {"prefab_path": "MensCollection/Prefabs/Rearranged/jacket_4_09", "unique_id": 10, "index": 13, "bbox": [1396, 465, 259, 48], "position": [1.8989460468292236, 0.7694786190986633, 0.1867130696773529]}, {"prefab_path": "MensCollection/Prefabs/Rearranged/jacket_2_06", "unique_id": 11, "index": 14, "bbox": [1440, 468, 241, 73], "position": [5.091177940368652, -3.146559953689575, -3.1387391090393066]}, {"prefab_path": "clothing_store/models/prefab/cap_2", "unique_id": 12, "index": 15, "bbox": [1673, 525, 53, 98], "position": [1.0043755769729614, 1.2384647130966187, 0.03372758626937866]}, {"prefab_path": "1514019/Rearranged/Hat_NY_PD", "unique_id": 13, "index": 16, "bbox": [1792, 526, 71, 109], "position": [1.7186505794525146, 0.4020347595214844, -0.03356998413801193]}, {"prefab_path": "1514019/Rearranged/Jeans_Blue", "unique_id": 14, "index": 17, "bbox": [1892, 476, 235, 141], "position": [1.1277086734771729, 0.24459731578826904, -2.1808834075927734]}, {"prefab_path": "MensCollection/Prefabs/Rearranged/jacket_3_02", "unique_id": 3, "index": 18, "bbox": [164, 606, 41, 55], "position": [0.06731462478637695, -3.8746984004974365, -1.343226432800293]}, {"prefab_path": "MensCollection/Prefabs/Rearranged/jacket_4_05", "unique_id": 2, "index": 19, "bbox": [83, 578, 111, 234], "position": [0.3953695297241211, 1.1438989639282227, 1.528658390045166]}, {"prefab_path": "MensCollection/Prefabs/Rearranged/jacket_4_09", "unique_id": 10, "index": 20, "bbox": [228, 560, 87, 74], "position": [2.2579638957977295, 0.7694786190986633, 3.975696563720703]}, {"prefab_path": "clothing_store/models/prefab/cap_5", "unique_id": 6, "index": 21, "bbox": [1994, 596, 69, 103], "position": [0.41537535190582275, 1.238464593887329, -0.021272435784339905]}, {"prefab_path": "MensCollection/Prefabs/Rearranged/jacket_3_06", "unique_id": 15, "index": 22, "bbox": [91, 614, 94, 110], "position": [-1.550410270690918, -1.8049018383026123, 4.2946600914001465]}, {"prefab_path": "MensCollection/Prefabs/Rearranged/jacket_3_06", "unique_id": 15, "index": 23, "bbox": [104, 620, 142, 215], "position": [-1.451171875, -1.8049020767211914, 2.69551944732666]}, {"prefab_path": "1208725/Jacket_red", "unique_id": 16, "index": 24, "bbox": [303, 627, 57, 25], "position": [3.771228790283203, 1.8819806575775146, 2.966216564178467]}, {"prefab_path": "MensCollection/Prefabs/Rearranged/jacket_2_06", "unique_id": 11, "index": 25, "bbox": [316, 601, 187, 129], "position": [-2.619002342224121, -3.146559000015259, 2.918966293334961]}, {"prefab_path": "870230/hoodie03", "unique_id": 17, "index": 26, "bbox": [335, 609, 179, 219], "position": [1.9838128089904785, 1.0199635028839111, 3.5500004291534424]}, {"prefab_path": "MensCollection/Prefabs/Rearranged/jacket_4_09", "unique_id": 10, "index": 27, "bbox": [387, 542, 246, 217], "position": [2.2260313034057617, 0.7694786190986633, 3.5455613136291504]}, {"prefab_path": "1208725/Jacket_blue", "unique_id": 4, "index": 28, "bbox": [399, 583, 205, 202], "position": [1.550583839416504, -0.9918507933616638, 3.501187801361084]}], "relationships": {"left": {"0": [24, 7, 13], "2": [26, 20, 8], "4": [10, 19, 2], "5": [28, 27, 8], "6": [28, 27, 8], "7": [9, 8, 27], "11": [27, 9, 8], "12": [18, 5, 6], "13": [9, 27, 8], "15": [9, 26, 8], "16": [27, 9, 8], "17": [16, 13, 11], "18": [28, 3], "19": [2, 26, 20], "21": [26, 2, 20], "23": [22], "25": [3], "26": [20, 8], "27": [8, 9, 20]}, "down": {"0": [17, 18, 12], "2": [28, 23, 3], "4": [23, 25, 18], "5": [18], "6": [18], "7": [16, 6, 5], "8": [28, 3], "9": [28, 3], "10": [3, 22], "11": [18], "13": [5, 6, 16], "15": [6, 5, 18], "16": [5, 6, 18], "17": [18], "19": [23, 25, 3], "20": [28, 3], "21": [6, 5, 18], "22": [3], "23": [25], "24": [28, 3], "26": [28, 3], "27": [28, 3]}, "right": {"1": [17, 12], "2": [21, 19, 15], "3": [25, 18, 12], "5": [17, 12], "6": [17, 12], "7": [0, 17], "8": [27, 26, 15], "9": [27, 15, 21], "10": [4, 19, 21], "11": [17, 12], "13": [17, 0], "15": [0, 17], "16": [17, 0], "18": [12], "19": [21, 4, 0], "20": [27, 26, 21], "22": [23, 12], "23": [12], "24": [0, 13, 7], "26": [21, 2, 15], "27": [15, 21, 7], "28": [6, 5, 16]}, "up": {"3": [22, 10, 2], "5": [13, 16, 7], "6": [13, 16, 7], "12": [0], "16": [13, 7], "17": [0], "18": [0, 17, 21], "22": [10], "23": [19, 4, 2], "25": [23, 4, 19], "28": [26, 27, 9]}}}]}