{"scenes": [{"objects": [{"prefab_path": "MensCollection/Prefabs/Rearranged/jacket_3_06", "unique_id": 0, "index": 0, "bbox": [33, 1, 383, 719], "position": [-1.5196771621704102, -0.7599018812179565, -4.524236679077148]}, {"prefab_path": "MensCollection/Prefabs/Rearranged/jacket_3_06", "unique_id": 0, "index": 1, "bbox": [796, 1, 389, 158], "position": [-1.6592369079589844, -0.7599018812179565, 0.4006776809692383]}, {"prefab_path": "1208725/Jacket_blue", "unique_id": 1, "index": 2, "bbox": [1334, 1, 343, 109], "position": [-0.6918624043464661, 0.05314898490905762, -2.2482266426086426]}, {"prefab_path": "MensCollection/Prefabs/Rearranged/long_coat_10", "unique_id": 2, "index": 3, "bbox": [1337, 1, 391, 189], "position": [-0.3158266544342041, 1.8822486400604248, -2.2155468463897705]}, {"prefab_path": "MensCollection/Prefabs/Rearranged/polo shirt 31", "unique_id": 3, "index": 4, "bbox": [1646, 10, 317, 86], "position": [-1.12208890914917, 1.8492279052734375, -2.2206783294677734]}, {"prefab_path": "MensCollection/Prefabs/Rearranged/long_coat_10 1", "unique_id": 4, "index": 5, "bbox": [964, 1, 435, 174], "position": [0.9627919793128967, 1.3670001029968262, -0.0443120002746582]}, {"prefab_path": "MensCollection/Prefabs/Rearranged/jacket_2_06", "unique_id": 5, "index": 6, "bbox": [1112, 1, 398, 129], "position": [-1.4895691871643066, -2.1428394317626953, -6.4382476806640625]}, {"prefab_path": "MensCollection/Prefabs/Rearranged/long_coat_10 1", "unique_id": 4, "index": 7, "bbox": [1133, 1, 419, 167], "position": [-0.4587916433811188, 1.3670001029968262, -4.401688098907471]}, {"prefab_path": "clothing_store/models/prefab/trousers_2", "unique_id": 6, "index": 8, "bbox": [206, 494, 293, 474], "position": [1.128000020980835, 0.2301410436630249, -2.175999879837036]}, {"prefab_path": "1514019/Rearranged/Jeans_Blue_V4", "unique_id": 7, "index": 9, "bbox": [925, 457, 331, 223], "position": [0.36870890855789185, 0.24453043937683105, -2.2378833293914795]}, {"prefab_path": "1514019/Rearranged/Sport_Pants", "unique_id": 8, "index": 10, "bbox": [1315, 451, 337, 140], "position": [-0.35053396224975586, 0.2701929807662964, -2.224849224090576]}, {"prefab_path": "clothing_store/models/prefab/trousers_2", "unique_id": 6, "index": 11, "bbox": [1612, 418, 370, 118], "position": [-1.122291922569275, 0.2301410436630249, -2.175999879837036]}], "relationships": {"up": {"0": [7], "2": [4, 3], "9": [3], "10": [3, 4], "11": [4, 3]}, "left": {"1": [8, 9], "2": [9, 8], "4": [3], "9": [8], "10": [9, 8], "11": [2, 10, 9]}, "right": {"2": [11], "3": [4], "8": [9, 10, 2], "9": [10, 2, 11], "10": [11]}, "down": {"3": [10, 2, 9], "4": [11, 2, 10], "7": [0]}}}]}