{"scenes": [{"objects": [{"prefab_path": "1208725/Jacket_gray", "unique_id": 0, "index": 0, "bbox": [308, 323, 244, 186], "position": [-3.8657584190368652, 0.4401116371154785, -7.82962703704834]}, {"prefab_path": "MensCollection/Prefabs/Rearranged/jacket_4_05", "unique_id": 1, "index": 1, "bbox": [554, 327, 198, 83], "position": [-1.2228455543518066, 2.5758988857269287, -7.839831352233887]}, {"prefab_path": "MensCollection/Prefabs/Rearranged/shirt with vest 1", "unique_id": 2, "index": 2, "bbox": [953, 376, 88, 38], "position": [-4.222094535827637, 2.139694929122925, -5.280720233917236]}, {"prefab_path": "MensCollection/Prefabs/Rearranged/jacket_3_06", "unique_id": 3, "index": 3, "bbox": [1975, 190, 474, 122], "position": [0.1875901222229004, -0.1658153533935547, -0.28248119354248047]}, {"prefab_path": "MensCollection/Prefabs/Rearranged/jacket_4_09", "unique_id": 4, "index": 4, "bbox": [1, 272, 374, 200], "position": [-2.3893918991088867, 2.2014784812927246, -7.308888912200928]}, {"prefab_path": "MensCollection/Prefabs/Rearranged/suit 1", "unique_id": 5, "index": 5, "bbox": [883, 354, 240, 83], "position": [-3.6027944087982178, 2.120286703109741, -5.352944850921631]}, {"prefab_path": "1514019/Rearranged/Jean_Jacket", "unique_id": 6, "index": 6, "bbox": [1050, 417, 133, 50], "position": [-4.293862342834473, 1.6249628067016602, -4.800738334655762]}, {"prefab_path": "MensCollection/Prefabs/Rearranged/dress shirt c", "unique_id": 7, "index": 7, "bbox": [771, 357, 312, 123], "position": [-2.865999937057495, 2.119999885559082, -5.2769999504089355]}, {"prefab_path": "1514019/Rearranged/Sport_Jacket", "unique_id": 8, "index": 8, "bbox": [1030, 421, 203, 62], "position": [-3.6718602180480957, 1.6129047870635986, -4.800738334655762]}, {"prefab_path": "MensCollection/Prefabs/Rearranged/shirt_mannequin_1_01", "unique_id": 9, "index": 9, "bbox": [956, 414, 322, 98], "position": [-2.9520435333251953, 1.9868830442428589, -4.801473140716553]}, {"prefab_path": "MensCollection/Prefabs/Rearranged/jacket_2_06", "unique_id": 10, "index": 10, "bbox": [429, 528, 224, 131], "position": [-5.334568977355957, -2.640558958053589, -11.508247375488281]}, {"prefab_path": "MensCollection/Prefabs/Rearranged/jacket_1", "unique_id": 11, "index": 11, "bbox": [492, 524, 215, 104], "position": [-5.039874076843262, -1.624933123588562, -7.404165267944336]}, {"prefab_path": "MensCollection/Prefabs/Rearranged/jacket_1", "unique_id": 11, "index": 12, "bbox": [339, 546, 242, 131], "position": [-4.435873985290527, -1.583653450012207, -7.404165267944336]}, {"prefab_path": "MensCollection/Prefabs/Rearranged/long_coat_10 1", "unique_id": 12, "index": 13, "bbox": [385, 526, 262, 128], "position": [-2.8122076988220215, 0.8692798614501953, -5.114312171936035]}], "relationships": {"right": {"0": [6, 8, 13], "1": [7, 9, 5], "4": [7, 9, 5], "7": [9], "10": [11, 12, 6]}, "down": {"0": [12, 11], "2": [12, 11], "4": [12, 11], "5": [13, 12, 11], "7": [13, 12], "9": [13]}, "left": {"2": [4, 0], "3": [1, 4, 10], "5": [4, 0, 1], "6": [0, 4, 10], "7": [4, 1], "8": [4, 0, 1], "9": [7, 4, 1], "11": [10], "12": [10], "13": [4, 0, 1]}, "up": {"11": [0, 2, 5], "12": [0, 4, 2], "13": [7, 9, 5]}}}]}