{"scenes": [{"objects": [{"prefab_path": "MensCollection/Prefabs/Rearranged/jacket_2_06", "unique_id": 0, "index": 0, "bbox": [1, 1, 308, 302], "position": [1.317246913909912, -2.101559638977051, -3.96056866645813]}, {"prefab_path": "870230/hoodie03", "unique_id": 1, "index": 1, "bbox": [333, 25, 260, 95], "position": [-3.375746011734009, 2.0649633407592773, -2.2168474197387695]}, {"prefab_path": "MensCollection/Prefabs/Rearranged/jacket_4_05", "unique_id": 2, "index": 2, "bbox": [394, 20, 290, 111], "position": [-4.085831642150879, 2.1888985633850098, -5.228155136108398]}, {"prefab_path": "MensCollection/Prefabs/Rearranged/polo shirt 21", "unique_id": 3, "index": 3, "bbox": [508, 63, 226, 59], "position": [-3.811678409576416, 1.8492279052734375, -2.2219114303588867]}, {"prefab_path": "MensCollection/Prefabs/Rearranged/jacket_1", "unique_id": 4, "index": 4, "bbox": [468, 31, 278, 69], "position": [-4.917873859405518, -1.044653296470642, -2.332164764404297]}, {"prefab_path": "1208725/Jacket_blue", "unique_id": 5, "index": 5, "bbox": [607, 83, 211, 66], "position": [-4.699862480163574, 0.05314898490905762, -2.2462263107299805]}, {"prefab_path": "MensCollection/Prefabs/Rearranged/jacket_2_03", "unique_id": 6, "index": 6, "bbox": [638, 76, 225, 69], "position": [-5.730717658996582, -1.304472804069519, -4.31081485748291]}, {"prefab_path": "MensCollection/Prefabs/Rearranged/jacket_4_09", "unique_id": 7, "index": 7, "bbox": [708, 86, 218, 64], "position": [-4.575888633728027, 1.8144785165786743, -2.203608274459839]}, {"prefab_path": "MensCollection/Prefabs/Rearranged/jacket_2_03", "unique_id": 6, "index": 8, "bbox": [678, 83, 217, 58], "position": [-5.855717658996582, -1.3044729232788086, -4.320814609527588]}, {"prefab_path": "MensCollection/Prefabs/Rearranged/jacket_4_05", "unique_id": 2, "index": 9, "bbox": [789, 111, 193, 84], "position": [-2.11684513092041, 2.1888985633850098, -2.769831418991089]}, {"prefab_path": "clothing_store/models/prefab/trousers_2", "unique_id": 8, "index": 10, "bbox": [648, 336, 108, 103], "position": [-4.373917579650879, 0.23014092445373535, -2.2109997272491455]}, {"prefab_path": "clothing_store/models/prefab/trousers_4", "unique_id": 9, "index": 11, "bbox": [800, 329, 97, 69], "position": [-5.107000350952148, 0.23014092445373535, -2.2569997310638428]}, {"prefab_path": "MensCollection/Prefabs/Rearranged/jacket_3_02", "unique_id": 10, "index": 12, "bbox": [847, 350, 51, 21], "position": [0.008867740631103516, -3.83341908454895, 3.956172227859497]}, {"prefab_path": "MensCollection/Prefabs/Rearranged/long_coat_12", "unique_id": 11, "index": 13, "bbox": [906, 331, 68, 21], "position": [-3.6815896034240723, -0.5723292231559753, 0.6882750988006592]}, {"prefab_path": "MensCollection/Prefabs/Rearranged/long_coat_12", "unique_id": 11, "index": 14, "bbox": [969, 351, 51, 31], "position": [-3.2520017623901367, -0.6136088967323303, 0.40128272771835327]}, {"prefab_path": "1208725/Jacket_gray", "unique_id": 12, "index": 15, "bbox": [761, 384, 76, 43], "position": [-4.4559478759765625, -0.9918884634971619, 0.03852096199989319]}, {"prefab_path": "clothing_store/models/prefab/trousers_5", "unique_id": 13, "index": 16, "bbox": [419, 346, 279, 178], "position": [-3.613412857055664, 0.23014092445373535, -2.2209999561309814]}, {"prefab_path": "1514019/Rearranged/Jeans_Grey", "unique_id": 14, "index": 17, "bbox": [87, 375, 321, 232], "position": [-2.89815616607666, 0.27026891708374023, -2.2378833293914795]}, {"prefab_path": "870230/hoodie04", "unique_id": 15, "index": 18, "bbox": [608, 408, 380, 295], "position": [-3.6058449745178223, 1.0200375318527222, -0.11137861758470535]}, {"prefab_path": "870230/hoodie03", "unique_id": 1, "index": 19, "bbox": [720, 415, 369, 181], "position": [-3.6028239727020264, 1.0199635028839111, 0.11075101792812347]}, {"prefab_path": "MensCollection/Prefabs/Rearranged/long_coat_10 1", "unique_id": 16, "index": 20, "bbox": [891, 350, 438, 93], "position": [-2.035647392272949, 0.3632798194885254, 1.736083745956421]}, {"prefab_path": "MensCollection/Prefabs/Rearranged/long_coat_10", "unique_id": 17, "index": 21, "bbox": [905, 342, 446, 262], "position": [-3.933300733566284, 0.8372488021850586, 0.2255190908908844]}, {"prefab_path": "MensCollection/Prefabs/Rearranged/shirt_hung_up14", "unique_id": 18, "index": 22, "bbox": [961, 385, 403, 166], "position": [-3.8187787532806396, 0.8033310174942017, 0.25335973501205444]}, {"prefab_path": "870230/hoodie03", "unique_id": 1, "index": 23, "bbox": [619, 412, 376, 289], "position": [-3.586566925048828, 1.0199635028839111, 0.012699827551841736]}], "relationships": {"up": {"0": [9], "4": [11, 5, 10], "5": [7, 3], "6": [2], "8": [2], "10": [7, 3, 1], "11": [7], "12": [20], "13": [22, 21, 19], "14": [19, 23, 18], "15": [21, 22, 18], "16": [3, 1, 7], "17": [1, 3, 9]}, "right": {"0": [14, 13, 15], "1": [21], "2": [7], "9": [1, 3, 18], "14": [13], "16": [21, 15, 22], "17": [21, 22, 18], "18": [21, 22], "23": [19, 22, 21]}, "down": {"1": [17, 16, 10], "2": [6, 8], "3": [16, 17, 10], "5": [4], "7": [10, 5, 11], "9": [17, 0], "10": [4], "11": [4], "18": [14, 13, 15], "19": [14, 13, 15], "20": [12], "21": [13, 14, 15], "22": [13, 14, 15], "23": [14, 13, 15]}, "left": {"1": [9], "3": [9], "7": [2], "12": [0], "13": [14, 17, 0], "14": [17, 0], "15": [17, 16, 0], "18": [17, 9, 0], "19": [23, 17, 9], "20": [0], "21": [18, 23, 17], "22": [23, 18, 17], "23": [17, 9, 0]}}}]}