{"scenes": [{"objects": [{"prefab_path": "MensCollection/Prefabs/Rearranged/vest08", "unique_id": 0, "index": 0, "bbox": [1, 409, 35, 11], "position": [-4.518620014190674, 1.838362216949463, 2.2366909980773926]}, {"prefab_path": "MensCollection/Prefabs/Rearranged/jacket_4_09", "unique_id": 1, "index": 1, "bbox": [3, 389, 249, 135], "position": [-3.9378883838653564, 1.8144786357879639, 2.256392002105713]}, {"prefab_path": "1498649_store/Prefabs/_itog031", "unique_id": 2, "index": 2, "bbox": [42, 403, 224, 99], "position": [-3.8096935749053955, 1.8418116569519043, 2.241234540939331]}, {"prefab_path": "WomensCollection/Prefabs/Rearranged/blouse_01_17", "unique_id": 3, "index": 3, "bbox": [78, 451, 153, 56], "position": [-3.5916786193847656, 1.8414487838745117, 2.244088649749756]}, {"prefab_path": "1498649_store/Prefabs/_itog054", "unique_id": 4, "index": 4, "bbox": [239, 395, 223, 65], "position": [-2.890559434890747, 1.8418116569519043, 2.238140344619751]}, {"prefab_path": "1498649_store/Prefabs/_itog015", "unique_id": 5, "index": 5, "bbox": [644, 382, 263, 126], "position": [-1.1037654876708984, 1.8418116569519043, 2.2406933307647705]}, {"prefab_path": "WomensCollection/Prefabs/Rearranged/blouse_2_07", "unique_id": 6, "index": 6, "bbox": [825, 392, 259, 53], "position": [-0.6775688529014587, 1.869157075881958, 1.5456743240356445]}, {"prefab_path": "WomensCollection/Prefabs/Rearranged/blouse_01_21", "unique_id": 7, "index": 7, "bbox": [904, 399, 245, 58], "position": [-0.32967859506607056, 1.8414487838745117, 2.248088836669922]}, {"prefab_path": "WomensCollection/Prefabs/Rearranged/leather_jacket_1_20", "unique_id": 8, "index": 8, "bbox": [1071, 389, 273, 46], "position": [0.1513213962316513, 1.8607873916625977, 2.243088722229004]}, {"prefab_path": "1498649_store/Prefabs/_itog018", "unique_id": 9, "index": 9, "bbox": [1118, 367, 323, 37], "position": [0.2793063223361969, 1.8418114185333252, 2.244234323501587]}, {"prefab_path": "1498649_store/Prefabs/_itog034", "unique_id": 10, "index": 10, "bbox": [1229, 313, 417, 36], "position": [0.58119797706604, 1.7424452304840088, 2.243464469909668]}, {"prefab_path": "WomensCollection/Prefabs/Rearranged/blouse_01_55", "unique_id": 11, "index": 11, "bbox": [1340, 385, 278, 235], "position": [1.0969111919403076, 1.8414487838745117, 2.241321563720703]}, {"prefab_path": "1514019/Rearranged/Jeans_Blue", "unique_id": 12, "index": 12, "bbox": [1, 662, 241, 19], "position": [-4.373626708984375, 0.24459731578826904, 2.217106819152832]}, {"prefab_path": "1514019/Rearranged/Jeans_Grey", "unique_id": 13, "index": 13, "bbox": [99, 672, 248, 60], "position": [-3.613121747970581, 0.27026891708374023, 2.2062571048736572]}, {"prefab_path": "clothing_store/models/prefab/trousers_2", "unique_id": 14, "index": 14, "bbox": [220, 673, 279, 89], "position": [-2.897865056991577, 0.23014092445373535, 2.189257860183716]}, {"prefab_path": "clothing_store/models/prefab/trousers_5", "unique_id": 15, "index": 15, "bbox": [634, 697, 306, 137], "position": [-1.1222920417785645, 0.2301410436630249, 2.24706768989563]}, {"prefab_path": "clothing_store/models/prefab/trousers_5", "unique_id": 15, "index": 16, "bbox": [850, 716, 287, 158], "position": [-0.34700000286102295, 0.23014092445373535, 2.201373815536499]}, {"prefab_path": "clothing_store/models/prefab/trousers_4", "unique_id": 16, "index": 17, "bbox": [1081, 733, 270, 178], "position": [0.3689999580383301, 0.23014092445373535, 2.189257860183716]}, {"prefab_path": "1514019/Rearranged/Jeans_Grey", "unique_id": 13, "index": 18, "bbox": [1383, 761, 242, 163], "position": [1.128291130065918, 0.27026891708374023, 2.251950979232788]}, {"prefab_path": "clothing_store/models/prefab/sneakers_5", "unique_id": 17, "index": 19, "bbox": [109, 951, 37, 44], "position": [-3.576437473297119, 0.03797276318073273, 2.1606364250183105]}], "relationships": {"right": {"0": [1, 2, 3], "1": [2, 3, 4], "2": [3, 4, 5], "3": [4, 5, 7], "4": [5, 7, 8], "5": [7, 8, 9], "6": [11, 10, 9], "7": [8, 9, 10], "8": [9, 10, 11], "9": [10, 11], "10": [11], "12": [13, 19, 14], "13": [14, 15, 16], "14": [15, 16, 17], "15": [16, 17, 18], "16": [17, 18], "17": [18], "19": [14, 15, 16]}, "down": {"0": [12, 13, 19], "1": [13, 19, 12], "2": [13, 19, 12], "3": [13, 19, 14], "4": [14, 19, 13], "5": [15, 16], "6": [16, 15], "7": [16, 17, 15], "8": [17, 16, 18], "9": [17, 16, 18], "10": [17, 18, 16], "11": [18, 17], "13": [19]}, "left": {"1": [0], "2": [1, 0], "3": [2, 1, 0], "4": [3, 2, 1], "5": [4, 3, 2], "6": [4, 3, 2], "7": [5, 4, 3], "8": [7, 5, 6], "9": [8, 7, 5], "10": [9, 8, 7], "11": [10, 9, 6], "13": [12], "14": [13, 19, 12], "15": [14, 19, 13], "16": [15, 14, 19], "17": [16, 15, 14], "18": [17, 16, 15], "19": [12]}, "up": {"12": [0, 1, 2], "13": [3, 2, 1], "14": [4, 3, 2], "15": [5, 7, 6], "16": [7, 8, 9], "17": [9, 8, 10], "18": [11, 10, 9], "19": [3, 13, 2]}}}]}