{"scenes": [{"objects": [{"prefab_path": "870230/hoodie03", "unique_id": 0, "index": 0, "bbox": [1, 262, 255, 85], "position": [-3.375746011734009, 2.0649633407592773, -2.2168474197387695]}, {"prefab_path": "1208725/Jacket_red", "unique_id": 1, "index": 1, "bbox": [56, 258, 257, 121], "position": [-2.7074151039123535, 2.926980495452881, -0.31966114044189453]}, {"prefab_path": "MensCollection/Prefabs/Rearranged/jacket_3_02", "unique_id": 2, "index": 2, "bbox": [130, 250, 267, 108], "position": [-5.705185890197754, -2.788418769836426, -7.581826686859131]}, {"prefab_path": "870230/hoodie09", "unique_id": 3, "index": 3, "bbox": [198, 276, 215, 73], "position": [-3.802140712738037, 2.0665478706359863, -2.220752477645874]}, {"prefab_path": "MensCollection/Prefabs/Rearranged/long_coat_06", "unique_id": 4, "index": 4, "bbox": [322, 264, 242, 71], "position": [-3.3730921745300293, 0.6689841747283936, -1.3189301490783691]}, {"prefab_path": "MensCollection/Prefabs/Rearranged/long_coat_12", "unique_id": 5, "index": 5, "bbox": [411, 270, 224, 52], "position": [-4.017217636108398, 0.4726710319519043, -3.049598217010498]}, {"prefab_path": "870230/hoodie04", "unique_id": 6, "index": 6, "bbox": [368, 288, 186, 67], "position": [-4.290022373199463, 2.065037488937378, -2.2163619995117188]}, {"prefab_path": "MensCollection/Prefabs/Rearranged/jacket_4_09", "unique_id": 7, "index": 7, "bbox": [452, 275, 207, 59], "position": [-4.575888633728027, 1.8144785165786743, -2.203608274459839]}, {"prefab_path": "MensCollection/Prefabs/Rearranged/long_coat_06", "unique_id": 4, "index": 8, "bbox": [534, 284, 188, 109], "position": [-6.024069309234619, 0.6689841747283936, -1.4370927810668945]}, {"prefab_path": "1514019/Rearranged/Jeans_Blue", "unique_id": 8, "index": 9, "bbox": [548, 487, 187, 80], "position": [-5.107291221618652, 0.24459731578826904, -2.26188325881958]}, {"prefab_path": "1514019/Rearranged/Jeans_Blue_V4", "unique_id": 9, "index": 10, "bbox": [370, 513, 226, 112], "position": [-4.374208450317383, 0.24453043937683105, -2.2158830165863037]}, {"prefab_path": "1514019/Rearranged/Jeans_Blue_V2", "unique_id": 10, "index": 11, "bbox": [73, 550, 238, 171], "position": [-3.613703966140747, 1.0603033304214478, -2.2258834838867188]}], "relationships": {"down": {"0": [11, 4, 10], "1": [4], "3": [11, 10, 5], "6": [10, 11, 5], "7": [10, 9]}, "up": {"4": [0, 3, 1], "5": [6, 3, 0], "9": [7, 6], "10": [7, 6, 3], "11": [3, 0, 6]}, "right": {"9": [8], "5": [10, 9, 8]}, "left": {"8": [9, 5], "9": [5], "10": [5]}}}]}