{"scenes": [{"objects": [{"prefab_path": "MensCollection/Prefabs/Rearranged/long_coat_10 1", "unique_id": 0, "index": 0, "bbox": [1, 1, 379, 231], "position": [-3.2996878623962402, 1.4082798957824707, -1.6362080574035645]}, {"prefab_path": "MensCollection/Prefabs/Rearranged/jacket_4_05", "unique_id": 1, "index": 1, "bbox": [837, 156, 18, 8], "position": [-5.1068315505981445, 2.1888985633850098, -5.227154731750488]}, {"prefab_path": "clothing_store/models/prefab/T_shirt_6", "unique_id": 2, "index": 2, "bbox": [677, 101, 212, 44], "position": [-2.8980000019073486, 1.4249999523162842, -2.2230000495910645]}, {"prefab_path": "MensCollection/Prefabs/Rearranged/jacket_3_02", "unique_id": 3, "index": 3, "bbox": [776, 143, 170, 38], "position": [-5.406185626983643, -2.788418769836426, -7.582826614379883]}, {"prefab_path": "MensCollection/Prefabs/Rearranged/jacket_3_06", "unique_id": 4, "index": 4, "bbox": [839, 173, 138, 29], "position": [-6.4622368812561035, -0.7599018812179565, 0.39967775344848633]}, {"prefab_path": "1514019/Rearranged/Sport_Jacket", "unique_id": 5, "index": 5, "bbox": [1289, 1, 474, 251], "position": [-1.1058598756790161, 1.2909047603607178, -0.025738418102264404]}, {"prefab_path": "MensCollection/Prefabs/Rearranged/long_coat_12", "unique_id": 6, "index": 6, "bbox": [1140, 318, 21, 13], "position": [-3.951040744781494, -0.5723292231559753, 0.6714115142822266]}, {"prefab_path": "MensCollection/Prefabs/Rearranged/jacket_4_05", "unique_id": 1, "index": 7, "bbox": [1183, 330, 20, 6], "position": [-1.0694451332092285, 1.1026188135147095, -0.5463314056396484]}, {"prefab_path": "MensCollection/Prefabs/Rearranged/jacket_1", "unique_id": 7, "index": 8, "bbox": [1240, 325, 21, 16], "position": [-5.0579094886779785, -2.089653730392456, 0.14626362919807434]}, {"prefab_path": "MensCollection/Prefabs/Rearranged/long_coat_12", "unique_id": 6, "index": 9, "bbox": [1212, 317, 22, 12], "position": [-3.165618419647217, -0.5723289847373962, -0.1895635724067688]}, {"prefab_path": "MensCollection/Prefabs/Rearranged/jacket_4_05", "unique_id": 1, "index": 10, "bbox": [1199, 323, 21, 5], "position": [-1.584658145904541, 1.1438989639282227, -1.692630648612976]}, {"prefab_path": "1514019/Rearranged/Jean_Jacket_2", "unique_id": 8, "index": 11, "bbox": [1503, 1, 782, 614], "position": [2.179933547973633, 1.2588186264038086, -0.01151353120803833]}, {"prefab_path": "1514019/Rearranged/Sport_Pants", "unique_id": 9, "index": 12, "bbox": [786, 350, 171, 23], "position": [-3.6169469356536865, 0.2701929807662964, -2.224849224090576]}, {"prefab_path": "clothing_store/models/prefab/trousers_3", "unique_id": 10, "index": 13, "bbox": [845, 336, 147, 19], "position": [-4.373917579650879, 0.23014092445373535, -2.2109997272491455]}, {"prefab_path": "MensCollection/Prefabs/Rearranged/long_coat_10 1", "unique_id": 0, "index": 14, "bbox": [1095, 318, 198, 98], "position": [-3.2771105766296387, 0.36327970027923584, 1.9500670433044434]}, {"prefab_path": "MensCollection/Prefabs/Rearranged/jacket_2_03", "unique_id": 11, "index": 15, "bbox": [1110, 328, 185, 84], "position": [-3.821803569793701, -2.3494725227355957, -2.737865924835205]}, {"prefab_path": "1208725/Jacket_gray", "unique_id": 12, "index": 16, "bbox": [1151, 338, 186, 43], "position": [-4.395257949829102, -0.9918884634971619, -0.30267533659935]}, {"prefab_path": "870230/hoodie03", "unique_id": 13, "index": 17, "bbox": [1186, 344, 176, 34], "position": [-3.586566925048828, 1.0199635028839111, 0.012699827551841736]}, {"prefab_path": "MensCollection/Prefabs/Rearranged/long_coat_10 1", "unique_id": 0, "index": 18, "bbox": [1191, 319, 202, 74], "position": [-1.4206600189208984, 0.3632798194885254, 0.6526583433151245]}, {"prefab_path": "MensCollection/Prefabs/Rearranged/jacket_3_06", "unique_id": 4, "index": 19, "bbox": [1189, 327, 179, 109], "position": [-4.228599548339844, -1.8049027919769287, 3.6668639183044434]}, {"prefab_path": "1514019/Rearranged/Jeans_Grey", "unique_id": 14, "index": 20, "bbox": [695, 362, 221, 47], "position": [-2.89815616607666, 0.27026891708374023, -2.2378833293914795]}, {"prefab_path": "clothing_store/models/prefab/trousers_3", "unique_id": 10, "index": 21, "bbox": [1, 426, 362, 319], "position": [-1.122291922569275, 0.2301410436630249, -2.175999879837036]}, {"prefab_path": "clothing_store/models/prefab/sneakers_4", "unique_id": 15, "index": 22, "bbox": [714, 627, 21, 18], "position": [-2.8629331588745117, 0.03797277808189392, -2.261931896209717]}], "relationships": {"left": {"0": [2, 1], "4": [3, 1], "5": [7, 10, 21], "6": [16, 12, 13], "7": [10, 21], "8": [15, 3], "9": [22, 20, 12], "12": [3], "13": [1, 3], "14": [20, 22, 12], "15": [3], "16": [13, 15, 12], "17": [0, 2, 12], "18": [21, 7, 10], "19": [15, 16, 8]}, "down": {"0": [20, 22, 12], "1": [15, 3], "2": [20, 22, 15], "10": [21], "12": [15], "13": [15], "17": [9, 6, 16], "20": [22, 15], "22": [15]}, "right": {"0": [17, 14, 19], "1": [13, 0, 17], "2": [0, 17, 14], "3": [8, 15, 4], "6": [19], "7": [5, 18], "8": [19], "9": [14, 19], "10": [7, 5, 18], "12": [14, 17, 6], "13": [6, 16, 17], "15": [19, 8, 16], "16": [6, 19], "17": [14], "20": [14, 9, 17], "21": [18, 7, 5], "22": [14, 9, 6]}, "up": {"3": [1], "6": [17], "8": [17], "9": [17, 0], "12": [0], "15": [13, 12, 22], "16": [17], "20": [2, 0], "21": [10], "22": [20, 2, 0]}}}]}