{"scenes": [{"objects": [{"prefab_path": "MensCollection/Prefabs/Rearranged/jacket_3_02", "unique_id": 0, "index": 0, "bbox": [1571, 287, 131, 27], "position": [-5.74078369140625, -2.3744401931762695, 4.828782081604004]}, {"prefab_path": "MensCollection/Prefabs/Rearranged/long_coat_06", "unique_id": 1, "index": 1, "bbox": [1371, 350, 112, 58], "position": [-6.028069496154785, 0.6729843616485596, 10.971691131591797]}, {"prefab_path": "1208725/Jacket_blue", "unique_id": 2, "index": 2, "bbox": [1479, 353, 108, 20], "position": [-4.868862628936768, 0.05314898490905762, 10.172557830810547]}, {"prefab_path": "MensCollection/Prefabs/Rearranged/jacket_3_02", "unique_id": 0, "index": 3, "bbox": [1465, 347, 118, 29], "position": [-6.473186016082764, -2.788418769836426, 4.839957237243652]}, {"prefab_path": "1208725/Jacket_blue", "unique_id": 2, "index": 4, "bbox": [1437, 355, 103, 27], "position": [-5.198862552642822, 0.05314922332763672, 10.166559219360352]}, {"prefab_path": "870230/hoodie04", "unique_id": 3, "index": 5, "bbox": [1448, 358, 97, 36], "position": [-4.543022155761719, 2.065037488937378, 10.196423530578613]}, {"prefab_path": "MensCollection/Prefabs/Rearranged/jacket_4_05", "unique_id": 4, "index": 6, "bbox": [1513, 357, 113, 15], "position": [-4.630831718444824, 2.1888985633850098, 7.1916303634643555]}, {"prefab_path": "MensCollection/Prefabs/Rearranged/jacket_4_05", "unique_id": 4, "index": 7, "bbox": [1494, 345, 124, 23], "position": [-4.76583194732666, 2.1888985633850098, 7.193631172180176]}, {"prefab_path": "870230/hoodie03", "unique_id": 5, "index": 8, "bbox": [1532, 354, 106, 33], "position": [-3.9127461910247803, 2.0649635791778564, 10.195938110351562]}, {"prefab_path": "MensCollection/Prefabs/Rearranged/jacket_4_05", "unique_id": 4, "index": 9, "bbox": [1554, 342, 132, 29], "position": [-4.3568315505981445, 2.1888985633850098, 7.190630912780762]}, {"prefab_path": "1208725/Jacket_blue", "unique_id": 2, "index": 10, "bbox": [1589, 348, 121, 21], "position": [-4.132862567901611, 0.05314898490905762, 10.172557830810547]}, {"prefab_path": "MensCollection/Prefabs/Rearranged/jacket_3_02", "unique_id": 0, "index": 11, "bbox": [1635, 338, 141, 18], "position": [-5.369185924530029, -2.788418769836426, 4.834958076477051]}, {"prefab_path": "MensCollection/Prefabs/Rearranged/long_coat_06", "unique_id": 1, "index": 12, "bbox": [1605, 338, 144, 36], "position": [-2.697092056274414, 0.6689841747283936, 11.100854873657227]}, {"prefab_path": "MensCollection/Prefabs/Rearranged/jacket_3_02", "unique_id": 0, "index": 13, "bbox": [1675, 333, 150, 134], "position": [2.4705018997192383, -2.788418769836426, 8.17043399810791]}, {"prefab_path": "clothing_store/models/prefab/trousers_5", "unique_id": 6, "index": 14, "bbox": [1369, 473, 118, 59], "position": [-5.106999397277832, 0.23014092445373535, 10.119891166687012]}, {"prefab_path": "clothing_store/models/prefab/trousers_3", "unique_id": 7, "index": 15, "bbox": [1453, 481, 131, 74], "position": [-4.373917579650879, 0.23014092445373535, 10.166008949279785]}, {"prefab_path": "1514019/Rearranged/Sport_Pants", "unique_id": 8, "index": 16, "bbox": [1697, 510, 72, 78], "position": [-2.8943309783935547, 0.2701929807662964, 10.146891593933105]}, {"prefab_path": "clothing_store/models/prefab/trousers_4", "unique_id": 9, "index": 17, "bbox": [1557, 491, 149, 93], "position": [-3.613412857055664, 0.23014092445373535, 10.155158042907715]}, {"prefab_path": "MensCollection/Prefabs/Rearranged/jacket_3_06", "unique_id": 10, "index": 18, "bbox": [1739, 549, 29, 40], "position": [-5.728183746337891, -1.8049023151397705, 7.057949066162109]}, {"prefab_path": "MensCollection/Prefabs/Rearranged/jacket_2_03", "unique_id": 11, "index": 19, "bbox": [1829, 554, 29, 11], "position": [-2.974766969680786, -2.3494725227355957, 5.757480621337891]}, {"prefab_path": "1208725/Jacket_blue", "unique_id": 2, "index": 20, "bbox": [1856, 568, 26, 8], "position": [-2.6686174869537354, -0.9918507933616638, 8.184718132019043]}, {"prefab_path": "MensCollection/Prefabs/Rearranged/jacket_1", "unique_id": 12, "index": 21, "bbox": [1905, 561, 33, 32], "position": [-3.10618257522583, -2.089653730392456, 8.742632865905762]}, {"prefab_path": "MensCollection/Prefabs/Rearranged/jacket_2_03", "unique_id": 11, "index": 22, "bbox": [1959, 581, 37, 38], "position": [0.20740032196044922, -2.3494725227355957, 6.519513130187988]}, {"prefab_path": "1208725/Jacket_gray", "unique_id": 13, "index": 23, "bbox": [1944, 585, 18, 23], "position": [-1.640559196472168, -0.991888701915741, 8.833578109741211]}, {"prefab_path": "MensCollection/Prefabs/Rearranged/jacket_3_02", "unique_id": 0, "index": 24, "bbox": [1155, 620, 52, 47], "position": [2.2064218521118164, -3.83341908454895, 7.567502975463867]}, {"prefab_path": "MensCollection/Prefabs/Rearranged/long_coat_06", "unique_id": 1, "index": 25, "bbox": [1189, 624, 46, 41], "position": [-4.042314529418945, -0.376015841960907, 4.76983642578125]}, {"prefab_path": "MensCollection/Prefabs/Rearranged/long_coat_12", "unique_id": 14, "index": 26, "bbox": [1202, 605, 44, 26], "position": [-2.3340017795562744, -0.6136088967323303, 5.950282573699951]}, {"prefab_path": "MensCollection/Prefabs/Rearranged/jacket_3_06", "unique_id": 10, "index": 27, "bbox": [1223, 599, 42, 21], "position": [-6.506183624267578, -1.8049023151397705, 4.6531662940979]}, {"prefab_path": "870230/hoodie04", "unique_id": 3, "index": 28, "bbox": [1252, 615, 56, 31], "position": [-3.0891904830932617, 1.0200375318527222, 5.71682071685791]}, {"prefab_path": "MensCollection/Prefabs/Rearranged/long_coat_12", "unique_id": 14, "index": 29, "bbox": [1295, 590, 45, 21], "position": [-2.3726089000701904, -0.5723289847373962, 5.1108880043029785]}, {"prefab_path": "MensCollection/Prefabs/Rearranged/long_coat_06", "unique_id": 1, "index": 30, "bbox": [1324, 596, 45, 30], "position": [-2.116821050643921, -0.376015841960907, 6.702884674072266]}, {"prefab_path": "clothing_store/models/prefab/sneakers", "unique_id": 15, "index": 31, "bbox": [1470, 617, 19, 52], "position": [-4.336514949798584, 0.03797274827957153, 10.106882095336914]}, {"prefab_path": "MensCollection/Prefabs/Rearranged/long_coat_06", "unique_id": 1, "index": 32, "bbox": [1272, 642, 58, 17], "position": [-2.5609898567199707, -0.3760160803794861, 6.526279449462891]}, {"prefab_path": "MensCollection/Prefabs/Rearranged/jacket_2_03", "unique_id": 11, "index": 33, "bbox": [1365, 644, 54, 47], "position": [-5.220269203186035, -2.3494725227355957, 5.918028831481934]}, {"prefab_path": "MensCollection/Prefabs/Rearranged/jacket_2_03", "unique_id": 11, "index": 34, "bbox": [1350, 627, 46, 46], "position": [-5.124701499938965, -2.3494725227355957, 4.779130458831787]}, {"prefab_path": "clothing_store/models/prefab/sneakers_3", "unique_id": 16, "index": 35, "bbox": [1578, 645, 22, 64], "position": [-3.576437473297119, 0.03797276318073273, 10.114419937133789]}, {"prefab_path": "MensCollection/Prefabs/Rearranged/long_coat_10", "unique_id": 17, "index": 36, "bbox": [1675, 553, 231, 102], "position": [-2.3800532817840576, 0.7959689497947693, 7.93745756149292]}, {"prefab_path": "MensCollection/Prefabs/Rearranged/long_coat_06", "unique_id": 1, "index": 37, "bbox": [1690, 551, 237, 129], "position": [-3.508542060852051, -0.376015841960907, 7.745724678039551]}, {"prefab_path": "MensCollection/Prefabs/Rearranged/long_coat_10", "unique_id": 17, "index": 38, "bbox": [1757, 560, 228, 126], "position": [-2.1804139614105225, 0.8372488021850586, 7.704386234283447]}, {"prefab_path": "870230/hoodie04", "unique_id": 3, "index": 39, "bbox": [1830, 594, 194, 58], "position": [-2.097501277923584, 1.0200375318527222, 7.710361480712891]}, {"prefab_path": "MensCollection/Prefabs/Rearranged/jacket_4_05", "unique_id": 4, "index": 40, "bbox": [1872, 578, 210, 137], "position": [-0.8910558223724365, 1.1438989639282227, 4.900301933288574]}, {"prefab_path": "MensCollection/Prefabs/Rearranged/jacket_3_02", "unique_id": 0, "index": 41, "bbox": [1922, 581, 207, 175], "position": [1.873989224433899, -3.833418130874634, 3.5370750427246094]}, {"prefab_path": "clothing_store/models/prefab/T_shirt_6", "unique_id": 18, "index": 42, "bbox": [1159, 656, 132, 112], "position": [-2.8784286975860596, 0.3799999952316284, 5.3038506507873535]}, {"prefab_path": "MensCollection/Prefabs/Rearranged/jacket_4_05", "unique_id": 4, "index": 43, "bbox": [1280, 659, 129, 115], "position": [-0.2922964096069336, 1.1438989639282227, 3.5406699180603027]}, {"prefab_path": "MensCollection/Prefabs/Rearranged/jacket_4_05", "unique_id": 4, "index": 44, "bbox": [1333, 653, 135, 155], "position": [0.3407402038574219, 1.1438987255096436, 5.005614757537842]}], "relationships": {"right": {"0": [33, 21, 18], "2": [12], "3": [33, 21, 18], "6": [8, 5, 12], "7": [8, 5, 12], "9": [8, 12, 16], "10": [12], "11": [33, 21, 19], "14": [12], "15": [12], "16": [12], "17": [12], "18": [21, 35, 10], "19": [23, 21, 13], "20": [23], "22": [13], "25": [32, 30, 23], "26": [30, 23], "27": [21, 33, 18], "28": [39, 38, 36], "29": [26, 30, 23], "30": [23], "31": [12], "32": [30, 23], "33": [21, 20, 23], "34": [21, 19, 20], "35": [12], "37": [16, 23, 35], "41": [24, 13], "42": [30, 32, 38], "43": [44, 13]}, "up": {"0": [7, 6, 9], "2": [5, 8], "3": [27, 7, 6], "4": [14, 5, 8], "10": [8, 5], "11": [34, 25, 7], "14": [5, 8], "15": [5, 8], "16": [8], "17": [8, 5], "18": [7, 6, 9], "19": [28, 42, 26], "20": [36, 38, 39], "21": [20, 37, 36], "22": [44, 40], "23": [36, 39, 38], "24": [13, 44], "26": [28], "29": [42, 28], "30": [39], "31": [15, 5, 8], "32": [28, 9], "33": [7, 6, 9], "34": [25, 28, 7], "35": [17, 8, 5], "37": [9, 6, 7], "38": [39], "41": [44, 43, 40], "42": [28]}, "left": {"1": [27], "2": [18, 27, 3], "4": [27, 3, 0], "5": [7, 6, 27], "8": [7, 6, 9], "10": [18, 27, 33], "12": [17, 16, 35], "13": [22, 41, 19], "14": [27, 3], "15": [18, 27, 0], "16": [37, 7, 6], "17": [18, 7, 6], "18": [27, 3, 0], "19": [34, 11], "20": [25, 34, 27], "21": [0, 33, 34], "23": [20, 25, 32], "24": [41, 34, 11], "26": [29, 25], "30": [32, 26, 25], "31": [18, 27, 33], "32": [25, 42, 27], "33": [0, 3, 11], "35": [37, 18, 27], "36": [28, 42, 25], "37": [25, 27, 34], "38": [28, 42, 25], "39": [28, 42, 25], "44": [43]}, "down": {"5": [15, 31, 2], "6": [18, 37, 33], "7": [18, 33, 37], "8": [10, 17, 35], "9": [37, 18, 33], "13": [24], "14": [4], "15": [31], "16": [21], "17": [35, 21], "20": [21], "25": [34, 11, 19], "26": [19], "27": [3], "28": [19, 42, 26], "29": [19], "30": [19], "32": [19], "34": [11], "35": [21], "36": [20, 21, 23], "37": [21], "38": [20, 23, 21], "39": [38, 20, 30], "40": [22, 19, 41], "42": [19, 29], "43": [41], "44": [22, 41, 24]}}}]}