{"scenes": [{"objects": [{"prefab_path": "MensCollection/Prefabs/Rearranged/jacket_2_06", "unique_id": 0, "index": 0, "bbox": [110, 1, 364, 401], "position": [3.0942468643188477, -2.101559638977051, -3.9585683345794678]}, {"prefab_path": "MensCollection/Prefabs/Rearranged/shirt_hung_up08", "unique_id": 1, "index": 1, "bbox": [993, 73, 280, 145], "position": [-2.897984266281128, 1.8483309745788574, -2.218100070953369]}, {"prefab_path": "MensCollection/Prefabs/Rearranged/jacket_3_02", "unique_id": 2, "index": 2, "bbox": [1195, 90, 266, 85], "position": [-5.56018590927124, -2.788418769836426, -7.584826946258545]}, {"prefab_path": "1208725/Jacket_gray", "unique_id": 3, "index": 3, "bbox": [1194, 124, 220, 47], "position": [-3.921626329421997, 0.05311131477355957, -1.61324143409729]}, {"prefab_path": "MensCollection/Prefabs/Rearranged/long_coat_10 1", "unique_id": 4, "index": 4, "bbox": [1227, 101, 266, 104], "position": [-3.227207660675049, 1.4082798957824707, -0.0443120002746582]}, {"prefab_path": "MensCollection/Prefabs/Rearranged/jacket_4_09", "unique_id": 5, "index": 5, "bbox": [1240, 95, 263, 69], "position": [-3.6998884677886963, 1.8144785165786743, -2.2016079425811768]}, {"prefab_path": "870230/hoodie09", "unique_id": 6, "index": 6, "bbox": [1351, 128, 206, 40], "position": [-4.14914083480835, 2.0665478706359863, -2.219752073287964]}, {"prefab_path": "870230/hoodie04", "unique_id": 7, "index": 7, "bbox": [1393, 137, 197, 45], "position": [-4.415022373199463, 2.065037727355957, -2.2263617515563965]}, {"prefab_path": "MensCollection/Prefabs/Rearranged/jacket_3_02", "unique_id": 2, "index": 8, "bbox": [1350, 150, 203, 75], "position": [-6.314186096191406, -2.788418769836426, -7.578826904296875]}, {"prefab_path": "MensCollection/Prefabs/Rearranged/jacket_4_05", "unique_id": 8, "index": 9, "bbox": [1380, 156, 198, 89], "position": [-5.1068315505981445, 2.1888985633850098, -5.227154731750488]}, {"prefab_path": "MensCollection/Prefabs/Rearranged/long_coat_10 1", "unique_id": 4, "index": 10, "bbox": [1469, 164, 197, 44], "position": [-7.299687385559082, 1.4082798957824707, -1.6382083892822266]}, {"prefab_path": "1514019/Rearranged/Sport_Pants", "unique_id": 9, "index": 11, "bbox": [1458, 390, 188, 31], "position": [-5.110534191131592, 0.2701929807662964, -2.2608489990234375]}, {"prefab_path": "1514019/Rearranged/Jeans_Blue_V4", "unique_id": 10, "index": 12, "bbox": [1190, 395, 257, 82], "position": [-3.613703966140747, 0.24453043937683105, -2.2258832454681396]}, {"prefab_path": "1514019/Rearranged/Jeans_Grey", "unique_id": 11, "index": 13, "bbox": [1340, 396, 218, 62], "position": [-4.374208450317383, 0.27026891708374023, -2.2158830165863037]}, {"prefab_path": "clothing_store/models/prefab/trousers", "unique_id": 12, "index": 14, "bbox": [996, 400, 301, 135], "position": [-2.897865056991577, 0.23014092445373535, -2.2330000400543213]}, {"prefab_path": "1514019/Rearranged/Sport_Pants", "unique_id": 9, "index": 15, "bbox": [247, 453, 335, 237], "position": [-1.1258258819580078, 0.2701929807662964, -2.179849147796631]}, {"prefab_path": "clothing_store/models/prefab/sneakers", "unique_id": 13, "index": 16, "bbox": [1455, 612, 29, 31], "position": [-5.062593936920166, 0.037972718477249146, -2.259033203125]}, {"prefab_path": "870230/hoodie09", "unique_id": 6, "index": 17, "bbox": [1945, 499, 287, 173], "position": [-3.673856496810913, 1.0215479135513306, -0.1956472098827362]}, {"prefab_path": "clothing_store/models/prefab/sneakers", "unique_id": 13, "index": 18, "bbox": [1189, 677, 46, 80], "position": [-3.5972962379455566, 0.03797274827957153, -2.2426962852478027]}], "relationships": {"right": {"0": [15, 3, 14], "1": [5, 6, 7], "2": [8], "3": [10], "5": [7, 10], "6": [7, 10], "7": [10], "9": [10], "11": [10], "12": [13, 11, 16], "13": [11, 16, 10], "14": [3, 12, 18], "15": [3, 14, 17], "16": [10], "18": [13, 3, 16]}, "left": {"1": [0], "3": [14, 18, 15], "4": [15, 0], "5": [1, 0], "6": [1, 0], "7": [6, 5, 1], "8": [2], "10": [7, 6, 5], "11": [13, 12, 18], "12": [14, 15, 0], "13": [12, 18, 14], "14": [15, 0], "15": [0], "16": [13, 18, 12], "17": [15, 0], "18": [14, 15, 0]}, "down": {"1": [14, 18, 12], "5": [12, 18, 3], "6": [13, 3, 12], "7": [13, 3, 12], "9": [2, 8], "11": [16], "12": [18]}, "up": {"2": [9], "3": [6, 5, 7], "8": [9], "11": [7, 6], "12": [5, 6, 7], "13": [7, 6, 5], "14": [1, 5, 6], "16": [11, 7, 6], "18": [12, 5, 6]}}}]}