{"scenes": [{"objects": [{"prefab_path": "1498649_store/Prefabs/_itog034", "unique_id": 0, "index": 0, "bbox": [1811, 130, 366, 73], "position": [2.95637583732605, 2.294996976852417, 2.29512357711792]}, {"prefab_path": "MensCollection/Prefabs/Rearranged/long_coat_12", "unique_id": 1, "index": 1, "bbox": [1197, 245, 578, 151], "position": [0.8247826099395752, 0.4726707935333252, 1.4194016456604004]}, {"prefab_path": "MensCollection/Prefabs/Rearranged/long_coat_10", "unique_id": 2, "index": 2, "bbox": [1466, 318, 417, 89], "position": [1.0955467224121094, 1.8822486400604248, 2.2241735458374023]}, {"prefab_path": "WomensCollection/Prefabs/Rearranged/blouse_2_08 1", "unique_id": 3, "index": 3, "bbox": [781, 270, 566, 114], "position": [-0.3217027187347412, 1.8430700302124023, 2.249159812927246]}, {"prefab_path": "1498649_store/Prefabs/_itog039", "unique_id": 4, "index": 4, "bbox": [867, 247, 633, 125], "position": [-0.195693701505661, 1.8418116569519043, 2.243234395980835]}, {"prefab_path": "MensCollection/Prefabs/Rearranged/long_coat_10 1", "unique_id": 5, "index": 5, "bbox": [1117, 274, 577, 104], "position": [0.7357920408248901, 1.4082798957824707, 4.420687675476074]}, {"prefab_path": "MensCollection/Prefabs/Rearranged/polo shirt 44", "unique_id": 6, "index": 6, "bbox": [1775, 483, 247, 109], "position": [2.9010000228881836, 1.6013116836547852, 2.312999963760376]}, {"prefab_path": "clothing_store/models/prefab/trousers_2", "unique_id": 7, "index": 7, "bbox": [1459, 785, 218, 93], "position": [1.128000020980835, 0.2301410436630249, 2.24706768989563]}, {"prefab_path": "1514019/Rearranged/Jeans_Blue_V4", "unique_id": 8, "index": 8, "bbox": [1114, 853, 150, 197], "position": [0.3692910671234131, 0.24453043937683105, 2.194141149520874]}], "relationships": {"left": {"0": [2, 5, 4], "2": [4, 3], "4": [3], "6": [2, 5, 4], "7": [8]}, "down": {"0": [6], "2": [7, 8, 1], "3": [8], "4": [8]}, "up": {"8": [4, 2, 3], "1": [2], "6": [0], "7": [2]}, "right": {"2": [6, 0], "3": [4, 2, 6], "4": [2, 6, 0], "5": [6, 0], "8": [7]}}}]}