{"Items":[{"name":"skirt_3_13(Clone)","prefabPath":"WomensCollection/Prefabs/Rearranged/skirt_3_13","bbox":[124,401,242,133],"position":[-1.283678412437439,1.5443058013916016,-4.733219623565674]},{"name":"blouse_2_08(Clone)","prefabPath":"WomensCollection/Prefabs/Rearranged/blouse_2_08","bbox":[42,403,64,144],"position":[-0.8902105689048767,1.6200698614120484,-5.87483024597168]},{"name":"_itog015(Clone)","prefabPath":"1498649_store/Prefabs/_itog015","bbox":[1,386,310,176],"position":[-0.7196937799453735,1.6188119649887086,-4.742765426635742]},{"name":"blouse_2_07(Clone)","prefabPath":"WomensCollection/Prefabs/Rearranged/blouse_2_07","bbox":[157,409,213,133],"position":[-1.5735689401626588,1.6461573839187623,-5.43932580947876]},{"name":"skirt_1_06(Clone)","prefabPath":"WomensCollection/Prefabs/Rearranged/skirt_1_06","bbox":[46,390,284,176],"position":[-1.0836787223815919,1.5756101608276368,-4.733306884765625]},{"name":"leather_jacket_1_17(Clone)","prefabPath":"WomensCollection/Prefabs/Rearranged/leather_jacket_1_17","bbox":[726,173,238,44],"position":[-0.3940984010696411,2.3984007835388185,-2.8983631134033205]},{"name":"_itog056(Clone)","prefabPath":"1498649_store/Prefabs/_itog056","bbox":[730,452,201,16],"position":[-0.9989127516746521,1.4086934328079224,-2.898423194885254]},{"name":"skirt_3_14(Clone)","prefabPath":"WomensCollection/Prefabs/Rearranged/skirt_3_14","bbox":[727,478,50,13],"position":[-1.6200319528579713,1.2319896221160889,-2.89874267578125]},{"name":"_itog054(Clone)","prefabPath":"1498649_store/Prefabs/_itog054","bbox":[735,458,331,33],"position":[-0.39773887395858767,1.4090229272842408,-2.898298740386963]},{"name":"blouse_01_55(Clone)","prefabPath":"WomensCollection/Prefabs/Rearranged/blouse_01_55","bbox":[781,477,377,78],"position":[0.24349229037761689,1.4666039943695069,-2.787947177886963]},{"name":"_itog045(Clone)","prefabPath":"1498649_store/Prefabs/_itog045","bbox":[726,446,141,14],"position":[-2.2410006523132326,1.4086933135986329,-2.898423194885254]},{"name":"skirt_3_14(Clone)","prefabPath":"WomensCollection/Prefabs/Rearranged/skirt_3_14","bbox":[744,74,303,35],"position":[0.2448357492685318,2.200920581817627,-2.8984382152557375]},{"name":"sweater_folded11(Clone)","prefabPath":"MensCollection/Prefabs/Rearranged/sweater_folded11","bbox":[390,505,7,65],"position":[-4.18902587890625,1.4558510780334473,-4.924302101135254]},{"name":"shirt_2(Clone)","prefabPath":"MensCollection/Prefabs/Rearranged/shirt_2","bbox":[269,470,9,64],"position":[-3.286987543106079,1.72868013381958,-5.294185161590576]},{"name":"shirt_5(Clone)","prefabPath":"MensCollection/Prefabs/Rearranged/shirt_5","bbox":[463,540,9,60],"position":[-4.175972938537598,1.18492591381073,-4.494472980499268]},{"name":"shirt_folded_1_15(Clone)","prefabPath":"MensCollection/Prefabs/Rearranged/shirt_folded_1_15","bbox":[414,559,24,73],"position":[-3.2669692039489748,1.1259791851043702,-4.500990390777588]},{"name":"sweater_folded09(Clone)","prefabPath":"WomensCollection/Prefabs/Rearranged/sweater_folded09","bbox":[424,537,11,56],"position":[-4.479784965515137,1.1731804609298707,-4.859241008758545]},{"name":"shirt_folded_1_03(Clone)","prefabPath":"MensCollection/Prefabs/Rearranged/shirt_folded_1_03","bbox":[404,541,13,51],"position":[-4.192602634429932,1.1259791851043702,-4.856156826019287]},{"name":"sweater_folded64(Clone)","prefabPath":"WomensCollection/Prefabs/Rearranged/sweater_folded64","bbox":[355,461,9,59],"position":[-4.479532718658447,1.7504826784133912,-5.295729637145996]},{"name":"sweater_folded_2(Clone)","prefabPath":"WomensCollection/Prefabs/Rearranged/sweater_folded_2","bbox":[336,564,18,82],"position":[-3.2870891094207765,1.1727182865142823,-4.855172157287598]},{"name":"sweater_folded_5(Clone)","prefabPath":"WomensCollection/Prefabs/Rearranged/sweater_folded_5","bbox":[482,537,12,53],"position":[-4.46813440322876,1.1727182865142823,-4.50005578994751]},{"name":"sweater_folded_6(Clone)","prefabPath":"WomensCollection/Prefabs/Rearranged/sweater_folded_6","bbox":[360,557,8,82],"position":[-3.590433120727539,1.1727182865142823,-4.855212211608887]},{"name":"shirt_folded_1_15(Clone)","prefabPath":"MensCollection/Prefabs/Rearranged/shirt_folded_1_15","bbox":[324,458,18,69],"position":[-4.192602634429932,1.7034283876419068,-5.294185161590576]},{"name":"shirt_5(Clone)","prefabPath":"MensCollection/Prefabs/Rearranged/shirt_5","bbox":[437,557,11,64],"position":[-3.579094886779785,1.1512309312820435,-4.501043796539307]},{"name":"sweater_folded64(Clone)","prefabPath":"WomensCollection/Prefabs/Rearranged/sweater_folded64","bbox":[344,513,10,85],"position":[-3.5694148540496828,1.4536418914794922,-4.926781177520752]},{"name":"shirt_9(Clone)","prefabPath":"MensCollection/Prefabs/Rearranged/shirt_9","bbox":[307,512,7,55],"position":[-3.876086473464966,1.4318393468856812,-5.2888007164001469]},{"name":"sweater_folded07(Clone)","prefabPath":"MensCollection/Prefabs/Rearranged/sweater_folded07","bbox":[276,468,7,82],"position":[-3.590433120727539,1.7501674890518189,-5.293240547180176]},{"name":"shirt_2(Clone)","prefabPath":"MensCollection/Prefabs/Rearranged/shirt_2","bbox":[411,503,7,57],"position":[-4.483030796051025,1.4318393468856812,-4.92523717880249]},{"name":"sweater_folded45(Clone)","prefabPath":"MensCollection/Prefabs/Rearranged/sweater_folded45","bbox":[387,551,6,66],"position":[-3.881964683532715,1.1752426624298096,-4.855222225189209]},{"name":"sweater_folded54(Clone)","prefabPath":"MensCollection/Prefabs/Rearranged/sweater_folded54","bbox":[301,466,7,75],"position":[-3.881964683532715,1.7501674890518189,-5.293250560760498]},{"name":"sweater_folded_2(Clone)","prefabPath":"WomensCollection/Prefabs/Rearranged/sweater_folded_2","bbox":[444,548,13,70],"position":[-3.8732590675354006,1.1727182865142823,-4.500005722045898]},{"name":"shirt_12(Clone)","prefabPath":"MensCollection/Prefabs/Rearranged/shirt_12","bbox":[277,516,11,66],"position":[-3.581960678100586,1.4352387189865113,-5.288269996643066]},{"name":"folded polo shirt34(Clone)","prefabPath":"MensCollection/Prefabs/Rearranged/folded polo shirt34","bbox":[319,518,18,94],"position":[-3.2529115676879885,1.4526302814483643,-4.821324825286865]},{"name":"shirt_2_05(Clone)","prefabPath":"WomensCollection/Prefabs/Rearranged/shirt_2_05","bbox":[331,508,7,59],"position":[-4.1831183433532719,1.4318336248397828,-5.288800239562988]},{"name":"shirt_7(Clone)","prefabPath":"MensCollection/Prefabs/Rearranged/shirt_7","bbox":[375,511,7,65],"position":[-3.876842975616455,1.4318393468856812,-4.92523717880249]},{"name":"camera","prefabPath":"camera","bbox":[-1,-1,-1,-1],"position":[2.010319709777832,2.0,-2.99796462059021]},{"name":"camera_right","prefabPath":"camera","bbox":[-1,-1,-1,-1],"position":[0.2756374776363373,0.0,0.9612616300582886]},{"name":"camera_forward","prefabPath":"camera","bbox":[-1,-1,-1,-1],"position":[-0.9606760740280151,-0.03489949181675911,0.275469571352005]},{"name":"camera_up","prefabPath":"camera","bbox":[-1,-1,-1,-1],"position":[-0.033547546714544299,0.9993908405303955,0.009619607590138913]}]}