{"scenes": [{"objects": [{"prefab_path": "MensCollection/Prefabs/Rearranged/shirt_hung_up30", "unique_id": 0, "index": 0, "bbox": [230, 113, 364, 202], "position": [4.857015609741211, 2.327331066131592, -7.29610013961792]}, {"prefab_path": "WomensCollection/Prefabs/Rearranged/dress_shirt_on_hanger12", "unique_id": 1, "index": 1, "bbox": [917, 111, 336, 222], "position": [3.050044298171997, 2.2903449535369873, -7.2900710105896]}, {"prefab_path": "870230/hoodie04", "unique_id": 2, "index": 2, "bbox": [1124, 58, 389, 301], "position": [2.5513617992401123, 2.556037425994873, -7.290022373199463]}, {"prefab_path": "1514019/Rearranged/Jeans_Blue_V3", "unique_id": 3, "index": 3, "bbox": [184, 493, 382, 161], "position": [5.1037092208862305, 0.8585162162780762, -7.354883193969727]}, {"prefab_path": "clothing_store/models/prefab/trousers_3", "unique_id": 4, "index": 4, "bbox": [447, 492, 409, 211], "position": [4.267000198364258, 0.8420000076293945, -7.349999904632568]}, {"prefab_path": "clothing_store/models/prefab/trousers_3", "unique_id": 4, "index": 5, "bbox": [734, 494, 421, 224], "position": [3.496999979019165, 0.8420000076293945, -7.349999904632568]}, {"prefab_path": "clothing_store/models/prefab/trousers", "unique_id": 5, "index": 6, "bbox": [1089, 498, 417, 240], "position": [2.6599998474121094, 0.8420000076293945, -7.349999904632568]}], "relationships": {"right": {"0": [1, 2, 6], "1": [2], "3": [4, 5, 6], "4": [5, 6], "5": [6]}, "down": {"0": [3, 4], "1": [6, 5], "2": [6, 5]}, "left": {"1": [0, 3], "2": [1, 0, 3], "4": [3], "5": [4, 3], "6": [5, 4, 3]}, "up": {"3": [0], "4": [0], "5": [1, 2], "6": [2, 1]}}}]}