{"scenes": [{"objects": [{"prefab_path": "MensCollection/Prefabs/Rearranged/jacket_1", "unique_id": 0, "index": 0, "bbox": [1138, 38, 356, 150], "position": [2.8447463512420654, -0.49210166931152344, 3.5321953296661377]}, {"prefab_path": "WomensCollection/Prefabs/Rearranged/blouse_01_07", "unique_id": 1, "index": 1, "bbox": [1293, 129, 225, 96], "position": [3.63200044631958, 2.3940000534057617, 2.312999963760376]}, {"prefab_path": "WomensCollection/Prefabs/Rearranged/blouse_01_17", "unique_id": 2, "index": 2, "bbox": [56, 160, 612, 172], "position": [0.5783213973045349, 1.8414487838745117, 2.244088649749756]}, {"prefab_path": "MensCollection/Prefabs/Rearranged/jacket_3_06", "unique_id": 3, "index": 3, "bbox": [1270, 351, 296, 91], "position": [6.214588165283203, -1.0643506050109863, 4.616558074951172]}, {"prefab_path": "WomensCollection/Prefabs/Rearranged/dress_shirt_on_hanger11", "unique_id": 4, "index": 4, "bbox": [1376, 376, 210, 75], "position": [4.2938666343688965, 1.4858957529067993, 2.310392141342163]}, {"prefab_path": "WomensCollection/Prefabs/Rearranged/leather_jacket_1_13", "unique_id": 5, "index": 5, "bbox": [1133, 385, 266, 123], "position": [2.9010000228881836, 1.5563387870788574, 2.312999963760376]}, {"prefab_path": "WomensCollection/Prefabs/Rearranged/sweater_folded_1", "unique_id": 6, "index": 6, "bbox": [1442, 673, 53, 128], "position": [4.336914539337158, 0.8036502003669739, 1.9639487266540527]}, {"prefab_path": "WomensCollection/Prefabs/Rearranged/shirt_3_05", "unique_id": 7, "index": 7, "bbox": [1369, 715, 49, 120], "position": [3.741041660308838, 0.7826354503631592, 1.9757846593856812]}, {"prefab_path": "WomensCollection/Prefabs/Rearranged/sweater_folded_6", "unique_id": 8, "index": 8, "bbox": [1398, 688, 59, 139], "position": [4.037914752960205, 0.8036502003669739, 1.9679487943649292]}, {"prefab_path": "WomensCollection/Prefabs/Rearranged/sweater_folded09", "unique_id": 9, "index": 9, "bbox": [1588, 706, 69, 145], "position": [4.336999893188477, 0.8045907020568848, 1.4939998388290405]}, {"prefab_path": "WomensCollection/Prefabs/Rearranged/shirt_5_03", "unique_id": 10, "index": 10, "bbox": [1263, 758, 63, 141], "position": [3.1451809406280518, 0.7826354503631592, 1.975784420967102]}, {"prefab_path": "MensCollection/Prefabs/Rearranged/folded polo shirt22", "unique_id": 11, "index": 11, "bbox": [1306, 727, 71, 148], "position": [3.446542978286743, 0.8034321069717407, 2.0908565521240234]}, {"prefab_path": "WomensCollection/Prefabs/Rearranged/shirt_2_05", "unique_id": 12, "index": 12, "bbox": [1521, 757, 68, 152], "position": [3.7497026920318604, 0.7826354503631592, 1.497921347618103]}, {"prefab_path": "MensCollection/Prefabs/Rearranged/shirt_10", "unique_id": 13, "index": 13, "bbox": [1559, 735, 61, 145], "position": [4.0377516746521, 0.7826411724090576, 1.4949250221252441]}, {"prefab_path": "MensCollection/Prefabs/Rearranged/shirt_14", "unique_id": 14, "index": 14, "bbox": [1205, 785, 74, 150], "position": [2.8469247817993164, 0.7826411724090576, 1.9641683101654053]}, {"prefab_path": "WomensCollection/Prefabs/Rearranged/shirt_2_05", "unique_id": 12, "index": 15, "bbox": [1494, 788, 79, 160], "position": [3.4392690658569336, 0.7826354503631592, 1.4668112993240356]}, {"prefab_path": "1514019/Rearranged/Jeans_Blue_V2", "unique_id": 15, "index": 16, "bbox": [494, 767, 236, 227], "position": [1.128291130065918, 1.0603034496307373, 2.251951217651367]}, {"prefab_path": "WomensCollection/Prefabs/Rearranged/sweater_folded_3", "unique_id": 16, "index": 17, "bbox": [1422, 805, 111, 202], "position": [3.1435132026672363, 0.8041285276412964, 1.4774458408355713]}, {"prefab_path": "MensCollection/Prefabs/Rearranged/shirt_10", "unique_id": 13, "index": 18, "bbox": [1383, 855, 107, 190], "position": [2.8451755046844482, 0.7826411724090576, 1.4668148756027222]}], "relationships": {"up": {"0": [1], "5": [1], "6": [4, 1], "7": [1, 4], "8": [4, 1], "9": [1], "10": [1, 5], "11": [1], "12": [1], "13": [1], "14": [5, 1], "15": [1], "17": [1], "18": [1]}, "right": {"0": [6, 8, 9], "2": [18, 17, 15], "5": [13, 9, 12], "7": [9, 8, 13], "8": [6, 9], "10": [12, 13, 15], "11": [9, 7, 13], "12": [13, 9], "14": [15, 12, 17], "16": [18, 17, 15], "17": [15]}, "down": {"1": [11, 7, 10], "4": [6, 8, 7], "5": [14, 10]}, "left": {"6": [8, 7, 11], "7": [11, 16, 2], "8": [7, 11, 10], "9": [7, 11, 8], "10": [16], "11": [16], "12": [10, 14, 11], "13": [11, 10, 12], "14": [16], "15": [14, 17, 10], "17": [14, 16, 2], "18": [16, 2]}}}]}