{"scenes": [{"objects": [{"prefab_path": "MensCollection/Prefabs/Rearranged/jacket_3_06", "unique_id": 0, "index": 0, "bbox": [1432, 217, 21, 9], "position": [-5.895236968994141, -0.7599018812179565, 12.818462371826172]}, {"prefab_path": "MensCollection/Prefabs/Rearranged/long_coat_10", "unique_id": 1, "index": 1, "bbox": [1369, 140, 173, 77], "position": [-3.736424446105957, 2.2962276935577393, 10.192062377929688]}, {"prefab_path": "870230/hoodie04", "unique_id": 2, "index": 2, "bbox": [1281, 243, 111, 37], "position": [-4.655022144317627, 2.065037727355957, 10.192423820495605]}, {"prefab_path": "MensCollection/Prefabs/Rearranged/jacket_3_06", "unique_id": 0, "index": 3, "bbox": [1262, 235, 119, 30], "position": [-7.746676445007324, -0.7559021711349487, 7.882547378540039]}, {"prefab_path": "MensCollection/Prefabs/Rearranged/jacket_2_03", "unique_id": 3, "index": 4, "bbox": [1301, 230, 135, 47], "position": [-5.8897175788879395, -1.304472804069519, 8.1079683303833]}, {"prefab_path": "870230/hoodie04", "unique_id": 2, "index": 5, "bbox": [1314, 239, 121, 38], "position": [-4.21602201461792, 2.065037488937378, 10.199423789978027]}, {"prefab_path": "870230/hoodie03", "unique_id": 4, "index": 6, "bbox": [1387, 231, 143, 52], "position": [-3.4737460613250732, 2.0649633407592773, 10.202938079833984]}, {"prefab_path": "MensCollection/Prefabs/Rearranged/long_coat_10 1", "unique_id": 5, "index": 7, "bbox": [1472, 199, 205, 93], "position": [-5.069012641906738, 1.4082798957824707, 10.776411056518555]}, {"prefab_path": "MensCollection/Prefabs/Rearranged/long_coat_10 1", "unique_id": 5, "index": 8, "bbox": [1975, 181, 352, 122], "position": [1.0746877193450928, 1.4082798957824707, 9.609992980957031]}, {"prefab_path": "MensCollection/Prefabs/Rearranged/long_coat_06", "unique_id": 6, "index": 9, "bbox": [520, 432, 31, 32], "position": [-3.639145612716675, -0.376015841960907, 6.721140384674072]}, {"prefab_path": "clothing_store/models/prefab/trousers_5", "unique_id": 7, "index": 10, "bbox": [1251, 375, 125, 33], "position": [-5.106999397277832, 0.23014092445373535, 10.119891166687012]}, {"prefab_path": "MensCollection/Prefabs/Rearranged/long_coat_12", "unique_id": 8, "index": 11, "bbox": [404, 446, 30, 23], "position": [-3.033041000366211, -0.5723292231559753, 6.2204108238220215]}, {"prefab_path": "MensCollection/Prefabs/Rearranged/jacket_4_05", "unique_id": 9, "index": 12, "bbox": [388, 459, 33, 36], "position": [-3.3350961208343506, 1.1438990831375122, 2.284674644470215]}, {"prefab_path": "MensCollection/Prefabs/Rearranged/jacket_2_03", "unique_id": 3, "index": 13, "bbox": [454, 450, 30, 12], "position": [-0.5794711112976074, -2.349472999572754, 5.762195110321045]}, {"prefab_path": "MensCollection/Prefabs/Rearranged/jacket_2_06", "unique_id": 10, "index": 14, "bbox": [538, 446, 31, 21], "position": [-1.6211819648742676, -3.146559000015259, 1.3974952697753906]}, {"prefab_path": "MensCollection/Prefabs/Rearranged/long_coat_10 1", "unique_id": 5, "index": 15, "bbox": [1057, 467, 34, 30], "position": [-3.5609960556030273, 0.36328017711639404, 5.917787551879883]}, {"prefab_path": "MensCollection/Prefabs/Rearranged/jacket_3_02", "unique_id": 11, "index": 16, "bbox": [1077, 467, 33, 19], "position": [2.984422206878662, -3.83341908454895, 9.972288131713867]}, {"prefab_path": "MensCollection/Prefabs/Rearranged/long_coat_10 1", "unique_id": 5, "index": 17, "bbox": [1115, 461, 34, 11], "position": [-4.55628776550293, 0.3219999074935913, 8.53907585144043]}, {"prefab_path": "MensCollection/Prefabs/Rearranged/long_coat_10", "unique_id": 1, "index": 18, "bbox": [1136, 449, 41, 10], "position": [-2.3862600326538086, 0.8372488021850586, 8.016880989074707]}, {"prefab_path": "MensCollection/Prefabs/Rearranged/long_coat_10 1", "unique_id": 5, "index": 19, "bbox": [1182, 457, 35, 29], "position": [-2.306389331817627, 0.36327970027923584, 10.436107635498047]}, {"prefab_path": "1514019/Rearranged/Sport_Pants", "unique_id": 12, "index": 20, "bbox": [1309, 392, 135, 34], "position": [-4.3703837394714355, 0.2701929807662964, 10.1698579788208]}, {"prefab_path": "clothing_store/models/prefab/trousers", "unique_id": 13, "index": 21, "bbox": [1363, 404, 171, 62], "position": [-3.613412857055664, 0.23014092445373535, 10.155158042907715]}, {"prefab_path": "MensCollection/Prefabs/Rearranged/long_coat_06", "unique_id": 6, "index": 22, "bbox": [1141, 488, 110, 71], "position": [-2.7884840965270996, -0.376015841960907, 8.74313735961914]}, {"prefab_path": "870230/hoodie09", "unique_id": 14, "index": 23, "bbox": [1162, 498, 43, 121], "position": [-2.1178126335144043, 1.0215479135513306, 8.209390640258789]}, {"prefab_path": "MensCollection/Prefabs/Rearranged/jacket_2_03", "unique_id": 3, "index": 24, "bbox": [1186, 498, 44, 37], "position": [-4.442269325256348, -2.3494725227355957, 8.322813034057617]}, {"prefab_path": "MensCollection/Prefabs/Rearranged/jacket_3_06", "unique_id": 0, "index": 25, "bbox": [1208, 487, 36, 34], "position": [-2.532599449157715, -1.8049027919769287, 11.620647430419922]}, {"prefab_path": "1514019/Rearranged/Sneakers_3", "unique_id": 15, "index": 26, "bbox": [1266, 504, 3, 6], "position": [-5.0915021896362305, 0.9197295904159546, 10.052120208740234]}, {"prefab_path": "clothing_store/models/prefab/sneakers_2", "unique_id": 16, "index": 27, "bbox": [1305, 536, 18, 23], "position": [-4.336514949798584, 0.03797274827957153, 10.106882095336914]}, {"prefab_path": "1514019/Rearranged/Jeans_Blue", "unique_id": 17, "index": 28, "bbox": [1456, 431, 201, 84], "position": [-2.897573709487915, 0.24459731578826904, 10.147927284240723]}, {"prefab_path": "MensCollection/Prefabs/Rearranged/long_coat_12", "unique_id": 8, "index": 29, "bbox": [489, 451, 280, 116], "position": [-2.8909003734588623, -0.5723287463188171, 4.857914447784424]}, {"prefab_path": "MensCollection/Prefabs/Rearranged/jacket_1", "unique_id": 18, "index": 30, "bbox": [517, 446, 233, 149], "position": [-4.1442646980285645, -2.089653491973877, 5.305954933166504]}, {"prefab_path": "1208725/Jacket_blue", "unique_id": 19, "index": 31, "bbox": [516, 466, 206, 141], "position": [-3.446617364883423, -0.9918507933616638, 5.779934406280518]}, {"prefab_path": "1514019/Rearranged/Shoes_Preppy", "unique_id": 20, "index": 32, "bbox": [1367, 575, 34, 42], "position": [-4.293466567993164, 0.9293829202651978, 10.088190078735352]}, {"prefab_path": "MensCollection/Prefabs/Rearranged/long_coat_12", "unique_id": 8, "index": 33, "bbox": [281, 457, 288, 209], "position": [-1.9937217235565186, -0.5723289847373962, 4.852659225463867]}, {"prefab_path": "870230/hoodie03", "unique_id": 4, "index": 34, "bbox": [309, 487, 275, 164], "position": [-2.688000440597534, 1.0199635028839111, 5.444812297821045]}, {"prefab_path": "MensCollection/Prefabs/Rearranged/jacket_3_02", "unique_id": 11, "index": 35, "bbox": [395, 473, 314, 98], "position": [2.6974124908447266, -3.83341908454895, 3.5312604904174805]}, {"prefab_path": "MensCollection/Prefabs/Rearranged/jacket_2_06", "unique_id": 10, "index": 36, "bbox": [464, 472, 273, 77], "position": [-7.224922180175781, -3.146559476852417, 5.159085750579834]}, {"prefab_path": "MensCollection/Prefabs/Rearranged/jacket_3_06", "unique_id": 0, "index": 37, "bbox": [988, 486, 295, 125], "position": [-4.481104850769043, -1.8049025535583496, 10.260197639465332]}, {"prefab_path": "MensCollection/Prefabs/Rearranged/jacket_3_02", "unique_id": 11, "index": 38, "bbox": [1032, 495, 293, 102], "position": [-0.9259231090545654, -3.833418130874634, 2.120659828186035]}, {"prefab_path": "clothing_store/models/prefab/cap_4", "unique_id": 21, "index": 39, "bbox": [1205, 579, 74, 133], "position": [-1.3110499382019043, 1.238464593887329, 8.018065452575684]}, {"prefab_path": "870230/hoodie03", "unique_id": 4, "index": 40, "bbox": [1095, 514, 274, 56], "position": [-1.9100005626678467, 1.0199635028839111, 7.8495965003967285]}, {"prefab_path": "clothing_store/models/prefab/cap", "unique_id": 22, "index": 41, "bbox": [1297, 629, 87, 168], "position": [-1.0737088918685913, 1.238464593887329, 8.004642486572266]}, {"prefab_path": "1514019/Rearranged/Jeans_Blue", "unique_id": 17, "index": 42, "bbox": [1950, 560, 228, 147], "position": [-1.1220006942749023, 0.24459731578826904, 10.205737113952637]}, {"prefab_path": "1514019/Rearranged/Hat_NY_PD", "unique_id": 23, "index": 43, "bbox": [1351, 669, 119, 157], "position": [0.08391869068145752, 0.4020349979400635, 8.012838363647461]}], "relationships": {"left": {"0": [3, 4, 10], "1": [15, 12, 34], "2": [15, 12, 34], "4": [36], "5": [15, 12, 34], "6": [15, 12, 34], "7": [26, 17, 15], "8": [43, 33, 34], "9": [29, 12], "10": [17, 4, 9], "11": [29, 12], "13": [14, 38], "15": [12], "16": [35, 38, 14], "17": [15, 12], "18": [34, 12, 15], "19": [15, 18, 22], "20": [17, 9, 15], "21": [17, 15, 9], "22": [11, 9, 31], "23": [34, 12, 15], "24": [30, 36, 12], "25": [30, 31, 11], "26": [17, 15, 12], "27": [17, 9, 15], "28": [15, 9, 22], "29": [12], "31": [12], "32": [17, 15, 9], "33": [12], "34": [12], "37": [24, 4, 30], "39": [34, 12, 33], "40": [34, 12, 15], "41": [34, 12, 33], "42": [33, 40, 23], "43": [33, 12, 29]}, "down": {"1": [21, 28, 32], "2": [27, 20, 32], "5": [32, 21, 20], "6": [28, 21, 19], "7": [37, 10, 20], "8": [16], "10": [37, 24], "12": [14, 38], "15": [31, 11, 30], "17": [24], "18": [13], "19": [25], "20": [27, 37, 24], "21": [37], "23": [13], "26": [10, 37, 27], "27": [37, 24], "32": [27, 20, 21], "34": [33, 29, 11], "39": [13, 16], "40": [13], "41": [13, 16], "42": [16], "43": [16]}, "right": {"3": [0], "4": [0, 37, 10], "9": [22, 28, 21], "10": [0], "11": [22, 19, 28], "12": [34, 23, 18], "13": [42, 16, 25], "14": [13, 16, 25], "15": [28, 19, 22], "17": [20, 27, 32], "18": [19, 42, 28], "22": [28, 19, 25], "23": [19, 42], "24": [37, 25, 0], "26": [7], "29": [11, 22, 19], "30": [25, 24, 37], "31": [22, 25, 28], "33": [42, 22, 19], "34": [23, 18, 40], "35": [16], "36": [4, 37, 24], "38": [13, 16, 25], "39": [42], "40": [42, 19], "41": [42], "43": [8]}, "up": {"10": [26, 7, 2], "11": [15, 34], "13": [34, 41, 40], "14": [12], "16": [8, 43, 42], "19": [6, 1], "20": [2, 32, 5], "21": [1, 5, 6], "22": [6, 1, 5], "24": [17, 26, 10], "25": [19, 6, 1], "26": [2], "27": [2, 20, 32], "28": [6, 1, 5], "29": [34], "30": [15, 34], "31": [15, 34], "32": [2, 5, 1], "33": [34], "37": [26, 10, 7], "38": [12, 34]}}}]}