{"scenes": [{"objects": [{"prefab_path": "MensCollection/Prefabs/Rearranged/jacket_4_09", "unique_id": 0, "index": 0, "bbox": [67, 17, 80, 55], "position": [-1.6025422811508179, 2.408564567565918, -2.772160768508911]}, {"prefab_path": "1208725/Jacket_red", "unique_id": 1, "index": 1, "bbox": [1, 1, 628, 344], "position": [0.9051914215087891, 3.4627931118011475, -3.729701519012451]}, {"prefab_path": "MensCollection/Prefabs/Rearranged/jacket_2_06", "unique_id": 2, "index": 2, "bbox": [150, 1, 775, 441], "position": [-4.671510219573975, -1.3801088333129883, -0.9200186729431152]}, {"prefab_path": "MensCollection/Prefabs/Rearranged/long_coat_12", "unique_id": 3, "index": 3, "bbox": [519, 1, 788, 634], "position": [-0.5786576271057129, 1.0084834098815918, -3.2988996505737305]}, {"prefab_path": "MensCollection/Prefabs/Rearranged/jacket_4_05", "unique_id": 4, "index": 4, "bbox": [6, 475, 16, 9], "position": [-5.280021667480469, 2.782984733581543, -2.4825198650360107]}, {"prefab_path": "MensCollection/Prefabs/Rearranged/long_coat_06", "unique_id": 5, "index": 5, "bbox": [196, 596, 94, 53], "position": [-0.0960777997970581, 0.23586583137512207, -3.6840240955352783]}, {"prefab_path": "MensCollection/Prefabs/Rearranged/jacket_3_06", "unique_id": 6, "index": 6, "bbox": [1, 563, 225, 227], "position": [0.6220870018005371, -1.1930193901062012, -0.2254643440246582]}], "relationships": {"down": {"0": [3, 5], "1": [5], "3": [5], "4": [2]}, "left": {"0": [4], "1": [4], "6": [2, 4]}, "up": {"2": [4], "3": [0], "5": [3, 1, 0]}, "right": {"2": [6], "4": [0, 1, 6]}}}]}