{"scenes": [{"objects": [{"prefab_path": "MensCollection/Prefabs/Rearranged/jacket_4_09", "unique_id": 0, "index": 0, "bbox": [505, 223, 214, 162], "position": [-2.3893918991088867, 2.2014784812927246, -7.308888912200928]}, {"prefab_path": "MensCollection/Prefabs/Rearranged/jacket_3_06", "unique_id": 1, "index": 1, "bbox": [720, 233, 173, 76], "position": [-5.878676891326904, -0.37290239334106445, -9.596237182617188]}, {"prefab_path": "870230/hoodie09", "unique_id": 2, "index": 2, "bbox": [896, 253, 118, 77], "position": [-4.229247570037842, 2.453547954559326, -7.283141136169434]}, {"prefab_path": "1514019/Rearranged/TShirt_Black", "unique_id": 3, "index": 3, "bbox": [1106, 294, 53, 101], "position": [-4.223942756652832, 1.822136640548706, -5.2966108322143555]}, {"prefab_path": "MensCollection/Prefabs/Rearranged/long_coat_12", "unique_id": 4, "index": 4, "bbox": [1, 238, 267, 101], "position": [0.22459769248962402, 0.8596711158752441, -6.892217636108398]}, {"prefab_path": "MensCollection/Prefabs/Rearranged/polo shirt display 03", "unique_id": 5, "index": 5, "bbox": [948, 268, 245, 158], "position": [-3.6046953201293945, 2.227057933807373, -5.295989036560059]}, {"prefab_path": "1514019/Rearranged/Jacket_Grey", "unique_id": 6, "index": 6, "bbox": [705, 244, 359, 213], "position": [-2.8778598308563232, 1.6739416122436523, -5.280738353729248]}, {"prefab_path": "MensCollection/Prefabs/Rearranged/sweater_01", "unique_id": 7, "index": 7, "bbox": [1206, 320, 239, 128], "position": [-4.297305583953857, 1.9587163925170898, -4.801324367523193]}, {"prefab_path": "MensCollection/Prefabs/Rearranged/shirt_mannequin_1", "unique_id": 8, "index": 8, "bbox": [1062, 317, 295, 158], "position": [-3.671043634414673, 1.9868830442428589, -4.801473140716553]}, {"prefab_path": "1514019/Rearranged/TShirt_Black_2", "unique_id": 9, "index": 9, "bbox": [812, 372, 273, 216], "position": [-2.957753896713257, 1.6682119369506836, -4.816709995269775]}, {"prefab_path": "MensCollection/Prefabs/Rearranged/jacket_4_09", "unique_id": 0, "index": 10, "bbox": [141, 458, 282, 114], "position": [-1.024888515472412, 1.2754786014556885, -7.270607948303223]}, {"prefab_path": "MensCollection/Prefabs/Rearranged/jacket_4_09", "unique_id": 0, "index": 11, "bbox": [1, 505, 279, 58], "position": [-0.6158885955810547, 1.2754786014556885, -7.270607948303223]}, {"prefab_path": "1208725/Jacket_blue", "unique_id": 10, "index": 12, "bbox": [43, 479, 269, 111], "position": [-1.340862512588501, -0.48585081100463867, -7.3142266273498535]}], "relationships": {"right": {"0": [3, 5, 7], "4": [9, 6, 8], "5": [7], "6": [8, 7], "8": [7], "10": [3, 6, 7], "11": [10, 6, 7], "12": [3, 7]}, "down": {"0": [12], "10": [12], "11": [12]}, "left": {"2": [0], "3": [10, 0, 11], "5": [0, 10, 11], "6": [11, 10, 4], "7": [5, 8, 6], "8": [6, 11, 10], "9": [11, 4, 10], "10": [11]}, "up": {"12": [10, 0, 11]}}}]}