{"scenes": [{"objects": [{"prefab_path": "1498649_store/Prefabs/_itog029", "unique_id": 0, "index": 0, "bbox": [675, 166, 167, 46], "position": [-0.9989127516746521, 2.377624034881592, -2.898423194885254]}, {"prefab_path": "1498649_store/Prefabs/_itog015", "unique_id": 1, "index": 1, "bbox": [654, 175, 149, 47], "position": [-1.6204921007156372, 2.4358975887298584, -2.7880003452301025]}, {"prefab_path": "MensCollection/Prefabs/Rearranged/long_coat_10", "unique_id": 2, "index": 2, "bbox": [714, 124, 227, 58], "position": [-0.3902970552444458, 2.4204483032226562, -2.8813223838806152]}, {"prefab_path": "1498649_store/Prefabs/_itog040", "unique_id": 3, "index": 3, "bbox": [773, 117, 216, 69], "position": [0.24317502975463867, 2.377624034881592, -2.898423194885254]}, {"prefab_path": "MensCollection/Prefabs/Rearranged/jacket_4_05", "unique_id": 4, "index": 4, "bbox": [618, 181, 151, 57], "position": [-5.280021667480469, 2.782984733581543, -2.4825198650360107]}, {"prefab_path": "WomensCollection/Prefabs/Rearranged/blouse_01_55", "unique_id": 5, "index": 5, "bbox": [257, 317, 213, 110], "position": [-0.11567853391170502, 1.6184489727020264, -4.7419114112854]}, {"prefab_path": "870230/hoodie04", "unique_id": 6, "index": 6, "bbox": [285, 309, 207, 95], "position": [-0.5080221891403198, 1.8420377969741821, -4.74136209487915]}, {"prefab_path": "WomensCollection/Prefabs/Rearranged/blouse_01_55", "unique_id": 5, "index": 7, "bbox": [684, 361, 135, 42], "position": [-0.998058557510376, 1.4083304405212402, -2.8984382152557373]}, {"prefab_path": "WomensCollection/Prefabs/Rearranged/blouse_01_55", "unique_id": 5, "index": 8, "bbox": [799, 355, 170, 72], "position": [0.24349229037761688, 1.4666039943695068, -2.787947177886963]}, {"prefab_path": "WomensCollection/Prefabs/Rearranged/dress2_16", "unique_id": 7, "index": 9, "bbox": [1, 181, 607, 294], "position": [1.2655997276306152, 1.6166741847991943, -4.870816230773926]}, {"prefab_path": "WomensCollection/Prefabs/Rearranged/dress_6_", "unique_id": 8, "index": 10, "bbox": [138, 198, 666, 136], "position": [1.609184741973877, 1.6233246326446533, -4.765816688537598]}, {"prefab_path": "WomensCollection/Prefabs/Rearranged/hanging_dress_1_26", "unique_id": 9, "index": 11, "bbox": [259, 234, 611, 104], "position": [1.618322730064392, 1.737345576286316, -4.700351715087891]}, {"prefab_path": "WomensCollection/Prefabs/Rearranged/hanging_dress_1_12", "unique_id": 10, "index": 12, "bbox": [373, 274, 574, 95], "position": [1.6363226175308228, 1.6783455610275269, -4.552351951599121]}], "relationships": {"down": {"0": [7], "1": [7], "2": [8], "3": [8], "11": [10]}, "left": {"3": [6, 5], "8": [6, 5], "10": [9], "11": [9], "12": [9, 10]}, "right": {"9": [12, 10, 11], "10": [12], "5": [8, 3], "6": [8, 3]}, "up": {"8": [3, 2], "10": [11], "7": [0, 1]}}}]}