{"scenes": [{"objects": [{"prefab_path": "MensCollection/Prefabs/Rearranged/jacket_4_05", "unique_id": 0, "index": 0, "bbox": [1736, 54, 283, 39], "position": [0.031168222427368164, 2.1888985633850098, -0.7611551284790039]}, {"prefab_path": "MensCollection/Prefabs/Rearranged/jacket_1", "unique_id": 1, "index": 1, "bbox": [1823, 3, 357, 295], "position": [1.2091649770736694, -1.044653296470642, 1.0071263313293457]}, {"prefab_path": "1514019/Rearranged/Sweater_001", "unique_id": 2, "index": 2, "bbox": [1062, 79, 341, 214], "position": [0.30214017629623413, 1.2799358367919922, -0.02573847770690918]}, {"prefab_path": "1514019/Rearranged/Sport_Jacket", "unique_id": 3, "index": 3, "bbox": [916, 192, 182, 65], "position": [-1.1058598756790161, 1.2909047603607178, -0.025738418102264404]}, {"prefab_path": "1514019/Rearranged/Jean_Jacket_2", "unique_id": 4, "index": 4, "bbox": [959, 156, 236, 145], "position": [2.179933547973633, 1.2588186264038086, -0.01151353120803833]}, {"prefab_path": "MensCollection/Prefabs/Rearranged/dress shirt b", "unique_id": 5, "index": 5, "bbox": [1272, 1, 531, 468], "position": [1.0440000295639038, 1.6319999694824219, -0.02199999988079071]}, {"prefab_path": "MensCollection/Prefabs/Rearranged/long_coat_12", "unique_id": 6, "index": 6, "bbox": [810, 336, 15, 9], "position": [-3.951040744781494, -0.5723292231559753, 0.6714115142822266]}, {"prefab_path": "MensCollection/Prefabs/Rearranged/jacket_1", "unique_id": 1, "index": 7, "bbox": [882, 340, 14, 10], "position": [-5.0579094886779785, -2.089653730392456, 0.14626362919807434]}, {"prefab_path": "MensCollection/Prefabs/Rearranged/long_coat_12", "unique_id": 6, "index": 8, "bbox": [862, 335, 17, 12], "position": [-3.165618419647217, -0.5723289847373962, -0.1895635724067688]}, {"prefab_path": "MensCollection/Prefabs/Rearranged/long_coat_10 1", "unique_id": 7, "index": 9, "bbox": [866, 336, 19, 13], "position": [-1.4206600189208984, 0.3632798194885254, 0.6526583433151245]}, {"prefab_path": "MensCollection/Prefabs/Rearranged/jacket_3_06", "unique_id": 8, "index": 10, "bbox": [882, 341, 15, 10], "position": [-4.228599548339844, -1.8049027919769287, 3.6668639183044434]}, {"prefab_path": "MensCollection/Prefabs/Rearranged/jacket_4_05", "unique_id": 0, "index": 11, "bbox": [852, 340, 14, 2], "position": [-1.584658145904541, 1.1438989639282227, -1.692630648612976]}, {"prefab_path": "MensCollection/Prefabs/Rearranged/jacket_4_05", "unique_id": 0, "index": 12, "bbox": [841, 345, 12, 4], "position": [-1.0694451332092285, 1.1026188135147095, -0.5463314056396484]}, {"prefab_path": "MensCollection/Prefabs/Rearranged/jacket_2_03", "unique_id": 9, "index": 13, "bbox": [795, 343, 130, 61], "position": [-3.821803569793701, -2.3494725227355957, -2.737865924835205]}, {"prefab_path": "MensCollection/Prefabs/Rearranged/long_coat_10 1", "unique_id": 7, "index": 14, "bbox": [779, 336, 141, 75], "position": [-3.2771105766296387, 0.36327970027923584, 1.9500670433044434]}, {"prefab_path": "1208725/Jacket_gray", "unique_id": 10, "index": 15, "bbox": [827, 350, 125, 32], "position": [-4.395257949829102, -0.9918884634971619, -0.30267533659935]}, {"prefab_path": "870230/hoodie03", "unique_id": 11, "index": 16, "bbox": [847, 354, 114, 31], "position": [-3.586566925048828, 1.0199635028839111, 0.012699827551841736]}, {"prefab_path": "clothing_store/models/prefab/trousers_3", "unique_id": 12, "index": 17, "bbox": [255, 403, 316, 95], "position": [-1.122291922569275, 0.2301410436630249, -2.175999879837036]}, {"prefab_path": "1514019/Rearranged/Jeans_Blue_V3", "unique_id": 13, "index": 18, "bbox": [1872, 409, 371, 219], "position": [1.1282912492752075, 0.24665725231170654, 2.251950979232788]}, {"prefab_path": "clothing_store/models/prefab/trousers", "unique_id": 14, "index": 19, "bbox": [1, 444, 344, 129], "position": [-0.34700000286102295, 0.23014092445373535, -2.2209999561309814]}, {"prefab_path": "clothing_store/models/prefab/sneakers_4", "unique_id": 15, "index": 20, "bbox": [1424, 596, 36, 73], "position": [-0.33875060081481934, 0.03797277808189392, 2.1859521865844727]}], "relationships": {"down": {"0": [19, 1], "2": [1], "5": [1], "11": [17], "16": [8, 6, 15]}, "right": {"0": [5, 18], "2": [18], "3": [20, 18], "6": [14], "7": [10], "8": [20, 18], "9": [20, 18], "11": [12, 3, 2], "12": [3, 18, 20], "13": [8, 20, 9], "15": [6, 14, 10], "16": [14, 20], "17": [18, 2, 20], "19": [18, 2, 1]}, "up": {"1": [5, 2, 0], "6": [16], "7": [16], "8": [16], "15": [16], "17": [11], "19": [0]}, "left": {"1": [19, 17, 11], "2": [11, 17, 19], "3": [12, 11, 17], "4": [19, 17], "5": [0, 19, 11], "6": [15], "8": [13], "9": [11, 17, 13], "10": [7, 15, 13], "12": [11], "14": [16, 6, 15], "18": [17, 19, 2], "20": [9, 12, 11]}}}]}