{"scenes": [{"objects": [{"prefab_path": "WomensCollection/Prefabs/Rearranged/leather_jacket_1", "unique_id": 0, "index": 0, "bbox": [1744, 2, 329, 140], "position": [3.0529110431671143, 2.360787868499756, -7.2926788330078125]}, {"prefab_path": "WomensCollection/Prefabs/Rearranged/leather_jacket_1_13", "unique_id": 1, "index": 1, "bbox": [310, 219, 124, 86], "position": [6.39205265045166, 2.3548734188079834, -1.6773165464401245]}, {"prefab_path": "MensCollection/Prefabs/Rearranged/jacket_4_05", "unique_id": 2, "index": 2, "bbox": [393, 199, 163, 102], "position": [6.697479724884033, 2.6829848289489746, 0.7409777641296387]}, {"prefab_path": "WomensCollection/Prefabs/Rearranged/leather_jacket_1_17", "unique_id": 3, "index": 3, "bbox": [493, 225, 127, 80], "position": [6.281561851501465, 2.296599864959717, -2.9199414253234863]}, {"prefab_path": "MensCollection/Prefabs/Rearranged/polo shirt 22", "unique_id": 4, "index": 4, "bbox": [584, 223, 100, 95], "position": [6.281636714935303, 2.3418045043945312, -3.5239017009735107]}, {"prefab_path": "870230/hoodie03", "unique_id": 5, "index": 5, "bbox": [686, 219, 138, 94], "position": [6.272629261016846, 2.5007760524749756, -4.166092872619629]}, {"prefab_path": "WomensCollection/Prefabs/Rearranged/dress_6_08", "unique_id": 6, "index": 6, "bbox": [635, 266, 75, 40], "position": [3.5461854934692383, 1.6233246326446533, -4.765816688537598]}, {"prefab_path": "1498649_store/Prefabs/_itog034", "unique_id": 7, "index": 7, "bbox": [410, 353, 184, 79], "position": [6.278319358825684, 1.2093271017074585, -2.2977068424224854]}, {"prefab_path": "WomensCollection/Prefabs/Rearranged/dress2_16", "unique_id": 8, "index": 8, "bbox": [734, 190, 494, 101], "position": [3.344604253768921, 1.702674150466919, -5.196644306182861]}, {"prefab_path": "WomensCollection/Prefabs/Rearranged/dress_6_05", "unique_id": 9, "index": 9, "bbox": [589, 240, 467, 102], "position": [3.2026045322418213, 1.6443243026733398, -4.873236656188965]}, {"prefab_path": "WomensCollection/Prefabs/Rearranged/dress_4_11", "unique_id": 10, "index": 10, "bbox": [717, 337, 321, 140], "position": [3.781121015548706, 1.558395266532898, -5.100273132324219]}, {"prefab_path": "WomensCollection/Prefabs/Rearranged/dress_3_", "unique_id": 11, "index": 11, "bbox": [843, 245, 469, 74], "position": [3.388519763946533, 1.631293535232544, -5.403816223144531]}, {"prefab_path": "1514019/Rearranged/Sport_Pants", "unique_id": 12, "index": 12, "bbox": [1325, 382, 221, 80], "position": [5.100466251373291, 0.8820520639419556, -7.353848934173584]}, {"prefab_path": "WomensCollection/Prefabs/Rearranged/dress2_29", "unique_id": 13, "index": 13, "bbox": [487, 296, 422, 70], "position": [3.5746042728424072, 1.4926741123199463, -4.4678120613098145]}, {"prefab_path": "WomensCollection/Prefabs/Rearranged/dress_4_08", "unique_id": 14, "index": 14, "bbox": [534, 225, 569, 147], "position": [3.08689022064209, 1.6032042503356934, -4.867617607116699]}, {"prefab_path": "1514019/Rearranged/Jeans_Blue_V2", "unique_id": 15, "index": 15, "bbox": [1423, 387, 301, 122], "position": [4.266709327697754, 1.672162413597107, -7.354883193969727]}, {"prefab_path": "WomensCollection/Prefabs/Rearranged/dress_4_", "unique_id": 16, "index": 16, "bbox": [141, 219, 696, 311], "position": [2.0823183059692383, 1.4612044095993042, -5.103014945983887]}, {"prefab_path": "1514019/Rearranged/Jeans_Blue_V2", "unique_id": 15, "index": 17, "bbox": [1583, 404, 421, 202], "position": [3.496708869934082, 1.672162413597107, -7.354883193969727]}], "relationships": {"left": {"0": [9, 8, 14], "1": [2], "3": [1, 2], "4": [3, 1, 2], "5": [4, 3, 1], "6": [13, 2], "7": [2], "8": [9, 6, 13], "9": [2], "10": [13, 6, 2], "11": [8, 9, 6], "12": [10, 7, 13], "13": [2], "14": [2], "15": [10, 13, 6], "17": [11, 8, 9]}, "right": {"1": [3, 4, 5], "2": [1, 5, 3], "3": [4, 5, 12], "4": [5, 12, 15], "5": [12], "6": [11, 17, 10], "7": [5, 12, 15], "8": [17, 11, 0], "9": [8, 11, 17], "10": [15, 17, 0], "11": [17, 15, 0], "13": [6, 10, 11], "14": [11, 17, 0], "16": [0, 17]}, "down": {"1": [7], "3": [7]}, "up": {"7": [1, 3]}}}]}