{"scenes": [{"objects": [{"prefab_path": "870230/hoodie09", "unique_id": 0, "index": 0, "bbox": [23, 252, 266, 258], "position": [6.272047996520996, 2.5024123191833496, -3.5315210819244385]}, {"prefab_path": "870230/hoodie09", "unique_id": 0, "index": 1, "bbox": [321, 264, 232, 193], "position": [6.272024154663086, 2.5023603439331055, -4.1631879806518555]}, {"prefab_path": "clothing_store/models/prefab/trousers_5", "unique_id": 1, "index": 2, "bbox": [884, 1, 787, 668], "position": [3.2730002403259277, 1.6579999923706055, -5.1020002365112305]}, {"prefab_path": "MensCollection/Prefabs/Rearranged/polo shirt 30", "unique_id": 2, "index": 3, "bbox": [1842, 188, 377, 255], "position": [3.0529110431671143, 2.4057605266571045, -7.2926788330078125]}, {"prefab_path": "1208725/Jacket_gray", "unique_id": 3, "index": 4, "bbox": [337, 495, 250, 225], "position": [6.975811004638672, -0.42173290252685547, -4.724344253540039]}, {"prefab_path": "MensCollection/Prefabs/Rearranged/polo shirt 05", "unique_id": 4, "index": 5, "bbox": [69, 547, 241, 246], "position": [-20.96448516845703, 8.642913818359375, -11.442001342773438]}, {"prefab_path": "clothing_store/models/prefab/trousers_5", "unique_id": 1, "index": 6, "bbox": [1616, 551, 237, 248], "position": [3.496999979019165, 0.8420000076293945, -7.349999904632568]}], "relationships": {"right": {"0": [1, 3, 6], "1": [3, 6], "2": [3], "4": [6]}, "down": {"0": [4], "1": [4], "3": [6]}, "left": {"1": [0], "2": [0], "3": [0, 1, 2], "6": [0, 1, 4]}, "up": {"4": [1, 0], "6": [3]}}}]}