{"scenes": [{"objects": [{"prefab_path": "MensCollection/Prefabs/Rearranged/jacket_2_06", "unique_id": 0, "index": 0, "bbox": [508, 261, 200, 133], "position": [7.787705898284912, -1.6074728965759277, 2.6643314361572266]}, {"prefab_path": "1498649_store/Prefabs/_itog018", "unique_id": 1, "index": 1, "bbox": [651, 272, 181, 112], "position": [6.3919997215271, 2.33589768409729, -2.2975077629089355]}, {"prefab_path": "WomensCollection/Prefabs/Rearranged/blouse_01_62", "unique_id": 2, "index": 2, "bbox": [776, 299, 150, 114], "position": [6.281561851501465, 2.277261257171631, -2.9199414253234863]}, {"prefab_path": "WomensCollection/Prefabs/Rearranged/blouse_2_07", "unique_id": 3, "index": 3, "bbox": [912, 296, 160, 89], "position": [6.402707099914551, 2.334934711456299, -2.8192315101623535]}, {"prefab_path": "WomensCollection/Prefabs/Rearranged/blouse_2_15", "unique_id": 4, "index": 4, "bbox": [1039, 298, 156, 86], "position": [6.273585796356201, 2.2788820266723633, -4.163100242614746]}, {"prefab_path": "WomensCollection/Prefabs/Rearranged/dress_3_", "unique_id": 5, "index": 5, "bbox": [1800, 309, 95, 84], "position": [3.5490612983703613, 1.626293420791626, -4.765816688537598]}, {"prefab_path": "MensCollection/Prefabs/Rearranged/polo shirt display 02", "unique_id": 6, "index": 6, "bbox": [1, 277, 249, 63], "position": [5.193694591522217, 2.226058006286621, -0.22200995683670044]}, {"prefab_path": "WomensCollection/Prefabs/Rearranged/dress_6_05", "unique_id": 7, "index": 7, "bbox": [1662, 349, 110, 217], "position": [3.5541841983795166, 1.5793242454528809, -4.615816116333008]}, {"prefab_path": "MensCollection/Prefabs/Rearranged/suit 3", "unique_id": 8, "index": 8, "bbox": [46, 307, 291, 191], "position": [5.266794204711914, 1.9562866687774658, -0.6450545787811279]}, {"prefab_path": "WomensCollection/Prefabs/Rearranged/dress_6_08", "unique_id": 9, "index": 9, "bbox": [1722, 460, 30, 23], "position": [4.030604362487793, 1.457324743270874, -5.097397327423096]}, {"prefab_path": "1498649_store/Prefabs/_itog031", "unique_id": 10, "index": 10, "bbox": [511, 482, 189, 118], "position": [6.281576633453369, 1.3086934089660645, -1.6769992113113403]}, {"prefab_path": "WomensCollection/Prefabs/Rearranged/leather_jacket_1_04", "unique_id": 11, "index": 11, "bbox": [645, 495, 162, 118], "position": [6.281257152557373, 1.3276690244674683, -2.297888994216919]}, {"prefab_path": "1498649_store/Prefabs/_itog030", "unique_id": 12, "index": 12, "bbox": [900, 480, 177, 108], "position": [6.28170108795166, 1.3090230226516724, -3.520261287689209]}, {"prefab_path": "1498649_store/Prefabs/_itog041", "unique_id": 13, "index": 13, "bbox": [1025, 468, 173, 99], "position": [6.3919997215271, 1.366966962814331, -4.160639762878418]}, {"prefab_path": "WomensCollection/Prefabs/Rearranged/dress_4_16", "unique_id": 14, "index": 14, "bbox": [1581, 367, 548, 293], "position": [3.57499361038208, 1.5484353303909302, -4.467875003814697]}], "relationships": {"right": {"0": [12, 13, 11], "1": [3, 2, 4], "2": [4], "3": [4, 13], "6": [8, 9, 5], "7": [5], "8": [9, 2, 5], "10": [11, 12, 13], "11": [12, 13, 4], "12": [13], "14": [7, 5]}, "left": {"1": [6], "2": [1, 8, 6], "3": [1, 8, 6], "4": [3, 1, 2], "5": [7, 14, 6], "7": [14, 6, 8], "8": [6], "9": [8, 6, 10], "10": [0], "11": [10, 0], "12": [11, 10, 8], "13": [12, 11, 10], "14": [8, 6, 0]}, "down": {"1": [11, 10], "2": [12, 11], "3": [11, 12], "4": [13, 12]}, "up": {"10": [1], "11": [1, 3, 2], "12": [2, 4, 3], "13": [4]}}}]}