{"scenes": [{"objects": [{"prefab_path": "WomensCollection/Prefabs/Rearranged/dress2_30", "unique_id": 0, "index": 0, "bbox": [20, 53, 299, 413], "position": [3.0756044387817383, 1.606378197669983, -4.870816230773926]}, {"prefab_path": "1208725/Jacket_blue", "unique_id": 1, "index": 1, "bbox": [1146, 248, 196, 75], "position": [0.2187138795852661, 0.5889616012573242, -2.3572545051574707]}, {"prefab_path": "1498649_store/Prefabs/_itog030", "unique_id": 2, "index": 2, "bbox": [425, 341, 55, 40], "position": [-2.370234489440918, 2.228811740875244, -7.292694091796875]}, {"prefab_path": "WomensCollection/Prefabs/Rearranged/dress2_29", "unique_id": 3, "index": 3, "bbox": [395, 350, 74, 119], "position": [1.4486041069030762, 1.6006742715835571, -5.40364408493042]}, {"prefab_path": "WomensCollection/Prefabs/Rearranged/hanging_dress_1_20", "unique_id": 4, "index": 4, "bbox": [494, 330, 74, 95], "position": [1.4262089729309082, 1.8883453607559204, -5.113309860229492]}, {"prefab_path": "WomensCollection/Prefabs/Rearranged/blouse_2_1", "unique_id": 5, "index": 5, "bbox": [488, 361, 74, 26], "position": [-3.259159803390503, 2.230069875717163, -7.284702777862549]}, {"prefab_path": "1498649_store/Prefabs/_itog028", "unique_id": 6, "index": 6, "bbox": [1076, 284, 172, 24], "position": [-1.6200318336486816, 2.336531400680542, -2.7908644676208496]}, {"prefab_path": "MensCollection/Prefabs/Rearranged/long_coat_10 1", "unique_id": 7, "index": 7, "bbox": [1115, 257, 205, 45], "position": [1.7248777151107788, 1.8536772727966309, -3.607541799545288]}, {"prefab_path": "MensCollection/Prefabs/Rearranged/long_coat_06", "unique_id": 8, "index": 8, "bbox": [1084, 282, 178, 36], "position": [-0.0960777997970581, 1.2047967910766602, -3.6840240955352783]}, {"prefab_path": "1498649_store/Prefabs/_itog031", "unique_id": 9, "index": 9, "bbox": [534, 384, 49, 26], "position": [-4.227234840393066, 2.228811740875244, -7.292694091796875]}, {"prefab_path": "1208725/Jacket_gray", "unique_id": 10, "index": 10, "bbox": [780, 421, 12, 11], "position": [-1.0476264953613281, -0.16988825798034668, -4.134241580963135]}, {"prefab_path": "1498649_store/Prefabs/_itog034", "unique_id": 11, "index": 11, "bbox": [756, 396, 198, 81], "position": [-0.8858019113540649, 1.5194456577301025, -4.742535591125488]}, {"prefab_path": "WomensCollection/Prefabs/Rearranged/dress_4_16", "unique_id": 12, "index": 12, "bbox": [603, 357, 371, 153], "position": [1.2656625509262085, 1.6724354028701782, -4.870426177978516]}, {"prefab_path": "1498649_store/Prefabs/_itog017", "unique_id": 13, "index": 13, "bbox": [758, 420, 174, 76], "position": [-0.31069380044937134, 1.6188119649887085, -4.742765426635742]}, {"prefab_path": "MensCollection/Prefabs/Rearranged/shirt_6", "unique_id": 14, "index": 14, "bbox": [840, 523, 4, 22], "position": [-4.175972938537598, 1.18492591381073, -4.494472980499268]}, {"prefab_path": "MensCollection/Prefabs/Rearranged/shirt_9", "unique_id": 15, "index": 15, "bbox": [842, 538, 5, 19], "position": [-3.2669692039489746, 1.1512309312820435, -4.500990390777588]}, {"prefab_path": "MensCollection/Prefabs/Rearranged/shirt_14", "unique_id": 16, "index": 16, "bbox": [842, 534, 4, 20], "position": [-3.579094886779785, 1.1512309312820435, -4.501043796539307]}, {"prefab_path": "MensCollection/Prefabs/Rearranged/jacket_2_06", "unique_id": 17, "index": 17, "bbox": [1034, 449, 129, 35], "position": [-6.45648193359375, -2.534677267074585, -1.160548210144043]}, {"prefab_path": "MensCollection/Prefabs/Rearranged/jacket_4_09", "unique_id": 18, "index": 18, "bbox": [1087, 453, 169, 39], "position": [-0.9797554016113281, 1.3813602924346924, -2.882228374481201]}, {"prefab_path": "WomensCollection/Prefabs/Rearranged/blouse_01_21", "unique_id": 19, "index": 19, "bbox": [1117, 475, 148, 41], "position": [-0.3940984010696411, 1.410264015197754, -2.8983631134033203]}, {"prefab_path": "WomensCollection/Prefabs/Rearranged/dress_4_08", "unique_id": 20, "index": 20, "bbox": [664, 341, 503, 60], "position": [1.6148031949996948, 1.6272042989730835, -4.777102470397949]}, {"prefab_path": "WomensCollection/Prefabs/Rearranged/dress_4_24", "unique_id": 21, "index": 21, "bbox": [730, 369, 456, 50], "position": [1.6200616359710693, 1.587395191192627, -4.616299629211426]}, {"prefab_path": "WomensCollection/Prefabs/Rearranged/blouse_01_60", "unique_id": 22, "index": 22, "bbox": [1180, 467, 172, 68], "position": [0.24349229037761688, 1.4666037559509277, -2.787947177886963]}, {"prefab_path": "WomensCollection/Prefabs/Rearranged/dress2_30", "unique_id": 0, "index": 23, "bbox": [409, 351, 537, 214], "position": [1.8446040153503418, 1.5573782920837402, -5.099815845489502]}, {"prefab_path": "WomensCollection/Prefabs/Rearranged/dress_6_", "unique_id": 23, "index": 24, "bbox": [793, 404, 439, 41], "position": [1.6351847648620605, 1.52032470703125, -4.467816352844238]}], "relationships": {"left": {"1": [8, 13, 11], "6": [2, 5, 11], "7": [4, 20, 21], "8": [13, 11, 2], "11": [2], "12": [3], "13": [2], "14": [9, 5], "15": [5, 9, 2], "16": [9, 5, 2], "18": [11, 13, 2], "19": [11, 13, 8], "20": [3], "21": [20, 3, 23], "22": [8, 13, 11], "24": [21, 20, 3]}, "up": {"1": [22], "10": [11, 13, 6], "18": [6]}, "right": {"2": [6, 18, 11], "3": [21, 20, 24], "4": [7, 21, 24], "5": [15, 6, 16], "8": [22, 19, 1], "9": [14, 16, 15], "10": [1], "11": [19, 18, 8], "12": [7, 22, 1], "13": [19, 22, 8], "20": [21, 24, 7], "21": [24, 7], "23": [21, 24, 7], "24": [7]}, "down": {"11": [10], "13": [10], "6": [18, 10], "22": [1]}}}]}