{"scenes": [{"objects": [{"prefab_path": "MensCollection/Prefabs/Rearranged/jacket_3_02", "unique_id": 0, "index": 0, "bbox": [685, 31, 22, 14], "position": [-1.6431856155395508, -2.8296985626220703, -7.583827018737793]}, {"prefab_path": "870230/hoodie04", "unique_id": 1, "index": 1, "bbox": [366, 109, 176, 70], "position": [2.922253370285034, 2.2631824016571045, -2.355499267578125]}, {"prefab_path": "1208725/Jacket_red", "unique_id": 2, "index": 2, "bbox": [557, 55, 280, 80], "position": [1.4755849838256836, 2.926980495452881, -0.31666088104248047]}, {"prefab_path": "MensCollection/Prefabs/Rearranged/jacket_1", "unique_id": 3, "index": 3, "bbox": [769, 1, 358, 120], "position": [-1.5328738689422607, -1.044653296470642, -2.329164981842041]}, {"prefab_path": "MensCollection/Prefabs/Rearranged/polo shirt 40 1", "unique_id": 4, "index": 4, "bbox": [809, 1, 311, 79], "position": [-0.4406786561012268, 1.905760407447815, -2.2169113159179688]}, {"prefab_path": "MensCollection/Prefabs/Rearranged/long_coat_10 1", "unique_id": 5, "index": 5, "bbox": [861, 1, 374, 94], "position": [0.018792033195495605, 1.4082798957824707, -0.04931163787841797]}, {"prefab_path": "MensCollection/Prefabs/Rearranged/long_coat_10 1", "unique_id": 5, "index": 6, "bbox": [1046, 1, 386, 287], "position": [-3.2996878623962402, 1.4082798957824707, -1.6362080574035645]}, {"prefab_path": "MensCollection/Prefabs/Rearranged/jacket_4_09", "unique_id": 6, "index": 7, "bbox": [223, 153, 154, 42], "position": [5.380558013916016, 2.015255928039551, -2.370671033859253]}, {"prefab_path": "clothing_store/models/prefab/T_shirt", "unique_id": 7, "index": 8, "bbox": [242, 146, 156, 56], "position": [4.766740798950195, 1.6254525184631348, -2.358625650405884]}, {"prefab_path": "870230/hoodie03", "unique_id": 8, "index": 9, "bbox": [278, 141, 149, 57], "position": [4.161469459533691, 2.2632040977478027, -2.3489041328430176]}, {"prefab_path": "MensCollection/Prefabs/Rearranged/shirt_hung_up08", "unique_id": 9, "index": 10, "bbox": [327, 119, 178, 49], "position": [3.5401604175567627, 2.04744553565979, -2.3537516593933105]}, {"prefab_path": "MensCollection/Prefabs/Rearranged/long_coat_10 1", "unique_id": 5, "index": 11, "bbox": [520, 99, 258, 42], "position": [-1.0766878128051758, 1.4082798957824707, -1.6362080574035645]}, {"prefab_path": "MensCollection/Prefabs/Rearranged/shirt_hung_up16", "unique_id": 10, "index": 12, "bbox": [270, 306, 148, 40], "position": [4.782248020172119, 1.0785150527954102, -2.3537516593933105]}, {"prefab_path": "MensCollection/Prefabs/Rearranged/shirt_hung_up04", "unique_id": 11, "index": 13, "bbox": [239, 307, 138, 37], "position": [5.403291702270508, 1.0785150527954102, -2.3537516593933105]}, {"prefab_path": "MensCollection/Prefabs/Rearranged/jacket_2_03", "unique_id": 12, "index": 14, "bbox": [301, 302, 165, 46], "position": [5.993082046508789, -2.136373519897461, -3.9978749752044678]}, {"prefab_path": "870230/hoodie09", "unique_id": 13, "index": 15, "bbox": [340, 314, 153, 52], "position": [3.5434272289276123, 1.2957587242126465, -2.3485915660858154]}, {"prefab_path": "MensCollection/Prefabs/Rearranged/jacket_3_06", "unique_id": 14, "index": 16, "bbox": [381, 296, 196, 83], "position": [-0.005543231964111328, -1.4324579238891602, -4.388944625854492]}, {"prefab_path": "1514019/Rearranged/Jeans_Blue_V4", "unique_id": 15, "index": 17, "bbox": [521, 393, 276, 66], "position": [1.127708911895752, 0.24453043937683105, -2.1808831691741943]}, {"prefab_path": "clothing_store/models/prefab/trousers_4", "unique_id": 16, "index": 18, "bbox": [661, 394, 298, 71], "position": [0.36900001764297485, 0.23014092445373535, -2.2330000400543213]}, {"prefab_path": "1514019/Rearranged/Jeans_Grey", "unique_id": 17, "index": 19, "bbox": [828, 419, 369, 127], "position": [-0.34729114174842834, 0.27026891708374023, -2.2258832454681396]}, {"prefab_path": "1514019/Rearranged/Jeans_Grey", "unique_id": 17, "index": 20, "bbox": [1076, 444, 344, 174], "position": [-1.122583031654358, 0.27026891708374023, -2.1808831691741943]}, {"prefab_path": "clothing_store/models/prefab/sneakers_2", "unique_id": 18, "index": 21, "bbox": [523, 692, 33, 64], "position": [1.1007025241851807, 0.03797270357608795, -2.209076404571533]}, {"prefab_path": "clothing_store/models/prefab/sneakers", "unique_id": 19, "index": 22, "bbox": [643, 746, 39, 68], "position": [0.39076828956604004, 0.037972718477249146, -2.2187538146972656]}], "relationships": {"left": {"0": [14, 13, 12], "1": [10, 9, 8], "3": [21, 17, 15], "4": [2, 1, 10], "6": [5, 11, 2], "9": [7], "10": [9, 8, 7], "11": [5, 2, 15], "12": [13], "15": [12, 8, 13], "16": [12, 14, 13], "17": [12, 13, 8], "18": [17, 21, 15], "19": [18, 22, 17], "20": [19, 18, 22], "21": [12, 13], "22": [21, 17, 15]}, "right": {"1": [4, 6], "2": [4, 11, 6], "5": [6, 11], "7": [9, 10, 15], "8": [15, 10, 1], "9": [10, 1, 4], "10": [1, 4, 20], "11": [6], "12": [15, 17, 21], "13": [12, 15, 17], "14": [0, 16], "15": [18, 22, 4], "17": [18, 22, 19], "18": [19, 20], "19": [20], "21": [22, 18, 19], "22": [19, 20]}, "down": {"1": [15, 21], "4": [19, 20, 18], "7": [13, 12, 14], "8": [12, 14], "9": [15, 12, 14], "10": [15], "11": [20, 3], "13": [14], "17": [21], "18": [22], "20": [3]}, "up": {"3": [20, 11, 4], "12": [8, 7, 9], "13": [7], "14": [13, 7, 8], "15": [10, 9, 1], "18": [4], "19": [4], "20": [4, 11], "21": [17, 1], "22": [18, 4]}}}]}