{"scenes": [{"objects": [{"prefab_path": "MensCollection/Prefabs/Rearranged/jacket_2_03", "unique_id": 0, "index": 0, "bbox": [1, 1, 337, 148], "position": [7.235170364379883, -1.167442798614502, -3.9978749752044678]}, {"prefab_path": "MensCollection/Prefabs/Rearranged/polo shirt 36", "unique_id": 1, "index": 1, "bbox": [158, 41, 267, 228], "position": [4.780352592468262, 2.1039845943450928, -2.3581972122192383]}, {"prefab_path": "MensCollection/Prefabs/Rearranged/shirt_hung_up", "unique_id": 2, "index": 2, "bbox": [410, 32, 305, 201], "position": [4.161203861236572, 2.04744553565979, -2.3537516593933105]}, {"prefab_path": "MensCollection/Prefabs/Rearranged/polo shirt 18 1", "unique_id": 3, "index": 3, "bbox": [628, 72, 243, 197], "position": [3.538264751434326, 2.1039845943450928, -2.3581972122192383]}, {"prefab_path": "MensCollection/Prefabs/Rearranged/shirt_hung_up11", "unique_id": 4, "index": 4, "bbox": [836, 62, 279, 176], "position": [2.919116497039795, 2.04744553565979, -2.3537516593933105]}, {"prefab_path": "1208725/Jacket_gray", "unique_id": 5, "index": 5, "bbox": [1394, 148, 243, 136], "position": [0.493241548538208, 0.05311131477355957, -2.7576262950897217]}, {"prefab_path": "MensCollection/Prefabs/Rearranged/jacket_3_06", "unique_id": 6, "index": 6, "bbox": [1590, 168, 237, 58], "position": [-1.6592369079589844, -0.7599018812179565, 0.4006776809692383]}, {"prefab_path": "MensCollection/Prefabs/Rearranged/long_coat_12", "unique_id": 7, "index": 7, "bbox": [1590, 141, 288, 109], "position": [0.7787826061248779, 0.43139100074768066, -3.04459810256958]}, {"prefab_path": "MensCollection/Prefabs/Rearranged/long_coat_12", "unique_id": 7, "index": 8, "bbox": [1593, 141, 275, 121], "position": [0.7214611768722534, 0.4726707935333252, -3.045687198638916]}, {"prefab_path": "MensCollection/Prefabs/Rearranged/long_coat_06", "unique_id": 8, "index": 9, "bbox": [1594, 171, 257, 141], "position": [1.0339075326919556, 0.627704381942749, -1.3199305534362793]}, {"prefab_path": "MensCollection/Prefabs/Rearranged/jacket_2_06", "unique_id": 9, "index": 10, "bbox": [1711, 189, 221, 62], "position": [1.8635681867599487, -2.1428394317626953, 1.9922473430633545]}, {"prefab_path": "MensCollection/Prefabs/Rearranged/jacket_4_09", "unique_id": 10, "index": 11, "bbox": [1775, 147, 258, 104], "position": [-0.3148883879184723, 1.8144785165786743, -2.198608160018921]}, {"prefab_path": "MensCollection/Prefabs/Rearranged/long_coat_06", "unique_id": 8, "index": 12, "bbox": [1790, 151, 265, 110], "position": [0.3449075222015381, 0.6689841747283936, -1.3149304389953613]}, {"prefab_path": "MensCollection/Prefabs/Rearranged/jacket_2_03", "unique_id": 0, "index": 13, "bbox": [1775, 179, 215, 56], "position": [-1.5887174606323242, -1.304472804069519, -4.31681489944458]}, {"prefab_path": "MensCollection/Prefabs/Rearranged/jacket_2_06", "unique_id": 9, "index": 14, "bbox": [1775, 185, 212, 156], "position": [-2.3035693168640137, -2.10155987739563, -6.443247318267822]}, {"prefab_path": "MensCollection/Prefabs/Rearranged/polo shirt 18", "unique_id": 11, "index": 15, "bbox": [1942, 209, 176, 44], "position": [-1.12208890914917, 1.8492276668548584, -2.2206783294677734]}, {"prefab_path": "clothing_store/models/prefab/T_shirt_7", "unique_id": 12, "index": 16, "bbox": [634, 347, 296, 187], "position": [3.5246529579162598, 0.6565220355987549, -2.358625650405884]}, {"prefab_path": "MensCollection/Prefabs/Rearranged/jacket_2_06", "unique_id": 9, "index": 17, "bbox": [834, 346, 293, 180], "position": [6.805192947387695, -3.0023574829101562, -4.5078840255737305]}, {"prefab_path": "870230/hoodie03", "unique_id": 13, "index": 18, "bbox": [1, 367, 292, 158], "position": [5.403557300567627, 1.2942736148834229, -2.3489041328430176]}, {"prefab_path": "MensCollection/Prefabs/Rearranged/jacket_3_02", "unique_id": 14, "index": 19, "bbox": [154, 338, 345, 261], "position": [9.75631332397461, -3.7257790565490723, -4.904325485229492]}, {"prefab_path": "MensCollection/Prefabs/Rearranged/shirt_hung_up28 1", "unique_id": 15, "index": 20, "bbox": [415, 349, 307, 199], "position": [4.160630702972412, 1.078418493270874, -2.353693962097168]}, {"prefab_path": "1514019/Rearranged/Jeans_Blue_V2", "unique_id": 16, "index": 21, "bbox": [1392, 448, 297, 114], "position": [1.127708911895752, 1.0603034496307373, -2.1808834075927734]}, {"prefab_path": "clothing_store/models/prefab/trousers_3", "unique_id": 17, "index": 22, "bbox": [1585, 443, 274, 97], "position": [0.36900001764297485, 0.23014092445373535, -2.2330000400543213]}, {"prefab_path": "clothing_store/models/prefab/trousers_4", "unique_id": 18, "index": 23, "bbox": [1771, 442, 255, 69], "position": [-0.34700000286102295, 0.23014092445373535, -2.2209999561309814]}, {"prefab_path": "clothing_store/models/prefab/trousers_2", "unique_id": 19, "index": 24, "bbox": [1935, 441, 250, 78], "position": [-1.122291922569275, 0.2301410436630249, -2.175999879837036]}, {"prefab_path": "1514019/Rearranged/Sneakers_3", "unique_id": 20, "index": 25, "bbox": [1767, 732, 43, 106], "position": [-0.3888784945011139, 0.9197296500205994, -2.2579185962677]}], "relationships": {"right": {"0": [5, 24, 23], "1": [2, 3, 4], "2": [3, 4, 11], "3": [4, 11, 15], "4": [11, 15, 21], "5": [24, 23], "7": [24, 23, 25], "8": [24, 23, 25], "9": [12, 24, 6], "11": [15], "16": [21, 12, 22], "17": [13, 5, 24], "18": [20, 21, 12], "19": [17, 13, 14], "20": [21, 16, 12], "21": [25, 11, 23], "22": [23, 24], "23": [24]}, "down": {"0": [17], "1": [20, 17], "2": [20, 16, 17], "3": [16, 20], "4": [16], "11": [23, 25, 22], "15": [24, 23, 13], "18": [17], "25": [23]}, "left": {"2": [1, 18], "3": [2, 1, 18], "4": [3, 2, 1], "5": [16, 0, 20], "6": [9, 16, 20], "7": [16, 20, 0], "8": [16, 20, 18], "9": [16, 20, 18], "10": [19], "11": [4, 3, 2], "12": [9, 16, 20], "13": [0, 17, 19], "14": [17, 19, 0], "15": [11, 4, 3], "16": [20, 18, 0], "17": [19], "20": [18], "21": [20, 16, 18], "22": [16, 20, 18], "23": [22, 5, 16], "24": [23, 22, 5], "25": [21, 16, 20]}, "up": {"5": [11], "13": [15], "16": [3, 4, 2], "17": [0, 18, 1], "20": [2, 3, 1], "22": [11], "23": [25, 11, 15], "24": [15, 11], "25": [11]}}}]}