{"scenes": [{"objects": [{"prefab_path": "MensCollection/Prefabs/Rearranged/jacket_2_06", "unique_id": 0, "index": 0, "bbox": [1990, 54, 326, 128], "position": [-1.3135690689086914, -2.101559638977051, -1.9742469787597656]}, {"prefab_path": "870230/hoodie04", "unique_id": 1, "index": 1, "bbox": [1021, 239, 118, 30], "position": [-3.589022159576416, 2.065037488937378, 2.244637966156006]}, {"prefab_path": "1514019/Rearranged/Jacket_Grey", "unique_id": 2, "index": 2, "bbox": [1043, 45, 453, 345], "position": [-1.1058598756790161, 1.1859416961669922, -0.025738388299942017]}, {"prefab_path": "1514019/Rearranged/Jean_Jacket", "unique_id": 3, "index": 3, "bbox": [1331, 1, 533, 686], "position": [-0.41586220264434814, 1.3029627799987793, -0.02573835849761963]}, {"prefab_path": "MensCollection/Prefabs/Rearranged/jacket_3_02", "unique_id": 4, "index": 4, "bbox": [899, 258, 113, 27], "position": [0.23582744598388672, -2.8256988525390625, 0.2108149528503418]}, {"prefab_path": "MensCollection/Prefabs/Rearranged/jacket_4_05", "unique_id": 5, "index": 5, "bbox": [946, 243, 128, 40], "position": [-4.998831748962402, 2.1888985633850098, -0.7571549415588379]}, {"prefab_path": "MensCollection/Prefabs/Rearranged/jacket_4_05", "unique_id": 5, "index": 6, "bbox": [956, 241, 130, 32], "position": [-4.8748321533203125, 2.1888985633850098, -0.7611551284790039]}, {"prefab_path": "MensCollection/Prefabs/Rearranged/jacket_2_06", "unique_id": 0, "index": 7, "bbox": [980, 259, 103, 10], "position": [-5.821569442749023, -2.101559638977051, -1.9732470512390137]}, {"prefab_path": "MensCollection/Prefabs/Rearranged/long_coat_10 1", "unique_id": 6, "index": 8, "bbox": [938, 243, 132, 50], "position": [-3.961207866668701, 1.4082798957824707, 4.4196882247924805]}, {"prefab_path": "1208725/Jacket_blue", "unique_id": 7, "index": 9, "bbox": [967, 259, 104, 19], "position": [-4.759862422943115, 0.05314898490905762, 2.219773292541504]}, {"prefab_path": "MensCollection/Prefabs/Rearranged/jacket_4_05", "unique_id": 5, "index": 10, "bbox": [992, 234, 138, 48], "position": [-4.468832015991211, 2.188898801803589, -0.7671551704406738]}, {"prefab_path": "MensCollection/Prefabs/Rearranged/jacket_2_03", "unique_id": 8, "index": 11, "bbox": [1003, 234, 133, 44], "position": [-5.247717380523682, -1.304472804069519, 0.14818525314331055]}, {"prefab_path": "MensCollection/Prefabs/Rearranged/long_coat_10", "unique_id": 9, "index": 12, "bbox": [678, 387, 23, 10], "position": [-4.076053142547607, 0.7959689497947693, -0.016326677054166794]}, {"prefab_path": "MensCollection/Prefabs/Rearranged/jacket_4_09", "unique_id": 10, "index": 13, "bbox": [696, 385, 25, 5], "position": [-4.096419334411621, 0.7694786190986633, 0.07280030846595764]}, {"prefab_path": "MensCollection/Prefabs/Rearranged/jacket_1", "unique_id": 11, "index": 14, "bbox": [737, 385, 22, 16], "position": [-5.062264919281006, -2.089653491973877, -0.24304479360580444]}, {"prefab_path": "MensCollection/Prefabs/Rearranged/jacket_3_02", "unique_id": 4, "index": 15, "bbox": [724, 386, 20, 6], "position": [-1.9979968070983887, -3.833418130874634, -5.200271129608154]}, {"prefab_path": "MensCollection/Prefabs/Rearranged/long_coat_12", "unique_id": 12, "index": 16, "bbox": [744, 379, 24, 16], "position": [-3.4255857467651367, -0.5723289847373962, -0.5695135593414307]}, {"prefab_path": "MensCollection/Prefabs/Rearranged/jacket_3_06", "unique_id": 13, "index": 17, "bbox": [629, 390, 25, 25], "position": [-2.751518726348877, -1.8049020767211914, -3.539172410964966]}, {"prefab_path": "MensCollection/Prefabs/Rearranged/jacket_3_06", "unique_id": 13, "index": 18, "bbox": [646, 389, 23, 16], "position": [-4.3506598472595215, -1.8049018383026123, -3.638411045074463]}, {"prefab_path": "1514019/Rearranged/Jeans_Grey", "unique_id": 14, "index": 19, "bbox": [900, 390, 114, 27], "position": [-5.106708526611328, 0.27026891708374023, 2.1709887981414795]}, {"prefab_path": "clothing_store/models/prefab/trousers_5", "unique_id": 15, "index": 20, "bbox": [1023, 392, 72, 42], "position": [-3.613412857055664, 0.23014092445373535, 2.201373815536499]}, {"prefab_path": "MensCollection/Prefabs/Rearranged/long_coat_10", "unique_id": 9, "index": 21, "bbox": [699, 381, 229, 62], "position": [-3.5838677883148193, 0.8372488021850586, -0.013380717486143112]}, {"prefab_path": "1208725/Tshirt_white", "unique_id": 16, "index": 22, "bbox": [742, 408, 167, 76], "position": [-4.332915782928467, -0.06226694583892822, 0.6489344835281372]}, {"prefab_path": "MensCollection/Prefabs/Rearranged/long_coat_10 1", "unique_id": 6, "index": 23, "bbox": [734, 379, 215, 90], "position": [-2.035647392272949, 0.3632798194885254, 1.736083745956421]}, {"prefab_path": "clothing_store/models/prefab/trousers_4", "unique_id": 17, "index": 24, "bbox": [954, 389, 126, 35], "position": [-4.373917579650879, 0.23014092445373535, 2.2122232913970947]}, {"prefab_path": "clothing_store/models/prefab/T_shirt_9", "unique_id": 18, "index": 25, "bbox": [577, 394, 212, 106], "position": [-3.796428680419922, 0.3799999952316284, -0.24514850974082947]}, {"prefab_path": "MensCollection/Prefabs/Rearranged/jacket_2_03", "unique_id": 8, "index": 26, "bbox": [616, 393, 218, 87], "position": [-3.821803569793701, -2.3494725227355957, -2.737865924835205]}, {"prefab_path": "MensCollection/Prefabs/Rearranged/jacket_4_05", "unique_id": 5, "index": 27, "bbox": [683, 389, 241, 35], "position": [-1.2102961540222168, 1.1438989639282227, -2.008329391479492]}, {"prefab_path": "clothing_store/models/prefab/sneakers_5", "unique_id": 19, "index": 28, "bbox": [902, 517, 15, 18], "position": [-5.091246128082275, 0.037972718477249146, 2.1207213401794434]}, {"prefab_path": "clothing_store/models/prefab/sneakers_3", "unique_id": 20, "index": 29, "bbox": [962, 532, 17, 6], "position": [-4.336514949798584, 0.03797274827957153, 2.1530990600585938]}, {"prefab_path": "1514019/Rearranged/Jeans_Blue_V4", "unique_id": 21, "index": 30, "bbox": [1402, 413, 225, 94], "position": [-1.1220009326934814, 0.24453043937683105, 2.251950979232788]}, {"prefab_path": "1514019/Rearranged/Sneakers_3", "unique_id": 22, "index": 31, "bbox": [1136, 576, 22, 20], "position": [-2.8421027660369873, 0.9197297096252441, 2.1542246341705322]}, {"prefab_path": "1514019/Rearranged/Jeans_Blue", "unique_id": 23, "index": 32, "bbox": [1610, 453, 248, 136], "position": [-0.3467087149620056, 0.24459731578826904, 2.2062573432922363]}, {"prefab_path": "1514019/Rearranged/Sport_Pants", "unique_id": 24, "index": 33, "bbox": [1897, 450, 302, 201], "position": [0.372533917427063, 0.2701929807662964, 2.1931071281433105]}, {"prefab_path": "clothing_store/models/prefab/sneakers_5", "unique_id": 19, "index": 34, "bbox": [1413, 650, 38, 90], "position": [-1.063675045967102, 0.037972792983055115, 2.1982765197753906]}, {"prefab_path": "1514019/Rearranged/Shoes_Preppy", "unique_id": 25, "index": 35, "bbox": [1598, 697, 64, 133], "position": [-1.0557796955108643, 0.9293829202651978, 2.159721851348877]}], "relationships": {"up": {"0": [27, 2, 3], "4": [3, 2, 33], "7": [5, 6, 10], "9": [1], "11": [5, 6, 13], "12": [10], "13": [10], "14": [11, 5, 6], "15": [27], "16": [25, 21, 12], "17": [27, 10], "18": [10, 6, 5], "20": [1], "22": [10, 6, 5], "24": [1], "25": [21, 10, 6], "26": [10, 6, 5], "28": [19], "29": [24, 1], "30": [35], "31": [1], "34": [30, 35]}, "right": {"0": [4, 33], "2": [33, 32], "3": [33], "5": [1, 35, 31], "6": [1, 35, 31], "7": [14, 16, 34], "10": [35, 1, 31], "11": [20, 34, 23], "12": [23, 35, 30], "13": [23, 35, 30], "14": [34, 30, 23], "15": [4], "16": [34, 32, 30], "17": [0, 4, 33], "18": [26, 0, 4], "19": [8], "21": [35, 23, 30], "22": [20, 23, 31], "23": [30, 34, 35], "25": [30, 23, 34], "26": [4, 0, 33], "27": [3, 33], "28": [9, 8]}, "left": {"0": [17, 18, 26], "1": [5, 6, 10], "2": [10, 6, 5], "3": [27, 10, 6], "4": [26, 0, 18], "32": [25, 23, 16], "33": [16, 25, 2], "34": [25, 23, 16], "8": [19, 28, 5], "9": [28], "35": [21, 12, 25], "14": [7], "16": [7, 18], "20": [22, 13, 11], "23": [25, 12, 13], "26": [18], "30": [25, 23, 21], "31": [13, 12, 22]}, "down": {"1": [20, 31, 29], "2": [4, 0], "3": [4, 0], "5": [14, 11, 25], "6": [14, 11, 25], "10": [25, 12, 13], "11": [14], "12": [16, 14, 11], "13": [16, 14, 11], "19": [28], "21": [25, 16, 14], "22": [14], "24": [29], "25": [16, 14], "27": [0, 17, 4], "30": [34, 4], "32": [4], "33": [4], "34": [4], "35": [34, 30, 4]}}}]}