{"Items":[{"name":"jacket_2_06(Clone)","prefabPath":"MensCollection/Prefabs/Rearranged/jacket_2_06","bbox":[1137,499,377,173],"position":[-0.6223361492156982,-2.406008243560791,4.05088996887207]},{"name":"blouse_01_55(Clone)","prefabPath":"WomensCollection/Prefabs/Rearranged/blouse_01_55","bbox":[846,517,371,238],"position":[2.9010000228881838,1.5369999408721924,2.312999963760376]},{"name":"Tshirt_white(Clone)","prefabPath":"1208725/Tshirt_white","bbox":[1362,500,303,112],"position":[3.914228916168213,0.6782846450805664,3.1272568702697756]},{"name":"tank_top_1_01(Clone)","prefabPath":"WomensCollection/Prefabs/Rearranged/tank_top_1_01","bbox":[1367,201,275,115],"position":[4.314071178436279,2.3851280212402345,2.308269739151001]},{"name":"shirt_hung_up24 1(Clone)","prefabPath":"MensCollection/Prefabs/Rearranged/shirt_hung_up24 1","bbox":[1141,128,378,189],"position":[3.6314737796783449,2.4027538299560549,2.3084213733673097]},{"name":"Jacket_blue(Clone)","prefabPath":"1208725/Jacket_blue","bbox":[873,81,412,250],"position":[2.931684732437134,0.6057009696960449,2.839183807373047]},{"name":"sweater_folded_1(Clone)","prefabPath":"WomensCollection/Prefabs/Rearranged/sweater_folded_1","bbox":[1463,940,63,205],"position":[4.336914539337158,0.8036502003669739,1.9639487266540528]},{"name":"sweater_folded74(Clone)","prefabPath":"MensCollection/Prefabs/Rearranged/sweater_folded74","bbox":[1391,972,31,128],"position":[4.037914752960205,0.8036502003669739,1.9679487943649293]},{"name":"camera","prefabPath":"camera","bbox":[-1,-1,-1,-1],"position":[2.0653493404388429,2.0,0.6858522295951843]},{"name":"camera_right","prefabPath":"camera","bbox":[-1,-1,-1,-1],"position":[0.9063077569007874,0.0,-0.4226182699203491]},{"name":"camera_forward","prefabPath":"camera","bbox":[-1,-1,-1,-1],"position":[0.4226182699203491,0.0,0.9063077569007874]},{"name":"camera_up","prefabPath":"camera","bbox":[-1,-1,-1,-1],"position":[0.0,1.0,0.0]}]}