{"scenes": [{"objects": [{"prefab_path": "MensCollection/Prefabs/Rearranged/long_coat_06", "unique_id": 0, "index": 0, "bbox": [1053, 382, 40, 27], "position": [3.4497790336608887, -0.3760160803794861, 0.1858670860528946]}, {"prefab_path": "MensCollection/Prefabs/Rearranged/shirt_hung_up03", "unique_id": 1, "index": 1, "bbox": [1090, 403, 33, 10], "position": [2.3175878524780273, 0.8033310174942017, 0.0858161449432373]}, {"prefab_path": "MensCollection/Prefabs/Rearranged/jacket_3_06", "unique_id": 2, "index": 2, "bbox": [1108, 393, 60, 33], "position": [4.970590591430664, -1.8049025535583496, 2.2923264503479004]}, {"prefab_path": "MensCollection/Prefabs/Rearranged/long_coat_10 1", "unique_id": 3, "index": 3, "bbox": [1164, 390, 51, 18], "position": [4.038067817687988, 0.36327970027923584, -0.548889696598053]}, {"prefab_path": "MensCollection/Prefabs/Rearranged/jacket_1", "unique_id": 4, "index": 4, "bbox": [1155, 392, 40, 14], "position": [2.8768491744995117, -2.089653730392456, 0.9761828184127808]}, {"prefab_path": "clothing_store/models/prefab/T_shirt", "unique_id": 5, "index": 5, "bbox": [1224, 406, 41, 19], "position": [2.0914463996887207, 0.3799999952316284, -0.2445855289697647]}, {"prefab_path": "870230/hoodie04", "unique_id": 6, "index": 6, "bbox": [1115, 438, 48, 40], "position": [1.8468537330627441, 1.0200375318527222, 0.06843605637550354]}, {"prefab_path": "MensCollection/Prefabs/Rearranged/polo shirt 48", "unique_id": 7, "index": 7, "bbox": [1193, 447, 34, 76], "position": [1.886406421661377, 0.860760509967804, -0.1445973515510559]}, {"prefab_path": "1514019/Rearranged/Cap", "unique_id": 8, "index": 8, "bbox": [1287, 444, 97, 144], "position": [3.5941710472106934, 0.4325745105743408, -1.1607314348220825]}, {"prefab_path": "1514019/Rearranged/Cap", "unique_id": 8, "index": 9, "bbox": [1165, 473, 135, 233], "position": [-1.569455623626709, 0.4325745105743408, -0.36378204822540283]}, {"prefab_path": "870230/hoodie04", "unique_id": 6, "index": 10, "bbox": [943, 450, 299, 102], "position": [2.0914783477783203, 0.9787576198577881, 0.2492380440235138]}, {"prefab_path": "MensCollection/Prefabs/Rearranged/jacket_3_06", "unique_id": 2, "index": 11, "bbox": [955, 398, 332, 125], "position": [1.1921658515930176, -1.8049023151397705, 3.5981836318969727]}, {"prefab_path": "MensCollection/Prefabs/Rearranged/jacket_4_05", "unique_id": 9, "index": 12, "bbox": [1019, 404, 384, 99], "position": [3.5743484497070312, 1.1438984870910645, -2.3859734535217285]}, {"prefab_path": "clothing_store/models/prefab/cap_5", "unique_id": 10, "index": 13, "bbox": [1362, 527, 192, 407], "position": [0.7833051085472107, 1.238464593887329, 0.0010082200169563293]}], "relationships": {"down": {"0": [4], "1": [4], "3": [4], "5": [4], "6": [5, 4], "7": [5, 4], "10": [4]}, "right": {"0": [8, 12], "1": [12], "2": [8, 12], "3": [8, 12], "8": [12], "10": [7, 12], "11": [5, 12]}, "up": {"4": [0, 1, 10], "5": [7, 6]}, "left": {"8": [3, 0, 2], "12": [8, 3, 1], "5": [11], "7": [10]}}}]}