{"scenes": [{"objects": [{"prefab_path": "WomensCollection/Prefabs/Rearranged/leather_jacket_1_13", "unique_id": 0, "index": 0, "bbox": [873, 25, 378, 242], "position": [-0.3940984010696411, 2.3984007835388184, -2.8983631134033203]}, {"prefab_path": "870230/hoodie04", "unique_id": 1, "index": 1, "bbox": [1149, 1, 409, 392], "position": [0.24457848072052002, 2.6008498668670654, -2.901094675064087]}, {"prefab_path": "870230/hoodie09", "unique_id": 2, "index": 2, "bbox": [388, 135, 265, 139], "position": [-2.238766670227051, 2.6606338024139404, -2.7973618507385254]}, {"prefab_path": "1208725/Jacket_blue", "unique_id": 3, "index": 3, "bbox": [352, 458, 298, 152], "position": [-2.2654616832733154, -0.37996912002563477, -2.3572545051574707]}, {"prefab_path": "MensCollection/Prefabs/Rearranged/long_coat_06", "unique_id": 4, "index": 4, "bbox": [662, 427, 457, 202], "position": [-0.0960777997970581, 0.23586583137512207, -3.6840240955352783]}, {"prefab_path": "MensCollection/Prefabs/Rearranged/long_coat_10 1", "unique_id": 5, "index": 5, "bbox": [868, 425, 490, 264], "position": [1.7248777151107788, 0.8847465515136719, -3.607541799545288]}, {"prefab_path": "1498649_store/Prefabs/_itog017", "unique_id": 6, "index": 6, "bbox": [1176, 442, 473, 313], "position": [0.24263961613178253, 1.466966986656189, -2.7880003452301025]}], "relationships": {"right": {"0": [1], "2": [0, 1, 6], "4": [5]}, "left": {"0": [2], "1": [0, 2], "5": [4], "6": [2]}, "down": {"0": [6, 4, 3], "1": [6, 4], "2": [3], "6": [4]}, "up": {"3": [2, 0], "4": [0, 1, 6], "6": [1, 0]}}}]}