{"scenes": [{"objects": [{"prefab_path": "clothing_store/models/prefab/T_shirt_6", "unique_id": 0, "index": 0, "bbox": [667, 260, 131, 59], "position": [4.85699987411499, 1.9040002822875977, -7.301000118255615]}, {"prefab_path": "MensCollection/Prefabs/Rearranged/long_coat_12", "unique_id": 1, "index": 1, "bbox": [846, 235, 182, 68], "position": [3.8755979537963867, 0.9726710319519043, -6.892217636108398]}, {"prefab_path": "MensCollection/Prefabs/Rearranged/long_coat_06", "unique_id": 2, "index": 2, "bbox": [913, 231, 194, 81], "position": [1.649930477142334, 1.1599841117858887, -6.50709342956543]}, {"prefab_path": "MensCollection/Prefabs/Rearranged/shirt_hung_up30 1", "unique_id": 3, "index": 3, "bbox": [1111, 253, 203, 120], "position": [1.260015845298767, 2.2353310585021973, -7.288100242614746]}, {"prefab_path": "MensCollection/Prefabs/Rearranged/shirt_hung_up24", "unique_id": 4, "index": 4, "bbox": [1303, 244, 235, 161], "position": [0.3730156421661377, 2.2353312969207764, -7.288100242614746]}, {"prefab_path": "MensCollection/Prefabs/Rearranged/jacket_3_02", "unique_id": 5, "index": 5, "bbox": [1574, 221, 304, 253], "position": [4.763826370239258, -2.401418924331665, -9.314186096191406]}, {"prefab_path": "1514019/Rearranged/Jeans_Blue_V4", "unique_id": 6, "index": 6, "bbox": [303, 256, 289, 121], "position": [3.2727091312408447, 1.6723895072937012, -5.106883525848389]}, {"prefab_path": "1514019/Rearranged/Jeans_Blue_V4", "unique_id": 6, "index": 7, "bbox": [409, 244, 356, 138], "position": [2.435708999633789, 1.6723895072937012, -5.106883525848389]}, {"prefab_path": "clothing_store/models/prefab/trousers_5", "unique_id": 7, "index": 8, "bbox": [664, 391, 135, 59], "position": [5.104000091552734, 0.8420000076293945, -7.349999904632568]}, {"prefab_path": "clothing_store/models/prefab/trousers_3", "unique_id": 8, "index": 9, "bbox": [735, 398, 139, 60], "position": [4.267000198364258, 0.8420000076293945, -7.349999904632568]}, {"prefab_path": "1514019/Rearranged/Sport_Pants", "unique_id": 9, "index": 10, "bbox": [815, 411, 105, 50], "position": [3.4934659004211426, 0.8820520639419556, -7.353848934173584]}, {"prefab_path": "1514019/Rearranged/Jeans_Grey", "unique_id": 10, "index": 11, "bbox": [913, 421, 63, 57], "position": [2.6597087383270264, 0.8821280002593994, -7.354883193969727]}, {"prefab_path": "MensCollection/Prefabs/Rearranged/polo shirt 18", "unique_id": 11, "index": 12, "bbox": [1608, 514, 36, 12], "position": [-0.40467849373817444, 1.310227870941162, -7.28891134262085]}, {"prefab_path": "MensCollection/Prefabs/Rearranged/polo shirt 23", "unique_id": 12, "index": 13, "bbox": [1649, 522, 54, 44], "position": [-0.5996788144111633, 1.310227870941162, -7.28891134262085]}, {"prefab_path": "MensCollection/Prefabs/Rearranged/jacket_2_06", "unique_id": 13, "index": 14, "bbox": [1751, 512, 43, 33], "position": [-2.537569046020508, -2.640558958053589, -11.505247116088867]}, {"prefab_path": "MensCollection/Prefabs/Rearranged/polo shirt 28", "unique_id": 14, "index": 15, "bbox": [1809, 542, 60, 65], "position": [-1.008678674697876, 1.310227870941162, -7.28891134262085]}, {"prefab_path": "clothing_store/models/prefab/cap_3", "unique_id": 15, "index": 16, "bbox": [1, 619, 38, 135], "position": [3.3320000171661377, 1.5839999914169312, -4.359000205993652]}, {"prefab_path": "MensCollection/Prefabs/Rearranged/long_coat_10", "unique_id": 16, "index": 17, "bbox": [771, 572, 131, 62], "position": [0.7221733331680298, 1.6592490673065186, -4.740546703338623]}, {"prefab_path": "clothing_store/models/prefab/cap_4", "unique_id": 17, "index": 18, "bbox": [1, 648, 50, 160], "position": [3.013000011444092, 1.5839999914169312, -4.359000205993652]}, {"prefab_path": "clothing_store/models/prefab/cap_4", "unique_id": 17, "index": 19, "bbox": [1, 684, 84, 191], "position": [2.683000087738037, 1.5839999914169312, -4.359000205993652]}, {"prefab_path": "1514019/Rearranged/Cap", "unique_id": 18, "index": 20, "bbox": [4, 704, 84, 211], "position": [4.999446868896484, 0.7781097888946533, -4.427427291870117]}, {"prefab_path": "MensCollection/Prefabs/Rearranged/jacket_3_06", "unique_id": 19, "index": 21, "bbox": [912, 653, 134, 66], "position": [-1.7592370510101318, -0.9829015731811523, -2.1213226318359375]}, {"prefab_path": "MensCollection/Prefabs/Rearranged/shirt_hung_up24 1", "unique_id": 20, "index": 22, "bbox": [1228, 682, 106, 94], "position": [0.34890004992485046, 1.6272022724151611, -5.276438236236572]}], "relationships": {"right": {"0": [3, 4, 12], "1": [11, 10, 3], "2": [12, 13, 15], "3": [4, 15], "5": [14], "6": [13, 12, 7], "7": [15, 13, 12], "8": [9, 10, 11], "9": [10, 11, 12], "10": [11, 12, 13], "11": [12, 13, 15], "12": [13, 15], "13": [15], "16": [18, 7, 19], "17": [22, 15, 13], "18": [19, 7, 22], "19": [22, 17, 15], "20": [2, 12, 13], "22": [15, 13]}, "down": {"0": [8, 9, 5], "3": [2]}, "left": {"1": [20], "2": [20, 6, 7], "3": [6, 7, 20], "4": [3, 6, 7], "6": [20], "7": [16, 18, 6], "9": [8], "10": [1, 9, 8], "11": [1, 10, 9], "12": [6, 2, 20], "13": [12, 6, 2], "14": [5, 9, 8], "15": [13, 12, 7], "17": [19, 18, 16], "18": [16], "19": [18, 16, 20], "22": [17, 19, 18]}, "up": {"8": [0], "9": [0], "2": [3], "5": [0]}}}]}