{"scenes": [{"objects": [{"prefab_path": "clothing_store/models/prefab/T_shirt_10", "unique_id": 0, "index": 0, "bbox": [912, 332, 97, 54], "position": [6.39228630065918, 1.91908597946167, -1.6762056350708008]}, {"prefab_path": "MensCollection/Prefabs/Rearranged/polo shirt 11", "unique_id": 1, "index": 1, "bbox": [966, 337, 89, 55], "position": [6.39205265045166, 2.3433139324188232, -2.2983603477478027]}, {"prefab_path": "1208725/Jacket_gray", "unique_id": 2, "index": 2, "bbox": [1011, 339, 100, 70], "position": [6.818510055541992, 0.4889240264892578, -3.527611017227173]}, {"prefab_path": "1514019/Rearranged/Jean_Jacket_2", "unique_id": 3, "index": 3, "bbox": [523, 369, 104, 87], "position": [1.2490663528442383, 1.745818853378296, -0.2514873743057251]}, {"prefab_path": "1514019/Rearranged/Vest_Green_Hood", "unique_id": 4, "index": 4, "bbox": [583, 377, 132, 75], "position": [3.91986083984375, 1.5089566707611084, -0.7172614336013794]}, {"prefab_path": "MensCollection/Prefabs/Rearranged/sweater_02", "unique_id": 5, "index": 5, "bbox": [620, 365, 98, 63], "position": [4.470305442810059, 2.1237165927886963, -0.23667480051517487]}, {"prefab_path": "1514019/Rearranged/Jean_Jacket", "unique_id": 6, "index": 6, "bbox": [699, 371, 67, 58], "position": [5.185861587524414, 1.7899630069732666, -0.2372608482837677]}, {"prefab_path": "1514019/Rearranged/Sport_Jacket", "unique_id": 7, "index": 7, "bbox": [655, 389, 94, 92], "position": [4.541860580444336, 1.6149048805236816, -0.7172613143920898]}, {"prefab_path": "1514019/Rearranged/TShirt_White_2", "unique_id": 8, "index": 8, "bbox": [745, 392, 73, 53], "position": [5.268198490142822, 1.6569466590881348, -0.7013887166976929]}, {"prefab_path": "MensCollection/Prefabs/Rearranged/polo shirt 22", "unique_id": 9, "index": 9, "bbox": [1795, 304, 193, 98], "position": [4.8559112548828125, 2.384760618209839, -7.300678730010986]}, {"prefab_path": "MensCollection/Prefabs/Rearranged/jacket_3_06", "unique_id": 10, "index": 10, "bbox": [904, 436, 102, 58], "position": [8.58512020111084, -1.2930201292037964, -4.298441410064697]}, {"prefab_path": "MensCollection/Prefabs/Rearranged/long_coat_10 1", "unique_id": 11, "index": 11, "bbox": [958, 434, 116, 59], "position": [6.032729148864746, 0.8751614093780518, -4.538821220397949]}, {"prefab_path": "MensCollection/Prefabs/Rearranged/jacket_4_09", "unique_id": 12, "index": 12, "bbox": [1018, 441, 114, 63], "position": [6.29777193069458, 1.281360149383545, -2.938244581222534]}, {"prefab_path": "MensCollection/Prefabs/Rearranged/jacket_3_06", "unique_id": 10, "index": 13, "bbox": [1191, 482, 1, 1], "position": [8.897518157958984, -1.234745979309082, -6.589765548706055]}, {"prefab_path": "1514019/Rearranged/Jeans_Blue_V2", "unique_id": 13, "index": 14, "bbox": [1189, 314, 286, 85], "position": [3.2727091312408447, 2.4881622791290283, -5.106883525848389]}, {"prefab_path": "870230/hoodie04", "unique_id": 14, "index": 15, "bbox": [1075, 459, 87, 28], "position": [6.2789530754089355, 1.5319820642471313, -3.5312440395355225]}, {"prefab_path": "1514019/Rearranged/Jeans_Blue_V2", "unique_id": 13, "index": 16, "bbox": [1088, 286, 428, 136], "position": [2.435708999633789, 2.4881622791290283, -5.106883525848389]}, {"prefab_path": "clothing_store/models/prefab/cap_5", "unique_id": 15, "index": 17, "bbox": [1022, 569, 37, 71], "position": [3.3320000171661377, 1.5839999914169312, -4.359000205993652]}, {"prefab_path": "clothing_store/models/prefab/cap", "unique_id": 16, "index": 18, "bbox": [926, 620, 52, 89], "position": [2.683000087738037, 1.5839999914169312, -4.359000205993652]}, {"prefab_path": "clothing_store/models/prefab/cap", "unique_id": 16, "index": 19, "bbox": [980, 591, 44, 79], "position": [3.013000011444092, 1.5839999914169312, -4.359000205993652]}, {"prefab_path": "1514019/Rearranged/Jeans_Grey", "unique_id": 17, "index": 20, "bbox": [1771, 513, 231, 97], "position": [5.1037092208862305, 0.8821280002593994, -7.354883193969727]}, {"prefab_path": "clothing_store/models/prefab/cap_2", "unique_id": 18, "index": 21, "bbox": [865, 653, 63, 100], "position": [2.3959999084472656, 1.5839999914169312, -4.359000205993652]}, {"prefab_path": "clothing_store/models/prefab/trousers_3", "unique_id": 19, "index": 22, "bbox": [1874, 546, 242, 187], "position": [4.267000198364258, 0.8420000076293945, -7.349999904632568]}], "relationships": {"left": {"0": [6, 8, 5], "1": [6, 8, 5], "2": [8, 6, 7], "8": [6], "9": [14, 3, 17], "10": [8, 6, 7], "11": [4, 7, 8], "12": [8, 6, 7], "13": [10, 2, 12], "14": [3, 4], "15": [7, 8, 12], "16": [3], "17": [3, 4], "18": [3], "19": [3], "20": [17, 19, 3], "21": [3], "22": [18, 19, 21]}, "right": {"0": [15, 13], "1": [13], "2": [13], "3": [17, 19, 18], "4": [11, 15, 12], "5": [15, 1, 12], "6": [8, 0, 15], "7": [15, 12, 11], "8": [15, 12, 0], "10": [13], "12": [15, 13], "14": [9, 22, 20], "16": [9, 22, 20], "17": [20, 9, 22], "18": [22, 9, 20], "19": [22, 9, 20], "21": [22, 9, 20]}, "down": {"1": [12, 2], "9": [20, 22], "15": [2]}, "up": {"2": [15, 1], "12": [1], "20": [9], "22": [9]}}}]}