{"scenes": [{"objects": [{"prefab_path": "MensCollection/Prefabs/Rearranged/long_coat_10 1", "unique_id": 0, "index": 0, "bbox": [1441, 262, 269, 166], "position": [-0.02336597442626953, 2.0023655891418457, -3.196662664413452]}, {"prefab_path": "MensCollection/Prefabs/Rearranged/long_coat_12", "unique_id": 1, "index": 1, "bbox": [1615, 230, 337, 248], "position": [-2.4077210426330566, 1.0667569637298584, -3.2528233528137207]}, {"prefab_path": "MensCollection/Prefabs/Rearranged/jacket_3_06", "unique_id": 2, "index": 2, "bbox": [1857, 209, 415, 240], "position": [1.6225295066833496, -0.2240900993347168, -0.5948796272277832]}, {"prefab_path": "870230/hoodie09", "unique_id": 3, "index": 3, "bbox": [82, 333, 261, 145], "position": [-4.229247570037842, 2.453547954559326, -7.283141136169434]}, {"prefab_path": "1514019/Rearranged/TShirt_Black", "unique_id": 4, "index": 4, "bbox": [754, 401, 141, 29], "position": [-4.223942756652832, 1.822136640548706, -5.2966108322143555]}, {"prefab_path": "MensCollection/Prefabs/Rearranged/polo shirt display 03", "unique_id": 5, "index": 5, "bbox": [769, 379, 212, 51], "position": [-3.6046953201293945, 2.227057933807373, -5.295989036560059]}, {"prefab_path": "1514019/Rearranged/Jacket_Grey", "unique_id": 6, "index": 6, "bbox": [787, 356, 335, 165], "position": [-2.8778598308563232, 1.6739416122436523, -5.280738353729248]}, {"prefab_path": "MensCollection/Prefabs/Rearranged/shirt_mannequin_1", "unique_id": 7, "index": 7, "bbox": [888, 416, 204, 65], "position": [-3.671043634414673, 1.9868830442428589, -4.801473140716553]}, {"prefab_path": "1514019/Rearranged/TShirt_Black_2", "unique_id": 8, "index": 8, "bbox": [942, 453, 193, 88], "position": [-2.957753896713257, 1.6682119369506836, -4.816709995269775]}, {"prefab_path": "MensCollection/Prefabs/Rearranged/long_coat_06", "unique_id": 9, "index": 9, "bbox": [1, 625, 46, 39], "position": [-2.8110923767089844, 0.12998414039611816, -6.389931678771973]}, {"prefab_path": "MensCollection/Prefabs/Rearranged/long_coat_10", "unique_id": 10, "index": 10, "bbox": [1429, 518, 270, 162], "position": [-2.2387819290161133, 1.4491305351257324, -2.8812901973724365]}, {"prefab_path": "MensCollection/Prefabs/Rearranged/long_coat_10", "unique_id": 10, "index": 11, "bbox": [1596, 549, 239, 258], "position": [-1.6213546991348267, 1.4491305351257324, -2.8815853595733643]}, {"prefab_path": "870230/hoodie09", "unique_id": 3, "index": 12, "bbox": [1886, 638, 148, 211], "position": [-0.9968997240066528, 1.6334295272827148, -2.907975912094116]}], "relationships": {"right": {"0": [2], "1": [2], "3": [5, 8, 6], "4": [7, 10, 1], "5": [10, 11, 1], "6": [11, 12, 10], "7": [10, 1, 11], "8": [11, 10, 1], "9": [2, 11, 1], "10": [2], "11": [2], "12": [2]}, "left": {"0": [6, 3, 8], "1": [8, 6, 4], "2": [9, 12, 0], "4": [3], "5": [3], "6": [3], "7": [4, 3], "8": [3], "10": [8, 7, 6], "11": [6, 8, 5], "12": [6, 8, 3]}, "down": {"3": [9], "5": [9], "6": [9]}, "up": {"9": [6, 5, 3]}}}]}