{"scenes": [{"objects": [{"prefab_path": "1498649_store/Prefabs/_itog038", "unique_id": 0, "index": 0, "bbox": [1673, 1, 357, 211], "position": [-0.39773890376091003, 2.37795352935791, -2.898298740386963]}, {"prefab_path": "1498649_store/Prefabs/_itog011", "unique_id": 1, "index": 1, "bbox": [1389, 80, 301, 122], "position": [-1.6200318336486816, 2.336531400680542, -2.7908644676208496]}, {"prefab_path": "MensCollection/Prefabs/Rearranged/long_coat_10", "unique_id": 2, "index": 2, "bbox": [1482, 48, 341, 198], "position": [-0.9966940879821777, 2.4180612564086914, -2.8812901973724365]}, {"prefab_path": "MensCollection/Prefabs/Rearranged/polo shirt 31", "unique_id": 3, "index": 3, "bbox": [194, 163, 232, 108], "position": [-2.371088743209839, 2.2362279891967773, -7.2926788330078125]}, {"prefab_path": "WomensCollection/Prefabs/Rearranged/leather_jacket_1", "unique_id": 4, "index": 4, "bbox": [330, 216, 163, 69], "position": [-3.2580888271331787, 2.2477879524230957, -7.2926788330078125]}, {"prefab_path": "1498649_store/Prefabs/_itog011", "unique_id": 1, "index": 5, "bbox": [718, 224, 146, 262], "position": [-0.5078019499778748, 1.5194456577301025, -5.276535511016846]}, {"prefab_path": "WomensCollection/Prefabs/Rearranged/leather_jacket_1_08", "unique_id": 5, "index": 6, "bbox": [1285, 171, 163, 90], "position": [-2.2406833171844482, 2.454873561859131, -2.787947177886963]}, {"prefab_path": "1498649_store/Prefabs/_itog039", "unique_id": 6, "index": 7, "bbox": [418, 234, 153, 46], "position": [-4.227234840393066, 2.228811740875244, -7.292694091796875]}, {"prefab_path": "WomensCollection/Prefabs/Rearranged/blouse_01_60", "unique_id": 7, "index": 8, "bbox": [390, 408, 130, 110], "position": [-3.8708138465881348, 1.3024485111236572, -7.2153496742248535]}, {"prefab_path": "870230/hoodie04", "unique_id": 8, "index": 9, "bbox": [400, 400, 140, 118], "position": [-4.063157558441162, 1.526037573814392, -7.2148003578186035]}, {"prefab_path": "1498649_store/Prefabs/_itog018", "unique_id": 9, "index": 10, "bbox": [446, 391, 138, 75], "position": [-4.265829086303711, 1.302811622619629, -7.216203689575195]}, {"prefab_path": "870230/hoodie09", "unique_id": 10, "index": 11, "bbox": [1335, 389, 211, 130], "position": [-1.6175235509872437, 1.6334295272827148, -2.9079954624176025]}, {"prefab_path": "MensCollection/Prefabs/Rearranged/long_coat_10 1", "unique_id": 11, "index": 12, "bbox": [1028, 236, 611, 311], "position": [0.4687920808792114, 1.1852800846099854, -2.564311981201172]}, {"prefab_path": "1498649_store/Prefabs/_itog040", "unique_id": 12, "index": 13, "bbox": [1466, 385, 282, 160], "position": [-0.9989127516746521, 1.4086933135986328, -2.898423194885254]}, {"prefab_path": "MensCollection/Prefabs/Rearranged/jacket_3_06", "unique_id": 13, "index": 14, "bbox": [683, 244, 643, 357], "position": [-2.419236898422241, -0.9829015731811523, -2.6553220748901367]}, {"prefab_path": "WomensCollection/Prefabs/Rearranged/leather_jacket_1_20", "unique_id": 14, "index": 15, "bbox": [1634, 416, 328, 250], "position": [-0.3940984010696411, 1.429470181465149, -2.8983631134033203]}], "relationships": {"left": {"0": [3, 5, 4], "1": [3, 4, 7], "2": [3, 4, 5], "5": [3], "6": [4, 3, 7], "11": [3, 4, 8], "12": [5, 3, 4], "13": [3, 5, 4], "14": [8, 10, 9], "15": [5, 3, 4]}, "down": {"0": [15, 12], "1": [11, 13, 14], "2": [13, 15, 14], "6": [11, 14], "7": [9, 10, 8], "9": [8], "11": [14]}, "right": {"3": [1, 2, 11], "4": [6, 1, 11], "5": [15, 12, 0], "7": [6, 1, 11], "8": [11, 6, 1], "9": [6, 11, 1], "10": [6, 11, 1]}, "up": {"8": [9, 7], "9": [7], "10": [7], "11": [1, 6], "12": [0], "13": [2, 1], "14": [6, 11, 1], "15": [0, 2]}}}]}