{"scenes": [{"objects": [{"prefab_path": "MensCollection/Prefabs/Rearranged/jacket_4_09", "unique_id": 0, "index": 0, "bbox": [1923, 248, 164, 83], "position": [-3.7354862689971924, 2.228457450866699, 10.209000587463379]}, {"prefab_path": "1208725/Jacket_red", "unique_id": 1, "index": 1, "bbox": [1665, 340, 105, 77], "position": [-7.029338836669922, 2.930980682373047, 11.01736831665039]}, {"prefab_path": "MensCollection/Prefabs/Rearranged/long_coat_10", "unique_id": 2, "index": 2, "bbox": [1747, 327, 140, 58], "position": [-4.674826622009277, 1.882248878479004, 10.193239212036133]}, {"prefab_path": "1208725/Jacket_gray", "unique_id": 3, "index": 3, "bbox": [1769, 335, 121, 35], "position": [-5.0826263427734375, 0.05311131477355957, 10.803544044494629]}, {"prefab_path": "MensCollection/Prefabs/Rearranged/long_coat_10", "unique_id": 2, "index": 4, "bbox": [1803, 323, 150, 71], "position": [-4.344826698303223, 1.8822486400604248, 10.199237823486328]}, {"prefab_path": "MensCollection/Prefabs/Rearranged/jacket_4_05", "unique_id": 4, "index": 5, "bbox": [1785, 326, 140, 38], "position": [-4.998831748962402, 2.1888985633850098, 7.196629524230957]}, {"prefab_path": "MensCollection/Prefabs/Rearranged/long_coat_10", "unique_id": 2, "index": 6, "bbox": [1823, 322, 153, 55], "position": [-4.23582649230957, 1.8822486400604248, 10.200239181518555]}, {"prefab_path": "clothing_store/models/prefab/T_shirt_9", "unique_id": 5, "index": 7, "bbox": [1883, 323, 148, 63], "position": [-3.921999931335449, 1.4249999523162842, 10.19078540802002]}, {"prefab_path": "870230/hoodie04", "unique_id": 6, "index": 8, "bbox": [1902, 336, 127, 81], "position": [-3.8070220947265625, 2.065037488937378, 10.196423530578613]}, {"prefab_path": "MensCollection/Prefabs/Rearranged/jacket_3_06", "unique_id": 7, "index": 9, "bbox": [1968, 315, 168, 60], "position": [-5.895236968994141, -0.7599018812179565, 12.818462371826172]}, {"prefab_path": "MensCollection/Prefabs/Rearranged/jacket_4_05", "unique_id": 4, "index": 10, "bbox": [1993, 312, 174, 49], "position": [-4.029831886291504, 2.1888985633850098, 7.193631172180176]}, {"prefab_path": "MensCollection/Prefabs/Rearranged/polo shirt 31", "unique_id": 8, "index": 11, "bbox": [1857, 357, 103, 21], "position": [-4.083678722381592, 1.8492279052734375, 10.196873664855957]}, {"prefab_path": "MensCollection/Prefabs/Rearranged/long_coat_10 1", "unique_id": 9, "index": 12, "bbox": [2025, 323, 170, 44], "position": [-2.7632079124450684, 1.4082798957824707, 12.374472618103027]}, {"prefab_path": "MensCollection/Prefabs/Rearranged/long_coat_10 1", "unique_id": 9, "index": 13, "bbox": [1339, 528, 31, 7], "position": [-4.879565715789795, 0.36327970027923584, 7.08031702041626]}, {"prefab_path": "clothing_store/models/prefab/trousers_2", "unique_id": 10, "index": 14, "bbox": [1665, 471, 134, 75], "position": [-5.106999397277832, 0.23014092445373535, 10.119891166687012]}, {"prefab_path": "870230/hoodie09", "unique_id": 11, "index": 15, "bbox": [1243, 561, 27, 111], "position": [-3.0985138416290283, 1.0215479135513306, 5.389118671417236]}, {"prefab_path": "MensCollection/Prefabs/Rearranged/long_coat_12", "unique_id": 12, "index": 16, "bbox": [1319, 539, 32, 15], "position": [-2.3340017795562744, -0.6136088967323303, 5.950282573699951]}, {"prefab_path": "MensCollection/Prefabs/Rearranged/jacket_4_09", "unique_id": 0, "index": 17, "bbox": [1367, 538, 31, 10], "position": [-3.113696336746216, 0.7694786190986633, 5.718963623046875]}, {"prefab_path": "MensCollection/Prefabs/Rearranged/long_coat_10", "unique_id": 2, "index": 18, "bbox": [1392, 535, 33, 24], "position": [-3.0153005123138428, 0.8372488021850586, 5.774518966674805]}, {"prefab_path": "1208725/Jacket_gray", "unique_id": 3, "index": 19, "bbox": [1416, 563, 23, 13], "position": [-3.4403107166290283, -0.991888701915741, 6.412901878356934]}, {"prefab_path": "MensCollection/Prefabs/Rearranged/jacket_1", "unique_id": 13, "index": 20, "bbox": [1429, 557, 33, 34], "position": [-3.884182929992676, -2.089653730392456, 6.337849140167236]}, {"prefab_path": "1514019/Rearranged/Sport_Pants", "unique_id": 14, "index": 21, "bbox": [1788, 489, 145, 76], "position": [-4.3703837394714355, 0.2701929807662964, 10.1698579788208]}, {"prefab_path": "clothing_store/models/prefab/trousers_4", "unique_id": 15, "index": 22, "bbox": [1919, 502, 154, 135], "position": [-3.613412857055664, 0.23014092445373535, 10.155158042907715]}, {"prefab_path": "MensCollection/Prefabs/Rearranged/jacket_2_03", "unique_id": 16, "index": 23, "bbox": [2050, 575, 15, 21], "position": [-0.28478527069091797, -2.3907523155212402, 6.516567230224609]}, {"prefab_path": "MensCollection/Prefabs/Rearranged/jacket_4_05", "unique_id": 4, "index": 24, "bbox": [2048, 558, 35, 41], "position": [0.11134147644042969, 1.1438989639282227, 6.261153221130371]}, {"prefab_path": "clothing_store/models/prefab/sneakers_5", "unique_id": 17, "index": 25, "bbox": [1681, 608, 22, 57], "position": [-5.091246128082275, 0.037972718477249146, 10.074504852294922]}, {"prefab_path": "MensCollection/Prefabs/Rearranged/long_coat_12", "unique_id": 12, "index": 26, "bbox": [1220, 542, 246, 155], "position": [-3.033041000366211, -0.5723292231559753, 6.2204108238220215]}, {"prefab_path": "MensCollection/Prefabs/Rearranged/jacket_1", "unique_id": 13, "index": 27, "bbox": [1283, 563, 225, 81], "position": [-3.7595019340515137, -2.089653491973877, 4.6100969314575195]}, {"prefab_path": "MensCollection/Prefabs/Rearranged/long_coat_10", "unique_id": 2, "index": 28, "bbox": [1237, 547, 241, 141], "position": [-2.8953211307525635, 0.8372488021850586, 5.30579948425293]}, {"prefab_path": "MensCollection/Prefabs/Rearranged/polo shirt 18", "unique_id": 18, "index": 29, "bbox": [1354, 593, 195, 43], "position": [-2.688607692718506, 0.8042278289794922, 5.4350175857543945]}, {"prefab_path": "MensCollection/Prefabs/Rearranged/jacket_4_05", "unique_id": 4, "index": 30, "bbox": [1365, 569, 219, 129], "position": [0.3407402038574219, 1.1438987255096436, 5.005614757537842]}, {"prefab_path": "MensCollection/Prefabs/Rearranged/jacket_4_05", "unique_id": 4, "index": 31, "bbox": [1406, 565, 223, 137], "position": [-5.590171813964844, 1.143898844718933, 4.698444366455078]}, {"prefab_path": "clothing_store/models/prefab/sneakers_5", "unique_id": 17, "index": 32, "bbox": [1798, 642, 27, 74], "position": [-4.336514949798584, 0.03797274827957153, 10.106882095336914]}, {"prefab_path": "MensCollection/Prefabs/Rearranged/jacket_4_09", "unique_id": 0, "index": 33, "bbox": [1915, 567, 221, 182], "position": [-2.3167130947113037, 0.7694786190986633, 7.764729976654053]}, {"prefab_path": "MensCollection/Prefabs/Rearranged/long_coat_10 1", "unique_id": 9, "index": 34, "bbox": [1, 697, 63, 74], "position": [-3.931565523147583, 0.36327970027923584, 3.6713171005249023]}, {"prefab_path": "1208725/Jacket_gray", "unique_id": 3, "index": 35, "bbox": [1966, 622, 166, 131], "position": [-1.9287810325622559, -0.9918884634971619, 6.946442604064941]}], "relationships": {"down": {"0": [8, 22, 7], "1": [3, 9, 25], "2": [21, 32, 25], "4": [21, 32, 22], "5": [13, 20, 19], "6": [32, 21, 7], "7": [22, 32, 21], "8": [7, 22, 32], "10": [20, 13, 19], "11": [7, 32, 21], "13": [20], "14": [25], "15": [26, 16, 27], "17": [26, 19, 16], "18": [26, 16, 19], "19": [20], "21": [32], "24": [23], "26": [20], "28": [16, 26, 27], "29": [16, 26, 19], "30": [23], "31": [27, 20], "33": [35, 23], "34": [27]}, "left": {"0": [10, 5, 31], "1": [31], "2": [5, 31, 10], "3": [25, 14, 13], "4": [5, 31, 10], "5": [31], "6": [5, 10, 31], "7": [31, 10, 5], "8": [10, 5, 31], "9": [25, 14, 13], "10": [31, 34], "11": [5, 10, 31], "12": [7, 10, 8], "13": [31, 34], "14": [13, 31, 5], "15": [34], "16": [34], "17": [34], "18": [15, 28, 34], "19": [27, 34], "20": [27], "21": [13, 31, 34], "22": [13, 34, 31], "24": [30], "25": [13, 31, 34], "26": [34], "28": [34], "29": [34], "32": [13, 31, 34], "33": [29, 28, 18], "35": [16, 27, 34]}, "right": {"0": [12], "2": [12], "4": [12], "5": [4, 2, 6], "6": [12], "7": [12], "8": [12], "10": [0, 8, 11], "11": [12], "13": [21, 32, 22], "14": [3, 9], "15": [18, 33, 12], "16": [35, 22, 12], "17": [33, 12, 22], "18": [33, 12, 22], "19": [22, 32, 21], "20": [22, 32, 21], "21": [12], "22": [12], "24": [12], "25": [3, 9], "26": [22, 32, 12], "27": [20, 19, 35], "28": [33, 18, 12], "29": [33, 12, 22], "30": [24, 12], "31": [2, 7, 4], "32": [12], "33": [12], "34": [17, 18, 22], "35": [12]}, "up": {"32": [21, 4, 6], "3": [2, 4, 6], "35": [33, 10], "7": [8, 11, 0], "8": [0], "9": [1], "13": [5, 10], "14": [2, 4, 6], "16": [29, 18, 17], "19": [17, 18, 10], "20": [19, 10, 26], "21": [4, 6, 2], "22": [0, 8, 7], "23": [24, 30, 33], "25": [14, 2, 4], "26": [18, 17, 15], "27": [34, 15, 28]}}}]}