{"scenes": [{"objects": [{"prefab_path": "clothing_store/models/prefab/T_shirt_5", "unique_id": 0, "index": 0, "bbox": [561, 328, 175, 117], "position": [4.85699987411499, 1.9040002822875977, -7.301000118255615]}, {"prefab_path": "1208725/Jacket_gray", "unique_id": 1, "index": 1, "bbox": [939, 335, 151, 69], "position": [2.4452414512634277, 0.5531115531921387, -7.82962703704834]}, {"prefab_path": "MensCollection/Prefabs/Rearranged/jacket_2_06", "unique_id": 2, "index": 2, "bbox": [993, 329, 166, 97], "position": [6.768246650695801, -1.6105594635009766, -9.030569076538086]}, {"prefab_path": "1208725/Jacket_red", "unique_id": 3, "index": 3, "bbox": [1252, 356, 143, 43], "position": [-0.6443386077880859, 3.3139808177948, -6.461416244506836]}, {"prefab_path": "MensCollection/Prefabs/Rearranged/jacket_3_02", "unique_id": 4, "index": 4, "bbox": [1341, 349, 157, 83], "position": [5.733826637268066, -2.401418924331665, -9.314186096191406]}, {"prefab_path": "MensCollection/Prefabs/Rearranged/polo shirt 05", "unique_id": 5, "index": 5, "bbox": [1478, 362, 129, 86], "position": [-9.749173164367676, 9.898913383483887, 19.469886779785156]}, {"prefab_path": "MensCollection/Prefabs/Rearranged/jacket_3_02", "unique_id": 4, "index": 6, "bbox": [1717, 353, 129, 65], "position": [2.9908268451690674, -2.401418924331665, -9.314186096191406]}, {"prefab_path": "MensCollection/Prefabs/Rearranged/jacket_4_09", "unique_id": 6, "index": 7, "bbox": [1814, 353, 126, 78], "position": [-3.2763919830322266, 2.2014784812927246, -7.308888912200928]}, {"prefab_path": "1208725/Jacket_gray", "unique_id": 1, "index": 8, "bbox": [1936, 363, 115, 77], "position": [-4.835758209228516, 0.4401116371154785, -7.82962703704834]}, {"prefab_path": "1514019/Rearranged/Jeans_Blue", "unique_id": 7, "index": 9, "bbox": [792, 328, 383, 155], "position": [3.2727088928222656, 1.6724562644958496, -5.106883525848389]}, {"prefab_path": "1514019/Rearranged/Jeans_Blue", "unique_id": 7, "index": 10, "bbox": [1120, 332, 358, 142], "position": [2.43570876121521, 1.6724562644958496, -5.106883525848389]}, {"prefab_path": "MensCollection/Prefabs/Rearranged/jacket_2_03", "unique_id": 8, "index": 11, "bbox": [1900, 522, 55, 78], "position": [-0.8937175869941711, -1.5274724960327148, -6.8358154296875]}, {"prefab_path": "MensCollection/Prefabs/Rearranged/jacket_3_02", "unique_id": 4, "index": 12, "bbox": [1967, 518, 50, 73], "position": [-1.6771858930587769, -3.011418342590332, -10.103826522827148]}, {"prefab_path": "MensCollection/Prefabs/Rearranged/long_coat_06", "unique_id": 9, "index": 13, "bbox": [2021, 499, 50, 76], "position": [0.9209074378013611, 0.4459843635559082, -3.839930534362793]}, {"prefab_path": "clothing_store/models/prefab/trousers_5", "unique_id": 10, "index": 14, "bbox": [683, 503, 185, 103], "position": [4.267000198364258, 0.8420000076293945, -7.349999904632568]}, {"prefab_path": "1514019/Rearranged/Jeans_Blue_V4", "unique_id": 11, "index": 15, "bbox": [859, 502, 166, 36], "position": [3.496708869934082, 0.8563895225524902, -7.354883193969727]}, {"prefab_path": "clothing_store/models/prefab/trousers_4", "unique_id": 12, "index": 16, "bbox": [978, 497, 165, 88], "position": [2.6599998474121094, 0.8420000076293945, -7.349999904632568]}, {"prefab_path": "MensCollection/Prefabs/Rearranged/vest03", "unique_id": 13, "index": 17, "bbox": [1463, 503, 140, 63], "position": [-0.3776198625564575, 1.2993618249893188, -7.294312000274658]}, {"prefab_path": "MensCollection/Prefabs/Rearranged/polo shirt 16", "unique_id": 14, "index": 18, "bbox": [1485, 508, 130, 78], "position": [-0.5996788144111633, 1.366760492324829, -7.28891134262085]}, {"prefab_path": "MensCollection/Prefabs/Rearranged/polo shirt 13", "unique_id": 15, "index": 19, "bbox": [1539, 503, 137, 47], "position": [-0.7996785640716553, 1.310227870941162, -7.28891134262085]}, {"prefab_path": "MensCollection/Prefabs/Rearranged/jacket_3_06", "unique_id": 16, "index": 20, "bbox": [1539, 492, 153, 64], "position": [-3.312237024307251, -1.2989020347595215, -4.668322563171387]}, {"prefab_path": "clothing_store/models/prefab/trousers_4", "unique_id": 12, "index": 21, "bbox": [516, 506, 193, 114], "position": [5.104000091552734, 0.8420000076293945, -7.349999904632568]}, {"prefab_path": "clothing_store/models/prefab/T_shirt_10", "unique_id": 17, "index": 22, "bbox": [1573, 496, 292, 174], "position": [0.7390000820159912, 1.2020001411437988, -5.2769999504089355]}, {"prefab_path": "870230/hoodie03", "unique_id": 18, "index": 23, "bbox": [1729, 547, 241, 340], "position": [0.7482538819313049, 1.841963768005371, -4.737847805023193]}], "relationships": {"right": {"0": [18, 17, 19], "1": [17, 19, 18], "2": [11, 6, 8], "3": [7], "4": [6, 11, 12], "6": [12, 11, 8], "9": [10, 23, 22], "10": [23, 22, 20], "11": [20, 8], "13": [20], "14": [15, 16, 17], "15": [16, 17, 1], "16": [17, 19, 18], "17": [19, 18, 7], "18": [19, 7, 8], "19": [7, 8], "21": [14, 15, 16], "22": [20, 7, 8]}, "down": {"0": [21, 14, 4], "1": [6], "3": [11, 18, 19], "7": [11, 12], "14": [6], "15": [6], "16": [6], "17": [11, 12], "18": [11, 12], "19": [11, 12], "21": [4], "23": [13]}, "left": {"1": [15, 14, 21], "3": [0, 21, 15], "6": [4, 2], "7": [18, 19, 17], "8": [1, 19, 17], "10": [9, 0, 21], "11": [2, 4, 6], "12": [6, 4, 2], "13": [9, 21, 0], "14": [21], "15": [14, 21], "16": [15, 14, 21], "17": [16, 15, 14], "18": [17, 16, 15], "19": [17, 18, 16], "20": [11, 13, 22], "22": [10, 9, 21], "23": [9, 10, 0]}, "up": {"2": [0], "4": [21, 0], "6": [1, 16, 15], "11": [3, 19, 18], "12": [19, 18, 17], "13": [23], "14": [0], "17": [3], "18": [3], "19": [3], "20": [3], "21": [0]}}}]}