{"scenes": [{"objects": [{"prefab_path": "MensCollection/Prefabs/Rearranged/long_coat_10", "unique_id": 0, "index": 0, "bbox": [1554, 284, 25, 29], "position": [-4.2294535636901855, 2.2692489624023438, -7.309826850891113]}, {"prefab_path": "MensCollection/Prefabs/Rearranged/jacket_1", "unique_id": 1, "index": 1, "bbox": [1333, 295, 58, 88], "position": [-3.1458351612091064, -0.6576533317565918, -8.526874542236328]}, {"prefab_path": "MensCollection/Prefabs/Rearranged/polo shirt 25", "unique_id": 2, "index": 2, "bbox": [377, 313, 91, 46], "position": [4.8559112548828125, 2.328227996826172, -7.300678730010986]}, {"prefab_path": "MensCollection/Prefabs/Rearranged/polo shirt 16", "unique_id": 3, "index": 3, "bbox": [516, 312, 91, 55], "position": [3.0529110431671143, 2.4057605266571045, -7.2926788330078125]}, {"prefab_path": "1208725/Jacket_red", "unique_id": 4, "index": 4, "bbox": [560, 305, 109, 68], "position": [0.6486611366271973, 3.417980670928955, -6.461416244506836]}, {"prefab_path": "MensCollection/Prefabs/Rearranged/jacket_2_06", "unique_id": 5, "index": 5, "bbox": [684, 310, 123, 74], "position": [5.475246906280518, -1.71455979347229, -9.030569076538086]}, {"prefab_path": "MensCollection/Prefabs/Rearranged/polo shirt 04 1", "unique_id": 6, "index": 6, "bbox": [784, 322, 106, 73], "position": [0.37191110849380493, 2.2927606105804443, -7.2926788330078125]}, {"prefab_path": "MensCollection/Prefabs/Rearranged/long_coat_10 1", "unique_id": 7, "index": 7, "bbox": [902, 298, 157, 80], "position": [-2.7756881713867188, 1.7952799797058105, -6.7082085609436035]}, {"prefab_path": "870230/hoodie04", "unique_id": 8, "index": 8, "bbox": [1155, 314, 136, 101], "position": [-2.371638059616089, 2.4520375728607178, -7.290022373199463]}, {"prefab_path": "1514019/Rearranged/Jeans_Blue_V3", "unique_id": 9, "index": 9, "bbox": [68, 314, 176, 87], "position": [3.2727091312408447, 1.674516201019287, -5.106883525848389]}, {"prefab_path": "1514019/Rearranged/Jeans_Blue_V2", "unique_id": 10, "index": 10, "bbox": [155, 311, 189, 94], "position": [2.435708999633789, 2.4881622791290283, -5.106883525848389]}, {"prefab_path": "MensCollection/Prefabs/Rearranged/polo shirt 23", "unique_id": 11, "index": 11, "bbox": [472, 433, 26, 17], "position": [0.7393214106559753, 1.6262280941009521, -5.275911331176758]}, {"prefab_path": "1514019/Rearranged/Jeans_Blue", "unique_id": 12, "index": 12, "bbox": [465, 432, 0, 0], "position": [4.266709327697754, 0.8564563989639282, -7.354883193969727]}, {"prefab_path": "MensCollection/Prefabs/Rearranged/jacket_4_05", "unique_id": 13, "index": 13, "bbox": [644, 441, 9, 18], "position": [-0.7758318185806274, 1.9658989906311035, -8.28115463256836]}, {"prefab_path": "MensCollection/Prefabs/Rearranged/polo shirt display 1", "unique_id": 14, "index": 14, "bbox": [1759, 321, 224, 326], "position": [-4.2266950607299805, 2.227057933807373, -5.295989036560059]}, {"prefab_path": "1208725/Jacket_blue", "unique_id": 15, "index": 15, "bbox": [415, 451, 31, 21], "position": [-0.19686242938041687, -0.16985058784484863, -4.767226696014404]}, {"prefab_path": "MensCollection/Prefabs/Rearranged/polo shirt display 02", "unique_id": 16, "index": 16, "bbox": [1218, 326, 269, 223], "position": [-2.885695219039917, 2.227057933807373, -5.295989036560059]}, {"prefab_path": "MensCollection/Prefabs/Rearranged/suit 3", "unique_id": 17, "index": 17, "bbox": [1490, 307, 327, 252], "position": [-3.6027944087982178, 2.120286703109741, -5.352944850921631]}, {"prefab_path": "1514019/Rearranged/Hat_NY_PD", "unique_id": 18, "index": 18, "bbox": [1, 527, 45, 33], "position": [3.331696033477783, 0.747570276260376, -4.382225036621094]}, {"prefab_path": "MensCollection/Prefabs/Rearranged/vest03", "unique_id": 19, "index": 19, "bbox": [396, 456, 94, 91], "position": [-0.006619833409786224, 1.6153621673583984, -4.747312068939209]}, {"prefab_path": "MensCollection/Prefabs/Rearranged/polo shirt 12", "unique_id": 20, "index": 20, "bbox": [892, 453, 117, 40], "position": [-0.404678612947464, 1.366760492324829, -7.28891134262085]}, {"prefab_path": "MensCollection/Prefabs/Rearranged/polo shirt 36", "unique_id": 21, "index": 21, "bbox": [918, 455, 118, 39], "position": [-0.5996788144111633, 1.366760492324829, -7.28891134262085]}, {"prefab_path": "MensCollection/Prefabs/Rearranged/jacket_1", "unique_id": 1, "index": 22, "bbox": [949, 440, 157, 42], "position": [-2.0338737964630127, -1.583653450012207, -7.401165008544922]}, {"prefab_path": "MensCollection/Prefabs/Rearranged/jacket_4_05", "unique_id": 13, "index": 23, "bbox": [987, 441, 160, 28], "position": [-1.5558319091796875, 1.6498987674713135, -10.29415512084961]}, {"prefab_path": "MensCollection/Prefabs/Rearranged/shirt_hung_up28", "unique_id": 22, "index": 24, "bbox": [274, 439, 223, 116], "position": [0.54889976978302, 1.6253312826156616, -4.743015766143799]}, {"prefab_path": "1208725/Jacket_red", "unique_id": 4, "index": 25, "bbox": [248, 444, 258, 109], "position": [1.570585012435913, 2.7039809226989746, -2.8386611938476562]}, {"prefab_path": "870230/hoodie04", "unique_id": 8, "index": 26, "bbox": [352, 456, 263, 153], "position": [0.137977734208107, 1.8420377969741821, -4.74136209487915]}, {"prefab_path": "MensCollection/Prefabs/Rearranged/polo shirt 05", "unique_id": 23, "index": 27, "bbox": [472, 466, 263, 141], "position": [26.333892822265625, 9.28891372680664, 4.4091715812683105]}, {"prefab_path": "MensCollection/Prefabs/Rearranged/long_coat_06", "unique_id": 24, "index": 28, "bbox": [422, 428, 321, 179], "position": [0.5569074153900146, 0.4459843635559082, -3.839930534362793]}, {"prefab_path": "MensCollection/Prefabs/Rearranged/jacket_3_02", "unique_id": 25, "index": 29, "bbox": [682, 452, 247, 100], "position": [-2.6591858863830566, -3.011418342590332, -10.637826919555664]}, {"prefab_path": "MensCollection/Prefabs/Rearranged/dress shirt a", "unique_id": 26, "index": 30, "bbox": [1250, 384, 378, 261], "position": [-2.94100022315979, 1.9539999961853027, -4.796999931335449]}, {"prefab_path": "1514019/Rearranged/Jacket_Grey", "unique_id": 27, "index": 31, "bbox": [1551, 369, 419, 471], "position": [-3.6718602180480957, 1.507941722869873, -4.800738334655762]}, {"prefab_path": "870230/hoodie09", "unique_id": 28, "index": 32, "bbox": [527, 467, 282, 161], "position": [-0.6281410455703735, 1.843548059463501, -4.740752696990967]}, {"prefab_path": "1514019/Rearranged/Jean_Jacket", "unique_id": 29, "index": 33, "bbox": [1908, 450, 338, 189], "position": [-4.293862342834473, 1.6249628067016602, -4.800738334655762]}], "relationships": {"down": {"0": [1, 22], "2": [12, 5], "4": [11, 20, 15], "6": [22], "7": [22], "8": [22, 1, 29], "9": [18], "10": [18], "11": [15], "13": [22, 29], "14": [33], "16": [22], "19": [15], "20": [22], "21": [22], "23": [29], "24": [15, 28], "25": [28], "26": [19, 15, 28], "32": [15]}, "left": {"0": [10, 7, 8], "1": [12, 20, 21], "2": [27], "3": [2, 27], "4": [10, 9, 2], "5": [27], "6": [3, 2, 9], "7": [9, 11, 10], "8": [10, 6, 9], "9": [27], "10": [27], "11": [9, 18, 10], "12": [27], "13": [3, 6, 2], "14": [17, 30, 16], "15": [18, 9, 27], "16": [32, 26, 19], "17": [16, 30, 32], "18": [27], "19": [24, 18, 9], "20": [9, 3, 12], "21": [20, 9, 3], "22": [18, 12, 9], "23": [2, 12, 3], "24": [18, 9, 10], "25": [27], "26": [24, 10, 18], "28": [18, 27], "29": [5, 12, 2], "30": [32, 26, 19], "31": [30, 32, 19], "32": [26, 19, 24], "33": [31, 30, 32]}, "up": {"1": [8, 0], "33": [14], "5": [2], "11": [4], "12": [2], "15": [19, 26, 32], "18": [9, 10], "19": [26], "20": [4], "22": [8, 7, 13], "28": [24, 26, 25], "29": [23, 13, 8]}, "right": {"2": [3, 13, 23], "3": [13, 6, 20], "4": [8, 0, 7], "5": [29, 1, 23], "6": [13, 8, 0], "7": [0], "8": [0], "9": [7, 11, 0], "10": [0, 8, 7], "11": [7, 0, 16], "12": [13, 23, 20], "13": [0], "15": [31, 33, 7], "16": [17, 14], "17": [14], "18": [11, 24, 19], "19": [32, 16, 17], "20": [21, 8, 7], "21": [8, 7, 0], "24": [19, 26, 32], "25": [14, 30, 17], "26": [32, 16, 17], "27": [4, 25, 14], "28": [31, 33, 30], "30": [14, 17, 31], "31": [33], "32": [17, 16, 30]}}}]}