{"scenes": [{"objects": [{"prefab_path": "1208725/Jacket_blue", "unique_id": 0, "index": 0, "bbox": [225, 1, 366, 418], "position": [-1.096773624420166, 0.05314898490905762, -2.76186203956604]}, {"prefab_path": "MensCollection/Prefabs/Rearranged/long_coat_06", "unique_id": 1, "index": 1, "bbox": [1108, 71, 313, 104], "position": [-3.801069736480713, 0.6689841747283936, -1.4370927810668945]}, {"prefab_path": "MensCollection/Prefabs/Rearranged/long_coat_12", "unique_id": 2, "index": 2, "bbox": [1271, 123, 249, 38], "position": [-2.9842169284820557, 0.4726707935333252, -3.043598175048828]}, {"prefab_path": "870230/hoodie03", "unique_id": 3, "index": 3, "bbox": [1318, 132, 214, 48], "position": [-3.67474627494812, 2.0649633407592773, -2.2158474922180176]}, {"prefab_path": "MensCollection/Prefabs/Rearranged/long_coat_06", "unique_id": 1, "index": 4, "bbox": [1271, 132, 248, 67], "position": [-2.7530922889709473, 0.6689841747283936, -1.3209304809570312]}, {"prefab_path": "MensCollection/Prefabs/Rearranged/long_coat_12", "unique_id": 2, "index": 5, "bbox": [1391, 158, 210, 36], "position": [-3.7582173347473145, 0.4726707935333252, -3.043598175048828]}, {"prefab_path": "MensCollection/Prefabs/Rearranged/long_coat_12", "unique_id": 2, "index": 6, "bbox": [1478, 197, 174, 23], "position": [-4.299401760101318, 0.4726707935333252, -1.8222172260284424]}, {"prefab_path": "1514019/Rearranged/Jeans_Grey", "unique_id": 4, "index": 7, "bbox": [1476, 418, 1, 0], "position": [-5.107291221618652, 0.27026891708374023, -2.261883020401001]}, {"prefab_path": "clothing_store/models/prefab/trousers_5", "unique_id": 5, "index": 8, "bbox": [1266, 403, 238, 57], "position": [-3.613412857055664, 0.23014092445373535, -2.2209999561309814]}, {"prefab_path": "1514019/Rearranged/Jeans_Blue_V4", "unique_id": 6, "index": 9, "bbox": [1381, 399, 216, 41], "position": [-4.374208450317383, 0.24453043937683105, -2.2158830165863037]}, {"prefab_path": "clothing_store/models/prefab/trousers_2", "unique_id": 7, "index": 10, "bbox": [1106, 412, 303, 96], "position": [-2.897865056991577, 0.23014092445373535, -2.2330000400543213]}, {"prefab_path": "clothing_store/models/prefab/trousers_3", "unique_id": 8, "index": 11, "bbox": [319, 458, 330, 315], "position": [-1.122291922569275, 0.2301410436630249, -2.175999879837036]}, {"prefab_path": "clothing_store/models/prefab/sneakers_2", "unique_id": 9, "index": 12, "bbox": [1380, 638, 34, 35], "position": [-4.374825954437256, 0.03797273337841034, -2.2530136108398438]}, {"prefab_path": "clothing_store/models/prefab/sneakers_4", "unique_id": 10, "index": 13, "bbox": [1263, 682, 45, 55], "position": [-3.5972962379455566, 0.03797274827957153, -2.2426962852478027]}], "relationships": {"right": {"0": [10, 4, 1], "2": [9, 6, 8], "5": [7, 9, 12], "8": [6, 9, 7], "10": [8, 1, 6], "11": [4, 1, 10], "13": [6, 12, 9]}, "left": {"1": [10, 0, 2], "4": [11, 0], "5": [2], "6": [8, 2, 13], "7": [5, 2, 8], "8": [10, 2, 0], "9": [2, 5, 8], "10": [0, 11], "12": [13, 2, 5], "13": [2, 0, 11]}, "up": {"1": [3], "2": [3], "5": [3], "6": [3], "8": [3], "9": [3], "10": [3], "12": [9, 3], "13": [8, 3]}, "down": {"8": [13], "9": [12], "3": [8, 13, 10]}}}]}