{"scenes": [{"objects": [{"prefab_path": "1514019/Rearranged/Jeans_Blue_V2", "unique_id": 0, "index": 0, "bbox": [1, 1, 788, 787], "position": [2.435708999633789, 2.4881622791290283, -5.106883525848389]}, {"prefab_path": "MensCollection/Prefabs/Rearranged/polo shirt display 1", "unique_id": 1, "index": 1, "bbox": [1396, 337, 127, 108], "position": [3.8526954650878906, 2.226058006286621, -0.22201043367385864]}, {"prefab_path": "MensCollection/Prefabs/Rearranged/shirt_mannequin_1_02", "unique_id": 2, "index": 2, "bbox": [1424, 362, 149, 119], "position": [3.919044256210327, 1.988883137702942, -0.7165265679359436]}, {"prefab_path": "MensCollection/Prefabs/Rearranged/dress shirt b", "unique_id": 3, "index": 3, "bbox": [1518, 335, 137, 98], "position": [4.454999923706055, 2.11899995803833, -0.2409992218017578]}, {"prefab_path": "1514019/Rearranged/Jean_Jacket_2", "unique_id": 4, "index": 4, "bbox": [1537, 374, 132, 148], "position": [1.9460663795471191, 1.5828187465667725, -0.7314874529838562]}, {"prefab_path": "MensCollection/Prefabs/Rearranged/suit 3", "unique_id": 5, "index": 5, "bbox": [1652, 328, 159, 126], "position": [5.191793441772461, 2.1192867755889893, -0.165054053068161]}, {"prefab_path": "MensCollection/Prefabs/Rearranged/suit 2", "unique_id": 6, "index": 6, "bbox": [1705, 357, 184, 156], "position": [5.266794204711914, 1.9562866687774658, -0.6450545787811279]}, {"prefab_path": "1208725/Jacket_red", "unique_id": 7, "index": 7, "bbox": [1, 594, 194, 245], "position": [1.570585012435913, 2.7039809226989746, -2.8386611938476562]}], "relationships": {"right": {"1": [3, 5], "2": [5, 3, 6], "3": [5], "4": [1, 3, 2], "7": [6, 2, 5]}, "left": {"1": [4, 7], "2": [4, 7], "3": [1, 2, 4], "5": [2, 3, 1], "6": [2, 7, 4]}}}]}