{"scenes": [{"objects": [{"prefab_path": "MensCollection/Prefabs/Rearranged/jacket_3_06", "unique_id": 0, "index": 0, "bbox": [900, 190, 189, 89], "position": [0.1875901222229004, -0.1658153533935547, -0.28248119354248047]}, {"prefab_path": "MensCollection/Prefabs/Rearranged/long_coat_10", "unique_id": 1, "index": 1, "bbox": [977, 168, 232, 96], "position": [-1.6196485757827759, 2.476334810256958, -2.770744800567627]}, {"prefab_path": "MensCollection/Prefabs/Rearranged/jacket_2_03", "unique_id": 2, "index": 2, "bbox": [1055, 174, 250, 119], "position": [-3.0919620990753174, -0.7686605453491211, -1.4603996276855469]}, {"prefab_path": "870230/hoodie09", "unique_id": 3, "index": 3, "bbox": [1178, 175, 261, 157], "position": [-0.38647907972335815, 2.602412223815918, -2.907951593399048]}, {"prefab_path": "1208725/Jacket_blue", "unique_id": 4, "index": 4, "bbox": [1340, 143, 337, 249], "position": [0.2187138795852661, 0.5889616012573242, -2.3572545051574707]}, {"prefab_path": "MensCollection/Prefabs/Rearranged/dress shirt c", "unique_id": 5, "index": 5, "bbox": [193, 263, 230, 120], "position": [-2.865999937057495, 2.119999885559082, -5.2769999504089355]}, {"prefab_path": "MensCollection/Prefabs/Rearranged/suit 1", "unique_id": 6, "index": 6, "bbox": [217, 258, 213, 109], "position": [-3.6027944087982178, 2.120286703109741, -5.352944850921631]}, {"prefab_path": "MensCollection/Prefabs/Rearranged/shirt_mannequin_1_01", "unique_id": 7, "index": 7, "bbox": [392, 310, 157, 93], "position": [-2.9520435333251953, 1.9868830442428589, -4.801473140716553]}, {"prefab_path": "MensCollection/Prefabs/Rearranged/jacket_3_02", "unique_id": 8, "index": 8, "bbox": [893, 388, 186, 81], "position": [-7.602062225341797, -3.2215373516082764, -0.8769311904907227]}, {"prefab_path": "MensCollection/Prefabs/Rearranged/long_coat_10 1", "unique_id": 9, "index": 9, "bbox": [672, 496, 75, 69], "position": [0.35579192638397217, 1.1852800846099854, -2.564311981201172]}, {"prefab_path": "MensCollection/Prefabs/Rearranged/jacket_4_05", "unique_id": 10, "index": 10, "bbox": [957, 399, 209, 111], "position": [-4.673531532287598, 1.7557804584503174, -2.8122317790985107]}, {"prefab_path": "870230/hoodie04", "unique_id": 11, "index": 11, "bbox": [1048, 435, 217, 122], "position": [-0.997509241104126, 1.631919264793396, -2.901094675064087]}, {"prefab_path": "1208725/Jacket_gray", "unique_id": 12, "index": 12, "bbox": [1152, 455, 273, 166], "position": [0.16384261846542358, -0.4029197692871094, -2.3973822593688965]}, {"prefab_path": "MensCollection/Prefabs/Rearranged/jacket_1", "unique_id": 13, "index": 13, "bbox": [1339, 447, 341, 234], "position": [0.03304243087768555, -1.4194979667663574, -1.5666561126708984]}, {"prefab_path": "MensCollection/Prefabs/Rearranged/jacket_4_05", "unique_id": 10, "index": 14, "bbox": [8, 598, 136, 99], "position": [-0.9758316874504089, 1.9658989906311035, -8.28115463256836]}], "relationships": {"left": {"0": [2, 7, 10], "1": [6, 7, 5], "3": [5, 6, 7], "4": [7, 5, 6], "7": [6], "9": [11, 5, 7], "11": [7, 6, 5], "12": [7, 5, 6], "13": [6]}, "down": {"1": [11, 12, 13], "3": [9, 4, 12], "4": [12, 13], "9": [4, 12, 13], "11": [12, 13]}, "right": {"2": [0], "5": [3, 11, 9], "6": [7, 11, 1], "7": [11, 1, 3], "10": [0], "11": [9], "14": [9, 4]}, "up": {"4": [9, 3], "9": [3], "11": [1], "12": [4, 9, 3], "13": [4, 9, 3]}}}]}