{"scenes": [{"objects": [{"prefab_path": "1498649_store/Prefabs/_itog044", "unique_id": 0, "index": 0, "bbox": [1, 1, 362, 309], "position": [0.24317502975463867, 2.377624034881592, -2.898423194885254]}, {"prefab_path": "1514019/Rearranged/Jean_Jacket", "unique_id": 1, "index": 1, "bbox": [724, 298, 89, 64], "position": [3.844862461090088, 1.7899630069732666, -0.2372613251209259]}, {"prefab_path": "1514019/Rearranged/TShirt_White_2", "unique_id": 2, "index": 2, "bbox": [810, 305, 74, 34], "position": [4.474198341369629, 1.8199467658996582, -0.22138816118240356]}, {"prefab_path": "MensCollection/Prefabs/Rearranged/polo shirt display 1", "unique_id": 3, "index": 3, "bbox": [860, 299, 90, 51], "position": [5.193694591522217, 2.226058006286621, -0.22200995683670044]}, {"prefab_path": "WomensCollection/Prefabs/Rearranged/blouse_2_1", "unique_id": 4, "index": 4, "bbox": [1128, 267, 92, 49], "position": [6.384103775024414, 2.337155818939209, -2.300539493560791]}, {"prefab_path": "WomensCollection/Prefabs/Rearranged/dress_4_16", "unique_id": 5, "index": 5, "bbox": [1349, 299, 55, 77], "position": [3.075662851333618, 1.627435326576233, -4.870426177978516]}, {"prefab_path": "WomensCollection/Prefabs/Rearranged/dress_4_04", "unique_id": 6, "index": 6, "bbox": [1362, 294, 17, 5], "position": [3.5518031120300293, 1.6272042989730835, -4.777102470397949]}, {"prefab_path": "1498649_store/Prefabs/_itog030", "unique_id": 7, "index": 7, "bbox": [1347, 245, 127, 83], "position": [6.281577110290527, 2.2776241302490234, -4.16117525100708]}, {"prefab_path": "MensCollection/Prefabs/Rearranged/polo shirt display 02", "unique_id": 8, "index": 8, "bbox": [770, 308, 109, 72], "position": [3.9276962280273438, 2.0630578994750977, -0.7020105123519897]}, {"prefab_path": "MensCollection/Prefabs/Rearranged/dress shirt b", "unique_id": 9, "index": 9, "bbox": [839, 311, 104, 56], "position": [4.53000020980835, 1.9559998512268066, -0.7209997177124023]}, {"prefab_path": "1514019/Rearranged/Jacket_Grey", "unique_id": 10, "index": 10, "bbox": [900, 309, 106, 54], "position": [5.260859966278076, 1.509941577911377, -0.7172613143920898]}, {"prefab_path": "WomensCollection/Prefabs/Rearranged/blouse_2_15", "unique_id": 11, "index": 11, "bbox": [1137, 403, 77, 25], "position": [6.273375511169434, 1.3099513053894043, -2.3010520935058594]}, {"prefab_path": "WomensCollection/Prefabs/Rearranged/dress_4_16", "unique_id": 5, "index": 12, "bbox": [1440, 259, 320, 72], "position": [3.347667694091797, 1.7584353685379028, -5.196783065795898]}, {"prefab_path": "WomensCollection/Prefabs/Rearranged/dress_4_16", "unique_id": 5, "index": 13, "bbox": [1035, 253, 471, 116], "position": [1.611993670463562, 1.6514352560043335, -4.765875339508057]}, {"prefab_path": "WomensCollection/Prefabs/Rearranged/dress2_", "unique_id": 12, "index": 14, "bbox": [1165, 121, 726, 166], "position": [1.4076040983200073, 1.7373772859573364, -5.196816444396973]}, {"prefab_path": "WomensCollection/Prefabs/Rearranged/hanging_dress_1_26", "unique_id": 13, "index": 15, "bbox": [1440, 385, 210, 89], "position": [3.94606876373291, 1.6153455972671509, -5.09853458404541]}, {"prefab_path": "WomensCollection/Prefabs/Rearranged/dress_4_04", "unique_id": 6, "index": 16, "bbox": [1498, 279, 361, 79], "position": [3.3858304023742676, 1.6322044134140015, -5.391881942749023]}, {"prefab_path": "MensCollection/Prefabs/Rearranged/jacket_2_03", "unique_id": 14, "index": 17, "bbox": [25, 354, 362, 311], "position": [-1.958556890487671, -1.6793169975280762, -1.5217046737670898]}, {"prefab_path": "WomensCollection/Prefabs/Rearranged/dress_6_05", "unique_id": 15, "index": 18, "bbox": [989, 233, 573, 121], "position": [1.2656043767929077, 1.6443243026733398, -4.873236656188965]}, {"prefab_path": "WomensCollection/Prefabs/Rearranged/hanging_dress_1", "unique_id": 16, "index": 19, "bbox": [923, 253, 602, 162], "position": [1.223140001296997, 1.7573449611663818, -4.8725786209106445]}, {"prefab_path": "WomensCollection/Prefabs/Rearranged/dress_6_05", "unique_id": 15, "index": 20, "bbox": [1292, 220, 695, 176], "position": [1.453194499015808, 1.628324270248413, -5.403815746307373]}], "relationships": {"right": {"0": [13, 19, 12], "1": [9, 11, 4], "2": [10, 4, 11], "3": [4, 11, 7], "5": [16, 12, 15], "6": [15], "8": [7, 4, 11], "9": [4, 11, 7], "10": [11, 4, 7], "13": [16, 12], "17": [20, 18, 13], "18": [14, 20, 16], "19": [14, 20, 16]}, "down": {"0": [17], "19": [18], "3": [10], "4": [11]}, "left": {"4": [9, 2, 3], "5": [0, 17], "6": [0, 17], "7": [8, 1, 9], "9": [1], "10": [2, 1], "11": [10, 2, 1], "12": [5, 0, 13], "13": [0, 17], "14": [19, 18, 0], "15": [6, 5, 0], "16": [5, 13, 0], "18": [0, 17], "19": [0, 17], "20": [18, 19, 0]}, "up": {"18": [19], "17": [0], "10": [3], "11": [4]}}}]}