{"Items":[{"name":"long_coat_12(Clone)","prefabPath":"MensCollection/Prefabs/Rearranged/long_coat_12","bbox":[580,438,245,91],"position":[-3.4703526496887209,-0.0663290023803711,-8.038036346435547]},{"name":"_itog015(Clone)","prefabPath":"1498649_store/Prefabs/_itog015","bbox":[384,217,243,149],"position":[-3.257234573364258,2.228811740875244,-7.292694091796875]},{"name":"blouse_01_07(Clone)","prefabPath":"WomensCollection/Prefabs/Rearranged/blouse_01_07","bbox":[1,179,264,262],"position":[-2.371088743209839,2.2284488677978517,-7.2926788330078129]},{"name":"_itog039(Clone)","prefabPath":"1498649_store/Prefabs/_itog039","bbox":[648,457,195,56],"position":[-4.065829277038574,1.3028117418289185,-7.216203689575195]},{"name":"_itog011(Clone)","prefabPath":"1498649_store/Prefabs/_itog011","bbox":[655,426,238,75],"position":[-4.262937068939209,1.2034454345703126,-7.215973854064941]},{"name":"long_coat_10(Clone)","prefabPath":"MensCollection/Prefabs/Rearranged/long_coat_10","bbox":[618,243,223,101],"position":[-4.2294535636901859,2.2692489624023439,-7.309826850891113]},{"name":"_itog049(Clone)","prefabPath":"1498649_store/Prefabs/_itog049","bbox":[718,461,177,48],"position":[-4.474829196929932,1.2615318298339844,-7.216203689575195]},{"name":"folded polo shirt13(Clone)","prefabPath":"MensCollection/Prefabs/Rearranged/folded polo shirt13","bbox":[1099,564,33,124],"position":[-4.176286220550537,1.4526302814483643,-4.8191819190979]},{"name":"sweater_folded58(Clone)","prefabPath":"WomensCollection/Prefabs/Rearranged/sweater_folded58","bbox":[834,496,40,175],"position":[-3.287245750427246,1.7504826784133912,-5.295689105987549]},{"name":"shirt_folded_1_09(Clone)","prefabPath":"MensCollection/Prefabs/Rearranged/shirt_folded_1_09","bbox":[1237,644,71,123],"position":[-4.175972938537598,1.1596741676330567,-4.494472980499268]},{"name":"sweater_folded74(Clone)","prefabPath":"WomensCollection/Prefabs/Rearranged/sweater_folded74","bbox":[1139,760,125,207],"position":[-3.2672274112701418,1.1730334758758546,-4.5024943351745609]},{"name":"shirt_4_05(Clone)","prefabPath":"WomensCollection/Prefabs/Rearranged/shirt_4_05","bbox":[1156,628,36,92],"position":[-4.479158878326416,1.151225209236145,-4.856212139129639]},{"name":"shirt_11(Clone)","prefabPath":"MensCollection/Prefabs/Rearranged/shirt_11","bbox":[1124,650,40,112],"position":[-4.192602634429932,1.1512309312820435,-4.856156826019287]},{"name":"sweater_folded04(Clone)","prefabPath":"WomensCollection/Prefabs/Rearranged/sweater_folded04","bbox":[1032,468,28,105],"position":[-4.479784965515137,1.7506296634674073,-5.297269344329834]},{"name":"sweater_folded12(Clone)","prefabPath":"WomensCollection/Prefabs/Rearranged/sweater_folded12","bbox":[995,724,105,176],"position":[-3.287428855895996,1.1731804609298707,-4.859210014343262]},{"name":"sweater_folded04(Clone)","prefabPath":"WomensCollection/Prefabs/Rearranged/sweater_folded04","bbox":[1259,634,48,106],"position":[-4.468654155731201,1.1731804609298707,-4.504074573516846]},{"name":"sweater_folded58(Clone)","prefabPath":"WomensCollection/Prefabs/Rearranged/sweater_folded58","bbox":[1039,691,72,168],"position":[-3.5909829139709474,1.1730334758758546,-4.857644081115723]},{"name":"sweater_folded63(Clone)","prefabPath":"WomensCollection/Prefabs/Rearranged/sweater_folded63","bbox":[995,475,25,122],"position":[-4.1928606033325199,1.7504826784133912,-5.295689105987549]},{"name":"shirt_5_03(Clone)","prefabPath":"WomensCollection/Prefabs/Rearranged/shirt_5_03","bbox":[1189,727,68,157],"position":[-3.5790462493896486,1.151225209236145,-4.5010457038879398]},{"name":"shirt_folded_1_03(Clone)","prefabPath":"MensCollection/Prefabs/Rearranged/shirt_folded_1_03","bbox":[1026,589,62,145],"position":[-3.569089889526367,1.4065876007080079,-4.925290107727051]},{"name":"sweater_folded04(Clone)","prefabPath":"WomensCollection/Prefabs/Rearranged/sweater_folded04","bbox":[957,563,39,125],"position":[-3.876527786254883,1.4537888765335084,-5.291853904724121]},{"name":"shirt_2_05(Clone)","prefabPath":"WomensCollection/Prefabs/Rearranged/shirt_2_05","bbox":[925,490,24,121],"position":[-3.5904409885406496,1.7286744117736817,-5.294235706329346]},{"name":"shirt_folded_1_03(Clone)","prefabPath":"MensCollection/Prefabs/Rearranged/shirt_folded_1_03","bbox":[1129,544,47,103],"position":[-4.483030796051025,1.4065876007080079,-4.92523717880249]},{"name":"shirt_13(Clone)","prefabPath":"MensCollection/Prefabs/Rearranged/shirt_13","bbox":[1098,674,44,121],"position":[-3.8819069862365724,1.1512309312820435,-4.856210231781006]},{"name":"shirt_3_05(Clone)","prefabPath":"WomensCollection/Prefabs/Rearranged/shirt_3_05","bbox":[968,484,22,112],"position":[-3.8818583488464357,1.7286744117736817,-5.294240474700928]},{"name":"shirt_6_03(Clone)","prefabPath":"WomensCollection/Prefabs/Rearranged/shirt_6_03","bbox":[1213,693,59,137],"position":[-3.8731088638305666,1.151225209236145,-4.50098991394043]},{"name":"shirt_11(Clone)","prefabPath":"MensCollection/Prefabs/Rearranged/shirt_11","bbox":[911,587,41,120],"position":[-3.582023859024048,1.4318393468856812,-5.288854122161865]},{"name":"sweater_folded_4(Clone)","prefabPath":"WomensCollection/Prefabs/Rearranged/sweater_folded_4","bbox":[959,616,75,193],"position":[-3.277615785598755,1.45332670211792,-4.924292087554932]},{"name":"sweater_folded33(Clone)","prefabPath":"MensCollection/Prefabs/Rearranged/sweater_folded33","bbox":[1007,555,27,103],"position":[-4.1832685470581059,1.4558510780334473,-5.287816047668457]},{"name":"folded polo shirt22(Clone)","prefabPath":"MensCollection/Prefabs/Rearranged/folded polo shirt22","bbox":[1073,580,49,128],"position":[-3.8689069747924806,1.4526302814483643,-4.818668365478516]},{"name":"camera","prefabPath":"camera","bbox":[-1,-1,-1,-1],"position":[-1.5547010898590088,2.0,-4.236685752868652]},{"name":"camera_right","prefabPath":"camera","bbox":[-1,-1,-1,-1],"position":[-0.5000001192092896,0.0,0.8660253882408142]},{"name":"camera_forward","prefabPath":"camera","bbox":[-1,-1,-1,-1],"position":[-0.8648385405540466,-0.0523359589278698,-0.49931490421295168]},{"name":"camera_up","prefabPath":"camera","bbox":[-1,-1,-1,-1],"position":[-0.04532426968216896,0.9986295104026794,-0.026167985051870347]}]}