{"scenes": [{"objects": [{"prefab_path": "1498649_store/Prefabs/_itog040", "unique_id": 0, "index": 0, "bbox": [1, 262, 64, 77], "position": [-0.5972349047660828, 2.228811740875244, -7.292694091796875]}, {"prefab_path": "WomensCollection/Prefabs/Rearranged/leather_jacket_1_20", "unique_id": 1, "index": 1, "bbox": [270, 320, 57, 53], "position": [-2.371088743209839, 2.2477874755859375, -7.2926788330078125]}, {"prefab_path": "WomensCollection/Prefabs/Rearranged/blouse_01_17", "unique_id": 2, "index": 2, "bbox": [927, 250, 151, 21], "position": [-0.3940984010696411, 2.379194736480713, -2.8983631134033203]}, {"prefab_path": "WomensCollection/Prefabs/Rearranged/blouse_01_62", "unique_id": 3, "index": 3, "bbox": [921, 273, 130, 17], "position": [-0.998058557510376, 2.377261161804199, -2.8984382152557373]}, {"prefab_path": "WomensCollection/Prefabs/Rearranged/dress_4_24", "unique_id": 4, "index": 4, "bbox": [206, 322, 70, 133], "position": [1.266087532043457, 1.652395248413086, -4.870358943939209]}, {"prefab_path": "WomensCollection/Prefabs/Rearranged/blouse_2_07 1", "unique_id": 5, "index": 5, "bbox": [358, 332, 75, 37], "position": [-3.259159564971924, 2.230070114135742, -7.284702777862549]}, {"prefab_path": "1498649_store/Prefabs/_itog018", "unique_id": 6, "index": 6, "bbox": [426, 337, 87, 35], "position": [-4.227234840393066, 2.228811740875244, -7.292694091796875]}, {"prefab_path": "1208725/Jacket_gray", "unique_id": 7, "index": 7, "bbox": [485, 398, 23, 15], "position": [-1.4256263971328735, -0.16988825798034668, -4.668241500854492]}, {"prefab_path": "WomensCollection/Prefabs/Rearranged/blouse_2_07", "unique_id": 8, "index": 8, "bbox": [460, 401, 30, 38], "position": [-0.8005687594413757, 1.6461573839187622, -5.973325729370117]}, {"prefab_path": "WomensCollection/Prefabs/Rearranged/blouse_2_08 1", "unique_id": 9, "index": 9, "bbox": [602, 403, 33, 44], "position": [-1.0757029056549072, 1.620070219039917, -4.740840435028076]}, {"prefab_path": "1498649_store/Prefabs/_itog034", "unique_id": 10, "index": 10, "bbox": [344, 355, 261, 122], "position": [-0.11280190944671631, 1.5194456577301025, -5.276535511016846]}, {"prefab_path": "1498649_store/Prefabs/_itog040", "unique_id": 0, "index": 11, "bbox": [492, 391, 186, 119], "position": [-0.31069380044937134, 1.618811845779419, -4.742765426635742]}, {"prefab_path": "MensCollection/Prefabs/Rearranged/long_coat_06", "unique_id": 11, "index": 12, "bbox": [508, 372, 216, 120], "position": [0.2749074697494507, 0.4459843635559082, -3.839930534362793]}, {"prefab_path": "WomensCollection/Prefabs/Rearranged/blouse_01_01", "unique_id": 12, "index": 13, "bbox": [626, 433, 108, 22], "position": [-0.8886784911155701, 1.6184487342834473, -4.7419114112854]}, {"prefab_path": "MensCollection/Prefabs/Rearranged/jacket_2_03", "unique_id": 13, "index": 14, "bbox": [616, 389, 157, 63], "position": [-2.9307174682617188, -1.5274724960327148, -6.8358154296875]}, {"prefab_path": "MensCollection/Prefabs/Rearranged/sweater_folded38", "unique_id": 14, "index": 15, "bbox": [678, 475, 6, 29], "position": [-3.5691473484039307, 1.45332670211792, -4.924302101135254]}, {"prefab_path": "MensCollection/Prefabs/Rearranged/shirt_folded_1_06", "unique_id": 15, "index": 16, "bbox": [678, 478, 11, 23], "position": [-3.2776718139648438, 1.4065876007080078, -4.925280570983887]}, {"prefab_path": "MensCollection/Prefabs/Rearranged/shirt_3", "unique_id": 16, "index": 17, "bbox": [678, 473, 5, 36], "position": [-3.876842975616455, 1.4318393468856812, -4.92523717880249]}, {"prefab_path": "MensCollection/Prefabs/Rearranged/sweater_folded07", "unique_id": 17, "index": 18, "bbox": [682, 471, 5, 39], "position": [-4.18902587890625, 1.45332670211792, -4.924302101135254]}, {"prefab_path": "MensCollection/Prefabs/Rearranged/shirt_6", "unique_id": 18, "index": 19, "bbox": [730, 496, 6, 36], "position": [-4.175972938537598, 1.18492591381073, -4.494472980499268]}, {"prefab_path": "WomensCollection/Prefabs/Rearranged/sweater_folded_4", "unique_id": 19, "index": 20, "bbox": [695, 495, 5, 39], "position": [-4.479265213012695, 1.1727182865142822, -4.855222225189209]}, {"prefab_path": "MensCollection/Prefabs/Rearranged/shirt_6", "unique_id": 18, "index": 21, "bbox": [692, 469, 5, 35], "position": [-4.483030796051025, 1.4318393468856812, -4.92523717880249]}, {"prefab_path": "WomensCollection/Prefabs/Rearranged/blouse_01_17", "unique_id": 2, "index": 22, "bbox": [913, 441, 114, 19], "position": [-1.6201109886169434, 1.4083304405212402, -2.89874267578125]}, {"prefab_path": "WomensCollection/Prefabs/Rearranged/dress_3_", "unique_id": 20, "index": 23, "bbox": [1, 281, 448, 162], "position": [1.4105195999145508, 1.7332932949066162, -5.196816444396973]}, {"prefab_path": "MensCollection/Prefabs/Rearranged/shirt_14", "unique_id": 21, "index": 24, "bbox": [679, 511, 7, 27], "position": [-3.286987543106079, 1.1512309312820435, -4.856156826019287]}, {"prefab_path": "MensCollection/Prefabs/Rearranged/shirt_folded_1_15", "unique_id": 22, "index": 25, "bbox": [678, 502, 16, 34], "position": [-3.590489149093628, 1.1259791851043701, -4.856200695037842]}, {"prefab_path": "MensCollection/Prefabs/Rearranged/sweater_folded11", "unique_id": 23, "index": 26, "bbox": [706, 510, 8, 44], "position": [-3.267070770263672, 1.1752426624298096, -4.500005722045898]}, {"prefab_path": "MensCollection/Prefabs/Rearranged/shirt_10", "unique_id": 24, "index": 27, "bbox": [692, 499, 3, 31], "position": [-4.192602634429932, 1.1512309312820435, -4.856156826019287]}, {"prefab_path": "MensCollection/Prefabs/Rearranged/shirt_1", "unique_id": 25, "index": 28, "bbox": [716, 506, 6, 40], "position": [-3.579094886779785, 1.1512309312820435, -4.501043796539307]}, {"prefab_path": "MensCollection/Prefabs/Rearranged/sweater_folded47", "unique_id": 26, "index": 29, "bbox": [688, 503, 7, 34], "position": [-3.881964683532715, 1.1727182865142822, -4.855222225189209]}, {"prefab_path": "MensCollection/Prefabs/Rearranged/shirt_folded_1_06", "unique_id": 15, "index": 30, "bbox": [721, 499, 15, 39], "position": [-3.873157501220703, 1.1259791851043701, -4.500990390777588]}, {"prefab_path": "WomensCollection/Prefabs/Rearranged/blouse_01_16", "unique_id": 27, "index": 31, "bbox": [921, 444, 134, 12], "position": [-0.998058557510376, 1.4083304405212402, -2.8984382152557373]}, {"prefab_path": "MensCollection/Prefabs/Rearranged/jacket_4_09", "unique_id": 28, "index": 32, "bbox": [923, 421, 213, 27], "position": [-0.37658900022506714, 1.3838250637054443, -2.885072708129883]}, {"prefab_path": "MensCollection/Prefabs/Rearranged/jacket_4_05", "unique_id": 29, "index": 33, "bbox": [950, 409, 252, 61], "position": [-2.7958462238311768, 1.814054012298584, -2.4825198650360107]}, {"prefab_path": "WomensCollection/Prefabs/Rearranged/dress2_30", "unique_id": 30, "index": 34, "bbox": [77, 294, 539, 180], "position": [1.6116042137145996, 1.630378246307373, -4.765816688537598]}, {"prefab_path": "WomensCollection/Prefabs/Rearranged/hanging_dress_1", "unique_id": 31, "index": 35, "bbox": [159, 347, 465, 155], "position": [1.617842197418213, 1.7373449802398682, -4.700351715087891]}, {"prefab_path": "WomensCollection/Prefabs/Rearranged/dress_4_24", "unique_id": 4, "index": 36, "bbox": [230, 359, 501, 167], "position": [1.638061761856079, 1.528395175933838, -4.468299865722656]}], "relationships": {"right": {"0": [2, 11, 8], "1": [33, 22, 3], "5": [33, 16, 15], "6": [18, 17, 21], "8": [13, 32, 9], "9": [31, 32, 22], "10": [11, 32, 2], "11": [32, 2, 31], "13": [31, 32, 3], "15": [28, 33], "16": [26, 33, 22], "17": [30, 33], "18": [19, 33], "19": [33], "20": [19, 33], "21": [33], "23": [35, 4, 34], "24": [26, 33, 22], "25": [28, 33], "26": [33], "27": [19, 33], "28": [33], "29": [30, 28, 33], "30": [33], "34": [36]}, "down": {"0": [14], "1": [14], "2": [32, 31, 12], "3": [31, 32, 22], "35": [34], "5": [14], "6": [14], "9": [7], "11": [7], "13": [7], "15": [25, 14], "16": [24, 14], "17": [29, 14], "18": [27, 14], "21": [20], "24": [14]}, "left": {"2": [0, 8, 11], "3": [0, 9, 13], "4": [23, 0], "8": [0], "9": [8, 0, 1], "10": [0], "11": [10, 8, 0], "12": [8, 0], "13": [8, 0, 1], "15": [5, 6, 1], "16": [5, 6, 1], "17": [6, 5], "18": [6, 5], "19": [27, 18, 20], "20": [6, 5], "21": [6, 5], "22": [9, 13, 1], "24": [5, 6, 1], "25": [6, 5], "26": [24, 16, 5], "27": [6, 5], "28": [25, 29, 15], "29": [6, 5], "30": [29, 17, 6], "31": [9, 13, 8], "32": [11, 8, 13], "33": [5, 16, 15], "34": [23], "35": [23], "36": [34, 23, 0]}, "up": {"32": [2, 3], "34": [35], "7": [9, 13, 11], "12": [2, 3], "14": [5, 1, 6], "20": [21], "22": [3], "24": [16], "25": [15], "27": [18], "29": [17], "31": [3, 2]}}}]}