{"scenes": [{"objects": [{"prefab_path": "1498649_store/Prefabs/_itog028", "unique_id": 0, "index": 0, "bbox": [1827, 104, 129, 57], "position": [3.053535223007202, 2.242445468902588, -7.289802074432373]}, {"prefab_path": "MensCollection/Prefabs/Rearranged/long_coat_10", "unique_id": 1, "index": 1, "bbox": [467, 180, 174, 109], "position": [6.409255027770996, 2.3763349056243896, -1.677307367324829]}, {"prefab_path": "870230/hoodie04", "unique_id": 2, "index": 2, "bbox": [578, 204, 129, 101], "position": [6.389448642730713, 2.5591235160827637, -2.2991199493408203]}, {"prefab_path": "WomensCollection/Prefabs/Rearranged/blouse_01_16", "unique_id": 3, "index": 3, "bbox": [682, 221, 115, 88], "position": [6.281561851501465, 2.277261257171631, -2.9199414253234863]}, {"prefab_path": "1498649_store/Prefabs/_itog041", "unique_id": 4, "index": 4, "bbox": [779, 211, 135, 80], "position": [6.28170108795166, 2.277953624725342, -3.520261287689209]}, {"prefab_path": "MensCollection/Prefabs/Rearranged/shirt_hung_up11", "unique_id": 5, "index": 5, "bbox": [872, 210, 140, 84], "position": [6.276983261108398, 2.2841436862945557, -4.160924911499023]}, {"prefab_path": "MensCollection/Prefabs/Rearranged/polo shirt 16", "unique_id": 6, "index": 6, "bbox": [1440, 196, 135, 91], "position": [4.8559112548828125, 2.384760618209839, -7.300678730010986]}, {"prefab_path": "MensCollection/Prefabs/Rearranged/dress shirt b", "unique_id": 7, "index": 7, "bbox": [78, 222, 228, 113], "position": [4.53000020980835, 1.9559998512268066, -0.7209997177124023]}, {"prefab_path": "1514019/Rearranged/Jacket_Grey", "unique_id": 8, "index": 8, "bbox": [174, 233, 205, 157], "position": [5.260859966278076, 1.509941577911377, -0.7172613143920898]}, {"prefab_path": "WomensCollection/Prefabs/Rearranged/dress_4_", "unique_id": 9, "index": 9, "bbox": [1322, 226, 339, 53], "position": [3.344830274581909, 1.7342042922973633, -5.184882164001465]}, {"prefab_path": "1498649_store/Prefabs/_itog045", "unique_id": 10, "index": 10, "bbox": [483, 361, 141, 97], "position": [6.281576633453369, 1.308693289756775, -1.6769992113113403]}, {"prefab_path": "WomensCollection/Prefabs/Rearranged/blouse_01_21", "unique_id": 11, "index": 11, "bbox": [587, 373, 114, 91], "position": [6.281257152557373, 1.3083304166793823, -2.297888994216919]}, {"prefab_path": "MensCollection/Prefabs/Rearranged/jacket_3_06", "unique_id": 12, "index": 12, "bbox": [776, 352, 143, 91], "position": [8.430105209350586, -1.4069976806640625, -6.156577110290527]}, {"prefab_path": "WomensCollection/Prefabs/Rearranged/blouse_01_07", "unique_id": 13, "index": 13, "bbox": [874, 361, 104, 76], "position": [6.39205265045166, 1.3666040897369385, -4.161492347717285]}, {"prefab_path": "WomensCollection/Prefabs/Rearranged/hanging_dress_1_12", "unique_id": 14, "index": 14, "bbox": [1095, 305, 279, 62], "position": [3.5733225345611572, 1.6783455610275269, -4.552351951599121]}, {"prefab_path": "WomensCollection/Prefabs/Rearranged/dress_4_11", "unique_id": 15, "index": 15, "bbox": [1136, 279, 301, 62], "position": [3.5570616722106934, 1.587395191192627, -4.616299629211426]}, {"prefab_path": "WomensCollection/Prefabs/Rearranged/dress_4_16", "unique_id": 16, "index": 16, "bbox": [1174, 268, 299, 66], "position": [3.5489935874938965, 1.6514352560043335, -4.765875339508057]}, {"prefab_path": "WomensCollection/Prefabs/Rearranged/hanging_dress_1_12", "unique_id": 14, "index": 17, "bbox": [1220, 300, 247, 62], "position": [3.697068452835083, 1.7083455324172974, -5.098534107208252]}, {"prefab_path": "WomensCollection/Prefabs/Rearranged/dress_6_", "unique_id": 17, "index": 18, "bbox": [1239, 263, 308, 78], "position": [3.2026045322418213, 1.644324779510498, -4.873235702514648]}, {"prefab_path": "WomensCollection/Prefabs/Rearranged/dress_4_", "unique_id": 9, "index": 19, "bbox": [1250, 256, 367, 99], "position": [3.08689022064209, 1.6032042503356934, -4.867617607116699]}, {"prefab_path": "WomensCollection/Prefabs/Rearranged/dress_6_04", "unique_id": 18, "index": 20, "bbox": [1361, 274, 286, 64], "position": [3.390194892883301, 1.6283247470855713, -5.403815746307373]}, {"prefab_path": "1514019/Rearranged/Jeans_Blue", "unique_id": 19, "index": 21, "bbox": [1407, 354, 160, 69], "position": [5.1037092208862305, 0.8564563989639282, -7.354883193969727]}, {"prefab_path": "1514019/Rearranged/Sport_Pants", "unique_id": 20, "index": 22, "bbox": [1521, 362, 183, 73], "position": [4.2634663581848145, 0.8820520639419556, -7.353848934173584]}, {"prefab_path": "WomensCollection/Prefabs/Rearranged/dress_4_24", "unique_id": 21, "index": 23, "bbox": [1539, 228, 687, 345], "position": [1.638061761856079, 1.528395175933838, -4.468299865722656]}], "relationships": {"left": {"0": [7, 9, 17], "2": [1], "3": [1, 2], "4": [3, 1, 2], "5": [4, 3, 2], "6": [1, 2, 3], "9": [14, 16, 15], "11": [10], "13": [11, 10, 1], "14": [7, 8, 10], "15": [7, 8, 10], "16": [14, 15, 7], "17": [14, 7, 15], "18": [7, 8, 10], "19": [7, 8, 10], "20": [16, 15, 14], "21": [10, 11, 13], "22": [8, 10, 11], "23": [7, 8]}, "right": {"1": [3, 2, 4], "2": [3, 4, 5], "3": [4, 5, 6], "4": [5, 6, 21], "5": [6, 21, 22], "7": [17, 0, 14], "8": [17, 22, 16], "9": [20, 0], "10": [11, 21, 13], "11": [21, 13, 22], "13": [21, 6, 22], "14": [16, 20, 9], "15": [20, 16, 9], "16": [20, 9, 0], "17": [20, 0, 22], "18": [20, 0], "19": [0], "20": [0]}, "down": {"1": [10, 11], "2": [11, 10], "3": [11], "5": [13], "6": [22, 21], "14": [15]}, "up": {"10": [1, 2], "11": [2, 3, 1], "13": [5], "15": [14], "21": [6], "22": [6]}}}]}