{"scenes": [{"objects": [{"prefab_path": "1208725/Jacket_red", "unique_id": 0, "index": 0, "bbox": [1757, 79, 291, 127], "position": [-0.2771320343017578, 3.521066665649414, -3.4645755290985107]}, {"prefab_path": "WomensCollection/Prefabs/Rearranged/blouse_2_08 1", "unique_id": 1, "index": 1, "bbox": [122, 129, 299, 204], "position": [-0.5991600155830383, 2.230070114135742, -7.284702777862549]}, {"prefab_path": "WomensCollection/Prefabs/Rearranged/blouse_2_1", "unique_id": 2, "index": 2, "bbox": [613, 245, 165, 66], "position": [-2.372159719467163, 2.230069875717163, -7.284702777862549]}, {"prefab_path": "WomensCollection/Prefabs/Rearranged/blouse_01_62", "unique_id": 3, "index": 3, "bbox": [793, 303, 96, 37], "position": [-4.228088855743408, 2.2284488677978516, -7.2926788330078125]}, {"prefab_path": "MensCollection/Prefabs/Rearranged/long_coat_12", "unique_id": 4, "index": 4, "bbox": [824, 402, 7, 6], "position": [-3.8653526306152344, -0.0663290023803711, -8.038036346435547]}, {"prefab_path": "WomensCollection/Prefabs/Rearranged/blouse_01_16", "unique_id": 5, "index": 5, "bbox": [904, 359, 88, 77], "position": [-0.310678631067276, 1.6184489727020264, -5.275911331176758]}, {"prefab_path": "MensCollection/Prefabs/Rearranged/shirt_hung_up04", "unique_id": 6, "index": 6, "bbox": [889, 331, 381, 200], "position": [-0.5060999989509583, 1.6253314018249512, -5.277015686035156]}, {"prefab_path": "MensCollection/Prefabs/Rearranged/jacket_4_09", "unique_id": 7, "index": 7, "bbox": [932, 363, 307, 182], "position": [-1.2998881340026855, 1.5914788246154785, -5.257607936859131]}, {"prefab_path": "MensCollection/Prefabs/Rearranged/jacket_2_06", "unique_id": 8, "index": 8, "bbox": [249, 437, 320, 183], "position": [-2.537569046020508, -2.640558958053589, -11.505247116088867]}, {"prefab_path": "1208725/Tshirt_white", "unique_id": 9, "index": 9, "bbox": [322, 459, 243, 174], "position": [-1.8229358196258545, 0.44373321533203125, -7.665682315826416]}, {"prefab_path": "1498649_store/Prefabs/_itog049", "unique_id": 10, "index": 10, "bbox": [1724, 414, 295, 137], "position": [-2.2410006523132324, 1.4086934328079224, -2.898423194885254]}, {"prefab_path": "MensCollection/Prefabs/Rearranged/long_coat_10", "unique_id": 11, "index": 11, "bbox": [89, 428, 419, 197], "position": [-0.42182663083076477, 1.3432488441467285, -7.287546634674072]}, {"prefab_path": "1498649_store/Prefabs/_itog018", "unique_id": 12, "index": 12, "bbox": [233, 456, 318, 120], "position": [-0.5996938943862915, 1.302811622619629, -7.289765357971191]}, {"prefab_path": "WomensCollection/Prefabs/Rearranged/leather_jacket_1_13", "unique_id": 13, "index": 13, "bbox": [710, 343, 535, 337], "position": [-0.11567847430706024, 1.6377875804901123, -5.275911331176758]}, {"prefab_path": "WomensCollection/Prefabs/Rearranged/blouse_2_29", "unique_id": 14, "index": 14, "bbox": [1080, 327, 588, 368], "position": [-0.10770266503095627, 1.620069980621338, -4.740840911865234]}], "relationships": {"left": {"0": [1, 11, 12], "4": [8], "5": [11, 12, 1], "6": [11, 12, 1], "7": [12, 11, 1], "10": [7, 12, 11], "13": [11, 12, 1], "14": [13, 5, 11]}, "down": {"0": [14], "1": [12, 11], "2": [9], "3": [4]}, "right": {"1": [7, 6, 10], "2": [10], "4": [10], "5": [14, 10], "6": [10], "7": [10], "8": [4, 10], "9": [10], "11": [7, 10, 6], "12": [7, 10, 6], "13": [14, 10], "14": [10]}, "up": {"4": [3], "9": [2], "11": [1], "12": [1], "14": [0]}}}]}