{"scenes": [{"objects": [{"prefab_path": "MensCollection/Prefabs/Rearranged/jacket_4_05", "unique_id": 0, "index": 0, "bbox": [1418, 2, 385, 106], "position": [-4.029831886291504, 2.1888985633850098, -0.760155200958252]}, {"prefab_path": "MensCollection/Prefabs/Rearranged/jacket_2_06", "unique_id": 1, "index": 1, "bbox": [1491, 1, 366, 60], "position": [-5.085569381713867, -2.101559638977051, -1.9732470512390137]}, {"prefab_path": "870230/hoodie09", "unique_id": 2, "index": 2, "bbox": [1666, 1, 346, 452], "position": [-2.8925726413726807, 2.0665478706359863, 2.2476930618286133]}, {"prefab_path": "MensCollection/Prefabs/Rearranged/long_coat_06", "unique_id": 3, "index": 3, "bbox": [1164, 102, 281, 85], "position": [-3.5420923233032227, 0.6689841747283936, 3.1460695266723633]}, {"prefab_path": "MensCollection/Prefabs/Rearranged/jacket_2_03", "unique_id": 4, "index": 4, "bbox": [1220, 105, 251, 34], "position": [-5.521717548370361, -1.304472804069519, 0.1491851806640625]}, {"prefab_path": "870230/hoodie09", "unique_id": 2, "index": 5, "bbox": [1194, 91, 255, 52], "position": [-4.209140777587891, 2.0665478706359863, 2.2462475299835205]}, {"prefab_path": "870230/hoodie03", "unique_id": 5, "index": 6, "bbox": [1254, 58, 288, 134], "position": [-3.9127461910247803, 2.0649635791778564, 2.242152452468872]}, {"prefab_path": "1208725/Jacket_blue", "unique_id": 6, "index": 7, "bbox": [1302, 46, 314, 96], "position": [-4.350862503051758, 0.05314898490905762, 2.216773509979248]}, {"prefab_path": "MensCollection/Prefabs/Rearranged/shirt_hung_up24", "unique_id": 7, "index": 8, "bbox": [1373, 50, 320, 112], "position": [-3.587100028991699, 1.8483309745788574, 2.2429840564727783]}, {"prefab_path": "1208725/Jacket_red", "unique_id": 8, "index": 9, "bbox": [1046, 189, 171, 53], "position": [-7.029338836669922, 2.8897008895874023, 3.063584804534912]}, {"prefab_path": "MensCollection/Prefabs/Rearranged/jacket_2_06", "unique_id": 1, "index": 10, "bbox": [1111, 150, 205, 27], "position": [-6.395569324493408, -2.10155987739563, -1.9782464504241943]}, {"prefab_path": "MensCollection/Prefabs/Rearranged/long_coat_10", "unique_id": 9, "index": 11, "bbox": [1124, 120, 261, 87], "position": [-4.562826633453369, 1.8822486400604248, 2.24345326423645]}, {"prefab_path": "MensCollection/Prefabs/Rearranged/jacket_4_05", "unique_id": 0, "index": 12, "bbox": [307, 439, 85, 62], "position": [-1.584658145904541, 1.1438989639282227, -1.692630648612976]}, {"prefab_path": "MensCollection/Prefabs/Rearranged/long_coat_06", "unique_id": 3, "index": 13, "bbox": [358, 416, 92, 91], "position": [-4.011867046356201, -0.3760160803794861, 1.361778974533081]}, {"prefab_path": "MensCollection/Prefabs/Rearranged/long_coat_10 1", "unique_id": 10, "index": 14, "bbox": [405, 423, 102, 127], "position": [-3.231762409210205, 0.36327970027923584, 2.430154800415039]}, {"prefab_path": "MensCollection/Prefabs/Rearranged/jacket_1", "unique_id": 11, "index": 15, "bbox": [1, 462, 98, 55], "position": [-3.084376335144043, -2.089653491973877, -0.9910559058189392]}, {"prefab_path": "MensCollection/Prefabs/Rearranged/jacket_4_05", "unique_id": 0, "index": 16, "bbox": [244, 472, 85, 29], "position": [-1.0694451332092285, 1.1026188135147095, -0.5463314056396484]}, {"prefab_path": "1514019/Rearranged/Jeans_Grey", "unique_id": 12, "index": 17, "bbox": [1050, 405, 224, 48], "position": [-5.106708526611328, 0.27026891708374023, 2.1709887981414795]}, {"prefab_path": "MensCollection/Prefabs/Rearranged/jacket_2_03", "unique_id": 4, "index": 18, "bbox": [211, 502, 168, 89], "position": [-6.138269424438477, -2.3494725227355957, 0.3690289258956909]}, {"prefab_path": "clothing_store/models/prefab/trousers", "unique_id": 13, "index": 19, "bbox": [1151, 410, 297, 96], "position": [-4.373917579650879, 0.23014092445373535, 2.2122232913970947]}, {"prefab_path": "MensCollection/Prefabs/Rearranged/shirt_hung_up28", "unique_id": 14, "index": 20, "bbox": [1, 549, 198, 114], "position": [-3.5813987255096436, 0.8033310174942017, 0.008345920592546463]}, {"prefab_path": "clothing_store/models/prefab/trousers_5", "unique_id": 15, "index": 21, "bbox": [1315, 430, 358, 201], "position": [-3.613412857055664, 0.23014092445373535, 2.201373815536499]}, {"prefab_path": "clothing_store/models/prefab/trousers_3", "unique_id": 16, "index": 22, "bbox": [1625, 467, 321, 398], "position": [-2.897865056991577, 0.23014092445373535, 2.189257860183716]}, {"prefab_path": "MensCollection/Prefabs/Rearranged/polo shirt 18 1", "unique_id": 17, "index": 23, "bbox": [210, 567, 221, 464], "position": [-3.70236873626709, 0.860760509967804, 0.2176688313484192]}, {"prefab_path": "clothing_store/models/prefab/sneakers_3", "unique_id": 18, "index": 24, "bbox": [1170, 715, 43, 34], "position": [-4.336514949798584, 0.03797274827957153, 2.1530990600585938]}], "relationships": {"down": {"0": [15, 20, 1], "2": [22, 14, 21], "4": [18], "5": [24, 7, 19], "6": [21, 24, 7], "8": [21, 14, 22], "9": [17, 18, 4], "11": [19, 7, 24], "12": [15], "16": [15], "19": [7, 24], "20": [15], "23": [15]}, "right": {"0": [2, 8, 6], "1": [15, 13, 22], "4": [13, 24, 7], "7": [3], "10": [4, 18, 13], "12": [16], "13": [21, 14, 22], "17": [3], "19": [3], "20": [22, 14, 21], "21": [14], "23": [22, 14, 21], "24": [3]}, "up": {"1": [0], "3": [6], "4": [0, 11, 5], "7": [19, 11, 5], "10": [0], "13": [5, 6, 11], "14": [8, 2, 6], "15": [0, 20, 23], "17": [11, 5, 9], "18": [4, 11, 9], "19": [11, 5, 6], "20": [0], "21": [8, 6, 5], "22": [2, 8, 6], "24": [19, 11, 5]}, "left": {"2": [0, 23, 20], "3": [19, 7, 24], "4": [10], "5": [0], "6": [0], "7": [4, 10, 1], "8": [0], "13": [4, 10, 1], "14": [21, 13, 23], "15": [1], "16": [12], "17": [10], "18": [10], "19": [4, 10, 1], "21": [13, 23, 20], "22": [23, 13, 20], "24": [4, 10, 1]}}}]}