{"scenes": [{"objects": [{"prefab_path": "WomensCollection/Prefabs/Rearranged/blouse_2_08 1", "unique_id": 0, "index": 0, "bbox": [772, 318, 76, 89], "position": [-4.409702777862549, 1.8430700302124023, -2.2258400917053223]}, {"prefab_path": "WomensCollection/Prefabs/Rearranged/blouse_01_17", "unique_id": 1, "index": 1, "bbox": [519, 289, 417, 216], "position": [-3.811678409576416, 1.8414487838745117, -2.2219114303588867]}, {"prefab_path": "1498649_store/Prefabs/_itog049", "unique_id": 2, "index": 2, "bbox": [770, 332, 341, 92], "position": [-4.292694091796875, 1.8418116569519043, -2.2177655696868896]}, {"prefab_path": "1498649_store/Prefabs/_itog030", "unique_id": 3, "index": 3, "bbox": [770, 346, 342, 61], "position": [-4.158693790435791, 1.8418114185333252, -2.2217652797698975]}, {"prefab_path": "WomensCollection/Prefabs/Rearranged/leather_jacket_1", "unique_id": 4, "index": 4, "bbox": [406, 296, 518, 129], "position": [-3.384678363800049, 1.8607878684997559, -2.2209110260009766]}, {"prefab_path": "WomensCollection/Prefabs/Rearranged/blouse_01_01", "unique_id": 5, "index": 5, "bbox": [1, 298, 610, 194], "position": [-2.8990888595581055, 1.841448426246643, -2.2226786613464355]}, {"prefab_path": "clothing_store/models/prefab/trousers", "unique_id": 6, "index": 6, "bbox": [776, 718, 285, 71], "position": [-4.373917579650879, 0.23014092445373535, -2.2109997272491455]}, {"prefab_path": "clothing_store/models/prefab/trousers_3", "unique_id": 7, "index": 7, "bbox": [435, 836, 167, 208], "position": [-3.613412857055664, 0.23014092445373535, -2.2209999561309814]}], "relationships": {"down": {"0": [6, 7], "1": [7, 6], "2": [6, 7], "3": [6, 7], "4": [7, 6], "5": [7]}, "up": {"6": [0, 2, 3], "7": [1, 4, 3]}}}]}