{"scenes": [{"objects": [{"prefab_path": "870230/hoodie09", "unique_id": 0, "index": 0, "bbox": [1627, 1, 334, 82], "position": [-0.5871410369873047, 2.0665478706359863, 2.2442476749420166]}, {"prefab_path": "1208725/Jacket_red", "unique_id": 1, "index": 1, "bbox": [1700, 12, 337, 123], "position": [0.37658488750457764, 2.92698073387146, 4.141339302062988]}, {"prefab_path": "1208725/Jacket_red", "unique_id": 1, "index": 2, "bbox": [1783, 1, 349, 118], "position": [0.5015848875045776, 2.926980495452881, 4.151339054107666]}, {"prefab_path": "MensCollection/Prefabs/Rearranged/jacket_3_02", "unique_id": 2, "index": 3, "bbox": [1818, 1, 377, 195], "position": [-2.2171859741210938, -2.788418769836426, -3.1178269386291504]}, {"prefab_path": "MensCollection/Prefabs/Rearranged/jacket_4_05", "unique_id": 3, "index": 4, "bbox": [1427, 99, 256, 139], "position": [-4.108154296875, 2.1888985633850098, 2.7878310680389404]}, {"prefab_path": "MensCollection/Prefabs/Rearranged/jacket_4_09", "unique_id": 4, "index": 5, "bbox": [150, 384, 40, 43], "position": [-3.8853955268859863, 0.7694786190986633, -0.26402440667152405]}, {"prefab_path": "MensCollection/Prefabs/Rearranged/jacket_2_06", "unique_id": 5, "index": 6, "bbox": [196, 385, 36, 40], "position": [0.2578420639038086, -3.146559953689575, 1.443441390991211]}, {"prefab_path": "MensCollection/Prefabs/Rearranged/long_coat_10 1", "unique_id": 6, "index": 7, "bbox": [1, 372, 347, 283], "position": [-3.2771105766296387, 0.36327970027923584, 1.9500670433044434]}, {"prefab_path": "MensCollection/Prefabs/Rearranged/polo shirt 22", "unique_id": 7, "index": 8, "bbox": [176, 424, 248, 125], "position": [-3.606607437133789, 0.860760509967804, -0.11398188769817352]}, {"prefab_path": "1208725/Jacket_blue", "unique_id": 8, "index": 9, "bbox": [61, 408, 300, 161], "position": [-4.130607604980469, -0.9918507933616638, -0.5044724345207214]}, {"prefab_path": "1514019/Rearranged/Jeans_Grey", "unique_id": 9, "index": 10, "bbox": [1361, 416, 314, 132], "position": [-1.1220009326934814, 0.27026891708374023, 2.251950979232788]}, {"prefab_path": "clothing_store/models/prefab/trousers_5", "unique_id": 10, "index": 11, "bbox": [1611, 426, 362, 307], "position": [-0.34700000286102295, 0.23014092445373535, 2.201373815536499]}, {"prefab_path": "clothing_store/models/prefab/sneakers_2", "unique_id": 11, "index": 12, "bbox": [1372, 749, 32, 49], "position": [-1.063675045967102, 0.037972792983055115, 2.1982765197753906]}], "relationships": {"right": {"0": [2, 1], "1": [2], "3": [6], "4": [1, 2], "5": [8, 10, 11], "7": [10, 12, 11], "8": [10, 11, 12], "9": [12, 11, 10]}, "left": {"0": [8, 5, 9], "1": [0, 4, 8], "2": [1, 0, 4], "6": [3, 9], "7": [5], "8": [5], "10": [5, 8, 7], "11": [5, 8, 9], "12": [5, 8, 9]}, "down": {"0": [11, 12, 10], "1": [11, 6], "2": [11, 6], "4": [7, 6], "5": [9], "8": [9], "10": [12, 6], "11": [6], "12": [6]}, "up": {"6": [11, 0, 12], "7": [4], "9": [5, 8], "10": [0], "11": [0, 1, 2], "12": [10, 0]}}}]}