{"scenes": [{"objects": [{"prefab_path": "1208725/Jacket_red", "unique_id": 0, "index": 0, "bbox": [550, 1, 364, 129], "position": [1.4095849990844727, 2.926980495452881, 4.1473388671875]}, {"prefab_path": "MensCollection/Prefabs/Rearranged/long_coat_06", "unique_id": 1, "index": 1, "bbox": [182, 1, 416, 237], "position": [0.9369075298309326, 0.6689841747283936, 3.1450695991516113]}, {"prefab_path": "MensCollection/Prefabs/Rearranged/long_coat_06", "unique_id": 1, "index": 2, "bbox": [306, 1, 413, 210], "position": [1.0649075508117676, 0.6689841747283936, 3.1470694541931152]}, {"prefab_path": "MensCollection/Prefabs/Rearranged/jacket_1", "unique_id": 2, "index": 3, "bbox": [409, 1, 403, 177], "position": [-0.8098739385604858, -1.044653296470642, 2.1298351287841797]}, {"prefab_path": "MensCollection/Prefabs/Rearranged/long_coat_06", "unique_id": 1, "index": 4, "bbox": [739, 1, 400, 265], "position": [0.19493043422698975, 0.6689841747283936, 3.026907444000244]}, {"prefab_path": "1514019/Rearranged/TShirt_White", "unique_id": 3, "index": 5, "bbox": [1273, 151, 262, 174], "position": [2.287198066711426, 1.3208255767822266, 1.9536113739013672]}, {"prefab_path": "MensCollection/Prefabs/Rearranged/dress shirt c", "unique_id": 4, "index": 6, "bbox": [1460, 144, 294, 163], "position": [2.9579999446868896, 1.6319999694824219, 1.934000015258789]}, {"prefab_path": "MensCollection/Prefabs/Rearranged/suit 1", "unique_id": 5, "index": 7, "bbox": [1621, 157, 273, 150], "position": [3.6937944889068604, 1.632286548614502, 2.0099453926086426]}, {"prefab_path": "1514019/Rearranged/Jean_Jacket", "unique_id": 6, "index": 8, "bbox": [1744, 209, 192, 139], "position": [4.417862415313721, 1.3029627799987793, 1.9377385377883911]}, {"prefab_path": "clothing_store/models/prefab/trousers", "unique_id": 7, "index": 9, "bbox": [352, 461, 327, 311], "position": [0.3689999580383301, 0.23014092445373535, 2.189257860183716]}, {"prefab_path": "1514019/Rearranged/Jeans_Blue", "unique_id": 8, "index": 10, "bbox": [818, 442, 346, 164], "position": [1.128291368484497, 0.24459731578826904, 2.251951217651367]}, {"prefab_path": "clothing_store/models/prefab/sneakers_3", "unique_id": 9, "index": 11, "bbox": [1528, 702, 85, 102], "position": [2.9600000381469727, 0.3309999704360962, 1.7599999904632568]}, {"prefab_path": "clothing_store/models/prefab/sneakers_3", "unique_id": 9, "index": 12, "bbox": [1348, 757, 30, 56], "position": [2.184000015258789, 0.3309999704360962, 1.7599999904632568]}], "relationships": {"down": {"0": [2, 1, 4], "4": [3], "5": [12, 11], "6": [11, 12], "7": [11]}, "right": {"0": [7, 8], "1": [2, 11, 8], "2": [8, 11, 5], "3": [12, 11, 8], "4": [11, 1, 2], "5": [6, 7, 8], "6": [7, 8], "7": [8], "9": [12, 10, 11], "10": [12, 11, 8], "12": [11, 8]}, "up": {"1": [0], "2": [0], "3": [4, 0], "4": [0], "9": [0], "10": [0], "11": [6, 5, 7], "12": [5, 6]}, "left": {"1": [4], "2": [1, 4], "5": [4, 1, 2], "6": [5, 4, 1], "7": [6, 5, 1], "8": [7, 6, 2], "10": [9, 4], "11": [10, 12, 4], "12": [10, 9, 4]}}}]}