{"scenes": [{"objects": [{"prefab_path": "WomensCollection/Prefabs/Rearranged/leather_jacket_1_20", "unique_id": 0, "index": 0, "bbox": [926, 114, 327, 154], "position": [2.9570000171661377, 2.4133388996124268, 2.2980000972747803]}, {"prefab_path": "WomensCollection/Prefabs/Rearranged/blouse_2_07", "unique_id": 1, "index": 1, "bbox": [1102, 181, 270, 82], "position": [2.9345860481262207, 2.421708583831787, 2.393890142440796]}, {"prefab_path": "MensCollection/Prefabs/Rearranged/polo shirt 48", "unique_id": 2, "index": 2, "bbox": [1196, 476, 225, 80], "position": [4.290999889373779, 1.6013116836547852, 2.312999963760376]}, {"prefab_path": "MensCollection/Prefabs/Rearranged/vest03", "unique_id": 3, "index": 3, "bbox": [1090, 461, 306, 92], "position": [3.58859920501709, 1.533913016319275, 2.2859413623809814]}, {"prefab_path": "1208725/Jacket_blue", "unique_id": 4, "index": 4, "bbox": [903, 454, 415, 163], "position": [2.8756847381591797, -0.2512996196746826, 2.8541836738586426]}, {"prefab_path": "MensCollection/Prefabs/Rearranged/sweater_folded74", "unique_id": 5, "index": 5, "bbox": [1280, 802, 56, 119], "position": [4.336914539337158, 0.8036502003669739, 1.9639487266540527]}, {"prefab_path": "WomensCollection/Prefabs/Rearranged/shirt_6_03", "unique_id": 6, "index": 6, "bbox": [1194, 863, 69, 140], "position": [3.741041660308838, 0.7826354503631592, 1.9757846593856812]}, {"prefab_path": "MensCollection/Prefabs/Rearranged/folded polo shirt34", "unique_id": 7, "index": 7, "bbox": [1235, 828, 74, 142], "position": [4.03652286529541, 0.8029537796974182, 1.8620684146881104]}, {"prefab_path": "MensCollection/Prefabs/Rearranged/shirt_9", "unique_id": 8, "index": 8, "bbox": [1440, 844, 59, 134], "position": [4.336751461029053, 0.7826411724090576, 1.4909249544143677]}, {"prefab_path": "MensCollection/Prefabs/Rearranged/shirt_folded_1_09", "unique_id": 9, "index": 9, "bbox": [1149, 906, 61, 142], "position": [3.4453139305114746, 0.757389485836029, 1.9839997291564941]}, {"prefab_path": "WomensCollection/Prefabs/Rearranged/sweater_folded63", "unique_id": 10, "index": 10, "bbox": [1402, 865, 97, 164], "position": [4.037914752960205, 0.8044437170028687, 1.4964420795440674]}, {"prefab_path": "MensCollection/Prefabs/Rearranged/sweater_folded29", "unique_id": 11, "index": 11, "bbox": [1078, 932, 71, 172], "position": [3.1449692249298096, 0.8041285276412964, 1.9767570495605469]}, {"prefab_path": "WomensCollection/Prefabs/Rearranged/shirt_2_05", "unique_id": 12, "index": 12, "bbox": [1355, 967, 36, 134], "position": [3.4392690658569336, 0.7826354503631592, 1.4668112993240356]}, {"prefab_path": "WomensCollection/Prefabs/Rearranged/sweater_folded09", "unique_id": 13, "index": 13, "bbox": [1370, 898, 105, 173], "position": [3.75, 0.8045907020568848, 1.500999927520752]}], "relationships": {"left": {"0": [1], "5": [4], "7": [6, 9, 4], "8": [7, 6, 9], "10": [6, 9, 11], "12": [11], "13": [9, 11, 4]}, "down": {"0": [11, 9, 4], "1": [11, 4, 9], "2": [5, 7, 6], "3": [9, 6, 11]}, "right": {"1": [0], "3": [8], "4": [8, 10, 7], "6": [10, 8, 7], "7": [8], "9": [13, 10, 8], "11": [12, 13, 10]}, "up": {"4": [1, 0, 3], "5": [2], "6": [3, 2, 0], "7": [2, 0], "9": [3, 0, 1], "11": [0, 1, 3], "12": [0, 1], "13": [0, 1]}}}]}