{"scenes": [{"objects": [{"prefab_path": "870230/hoodie04", "unique_id": 0, "index": 0, "bbox": [68, 64, 257, 132], "position": [-3.8070220947265625, 2.065037488937378, 2.242638111114502]}, {"prefab_path": "MensCollection/Prefabs/Rearranged/long_coat_12", "unique_id": 1, "index": 1, "bbox": [5, 41, 318, 222], "position": [-3.5212173461914062, 0.4726710319519043, 1.4154016971588135]}, {"prefab_path": "MensCollection/Prefabs/Rearranged/jacket_1", "unique_id": 2, "index": 2, "bbox": [251, 94, 257, 74], "position": [-4.581873893737793, -1.044653296470642, 2.1308350563049316]}, {"prefab_path": "MensCollection/Prefabs/Rearranged/long_coat_10", "unique_id": 3, "index": 3, "bbox": [204, 55, 303, 120], "position": [-3.499826431274414, 1.8822486400604248, 2.246453046798706]}, {"prefab_path": "1208725/Jacket_gray", "unique_id": 4, "index": 4, "bbox": [395, 87, 243, 177], "position": [-3.4990832805633545, 0.05311131477355957, 1.7012073993682861]}, {"prefab_path": "MensCollection/Prefabs/Rearranged/shirt with vest 1", "unique_id": 5, "index": 5, "bbox": [1804, 1, 464, 314], "position": [0.2989054322242737, 1.6516947746276855, -0.025720469653606415]}, {"prefab_path": "1514019/Rearranged/Jean_Jacket_2", "unique_id": 6, "index": 6, "bbox": [903, 1, 513, 527], "position": [1.4899333715438843, 1.2588186264038086, -0.01151353120803833]}, {"prefab_path": "MensCollection/Prefabs/Rearranged/jacket_2_03", "unique_id": 7, "index": 7, "bbox": [1425, 179, 149, 24], "position": [3.190814733505249, -1.304472804069519, 0.8032832145690918]}, {"prefab_path": "MensCollection/Prefabs/Rearranged/shirt_mannequin_1_02", "unique_id": 8, "index": 8, "bbox": [1445, 1, 512, 399], "position": [-0.4150432348251343, 1.664883017539978, -0.026473164558410645]}, {"prefab_path": "1514019/Rearranged/Jeans_Blue_V2", "unique_id": 9, "index": 9, "bbox": [1, 394, 298, 79], "position": [-4.373626708984375, 1.0603033304214478, 2.217106819152832]}, {"prefab_path": "clothing_store/models/prefab/trousers_3", "unique_id": 10, "index": 10, "bbox": [183, 387, 285, 180], "position": [-3.613412857055664, 0.23014092445373535, 2.201373815536499]}, {"prefab_path": "clothing_store/models/prefab/trousers_5", "unique_id": 11, "index": 11, "bbox": [430, 383, 267, 166], "position": [-2.897865056991577, 0.23014092445373535, 2.189257860183716]}, {"prefab_path": "clothing_store/models/prefab/sneakers_5", "unique_id": 12, "index": 12, "bbox": [491, 662, 47, 107], "position": [-2.841846466064453, 0.037972792983055115, 2.176609992980957]}, {"prefab_path": "1514019/Rearranged/Sneakers_3", "unique_id": 13, "index": 13, "bbox": [230, 686, 56, 138], "position": [-3.5766937732696533, 0.9197296500205994, 2.1382510662078857]}, {"prefab_path": "1514019/Rearranged/Shoes_Preppy", "unique_id": 14, "index": 14, "bbox": [1184, 736, 52, 93], "position": [-1.0362828969955444, 0.8909181952476501, 1.0086054801940918]}], "relationships": {"down": {"0": [13, 10, 4], "3": [13, 10, 4], "9": [2], "10": [2], "11": [12], "13": [10, 4, 2]}, "right": {"0": [3, 6, 5], "1": [14, 6, 5], "2": [7, 12, 14], "3": [14, 6, 5], "4": [14, 6, 7], "5": [6], "8": [5, 6], "9": [13, 14, 6], "10": [11, 12, 14], "11": [14, 6, 7], "12": [14, 7, 6], "13": [14, 6, 5], "14": [6, 5, 7]}, "up": {"1": [3, 0], "2": [9, 0, 10], "4": [3, 13, 0], "9": [0], "10": [13, 3, 0], "11": [3, 0], "12": [11, 3, 0], "13": [3, 0]}, "left": {"3": [0], "5": [8, 14, 9], "6": [5, 14, 8], "7": [2, 12, 11], "8": [1, 9, 0], "11": [10, 9], "12": [10, 9, 2], "13": [9], "14": [9, 1, 13]}}}]}