{"scenes": [{"objects": [{"prefab_path": "MensCollection/Prefabs/Rearranged/shirt_hung_up10", "unique_id": 0, "index": 0, "bbox": [341, 237, 289, 207], "position": [4.857015609741211, 2.327331066131592, -7.29610013961792]}, {"prefab_path": "1514019/Rearranged/Jeans_Grey", "unique_id": 1, "index": 1, "bbox": [689, 6, 782, 739], "position": [3.2727091312408447, 1.6981279850006104, -5.106883525848389]}, {"prefab_path": "clothing_store/models/prefab/T_shirt_4", "unique_id": 2, "index": 2, "bbox": [1394, 283, 222, 81], "position": [1.2599999904632568, 1.8120002746582031, -7.293000221252441]}, {"prefab_path": "MensCollection/Prefabs/Rearranged/polo shirt 36", "unique_id": 3, "index": 3, "bbox": [1532, 307, 171, 117], "position": [0.37191110849380493, 2.2927606105804443, -7.2926788330078125]}, {"prefab_path": "1208725/Jacket_gray", "unique_id": 4, "index": 4, "bbox": [1701, 298, 186, 113], "position": [-1.2057585716247559, 0.4401116371154785, -7.82962703704834]}, {"prefab_path": "MensCollection/Prefabs/Rearranged/jacket_3_02", "unique_id": 5, "index": 5, "bbox": [1801, 477, 26, 33], "position": [-3.0301859378814697, -3.3274190425872803, -12.650827407836914]}, {"prefab_path": "1514019/Rearranged/Jeans_Grey", "unique_id": 1, "index": 6, "bbox": [1827, 129, 659, 270], "position": [2.435708999633789, 1.6981279850006104, -5.106883525848389]}, {"prefab_path": "1208725/Jacket_gray", "unique_id": 4, "index": 7, "bbox": [1627, 492, 210, 166], "position": [-0.9416265487670898, -0.4858884811401367, -6.681241989135742]}, {"prefab_path": "MensCollection/Prefabs/Rearranged/long_coat_12", "unique_id": 6, "index": 8, "bbox": [1686, 471, 230, 137], "position": [-0.1992175579071045, -0.0663290023803711, -8.111598014831543]}, {"prefab_path": "MensCollection/Prefabs/Rearranged/jacket_2_03", "unique_id": 7, "index": 9, "bbox": [1735, 479, 207, 122], "position": [-2.237717390060425, -1.8434724807739258, -9.382814407348633]}, {"prefab_path": "clothing_store/models/prefab/trousers", "unique_id": 8, "index": 10, "bbox": [1028, 498, 257, 61], "position": [2.6599998474121094, 0.8420000076293945, -7.349999904632568]}, {"prefab_path": "1514019/Rearranged/Jeans_Blue_V4", "unique_id": 9, "index": 11, "bbox": [306, 529, 259, 156], "position": [5.1037092208862305, 0.8563895225524902, -7.354883193969727]}, {"prefab_path": "1514019/Rearranged/Jeans_Grey", "unique_id": 1, "index": 12, "bbox": [598, 525, 263, 119], "position": [4.266709327697754, 0.8821280002593994, -7.354883193969727]}], "relationships": {"right": {"0": [3, 2, 10], "1": [6], "2": [3, 4], "8": [4], "10": [2, 4, 7], "11": [12, 10, 2], "12": [10, 2, 7]}, "down": {"0": [11, 12], "3": [8, 7]}, "left": {"2": [0, 10, 12], "3": [2, 0, 10], "4": [8, 10, 12], "6": [1, 0, 11], "7": [10, 12, 11], "8": [10, 12, 11], "9": [12, 11], "10": [12, 11, 0], "12": [11]}, "up": {"8": [3], "11": [0], "12": [0], "7": [3]}}}]}