{"scenes": [{"objects": [{"prefab_path": "MensCollection/Prefabs/Rearranged/jacket_4_09", "unique_id": 0, "index": 0, "bbox": [258, 32, 315, 115], "position": [-0.37658900022506714, 2.3527557849884033, -2.885072708129883]}, {"prefab_path": "WomensCollection/Prefabs/Rearranged/blouse_2_1", "unique_id": 1, "index": 1, "bbox": [1058, 239, 17, 17], "position": [2.550840139389038, 2.3340697288513184, -7.284702777862549]}, {"prefab_path": "1498649_store/Prefabs/_itog011", "unique_id": 2, "index": 2, "bbox": [399, 237, 112, 42], "position": [6.389135360717773, 2.2365314960479736, -1.6769241094589233]}, {"prefab_path": "MensCollection/Prefabs/Rearranged/jacket_2_03", "unique_id": 3, "index": 3, "bbox": [449, 249, 91, 65], "position": [7.658295154571533, -0.8103861808776855, -0.09631109237670898]}, {"prefab_path": "WomensCollection/Prefabs/Rearranged/dress_6_08", "unique_id": 4, "index": 4, "bbox": [861, 283, 29, 6], "position": [1.4121928215026855, 1.7303247451782227, -5.1968159675598145]}, {"prefab_path": "WomensCollection/Prefabs/Rearranged/blouse_01_55", "unique_id": 5, "index": 5, "bbox": [1035, 247, 7, 2], "position": [3.0529110431671143, 2.3414487838745117, -7.2926788330078125]}, {"prefab_path": "MensCollection/Prefabs/Rearranged/jacket_3_02", "unique_id": 6, "index": 6, "bbox": [1121, 219, 131, 61], "position": [6.620826721191406, -2.401418924331665, -9.314186096191406]}, {"prefab_path": "WomensCollection/Prefabs/Rearranged/leather_jacket_1_08", "unique_id": 7, "index": 7, "bbox": [1205, 219, 128, 65], "position": [0.37191110849380493, 2.2477879524230957, -7.2926788330078125]}, {"prefab_path": "WomensCollection/Prefabs/Rearranged/blouse_2_1", "unique_id": 1, "index": 8, "bbox": [1333, 191, 162, 87], "position": [-0.5991599559783936, 2.230069875717163, -7.284702777862549]}, {"prefab_path": "MensCollection/Prefabs/Rearranged/shirt_hung_up", "unique_id": 8, "index": 9, "bbox": [1759, 120, 272, 125], "position": [-2.3699841499328613, 2.2353310585021973, -7.288100242614746]}, {"prefab_path": "WomensCollection/Prefabs/Rearranged/leather_jacket_1_08", "unique_id": 7, "index": 10, "bbox": [519, 265, 70, 54], "position": [6.281561851501465, 2.296600341796875, -2.9199414253234863]}, {"prefab_path": "WomensCollection/Prefabs/Rearranged/blouse_2_08", "unique_id": 9, "index": 11, "bbox": [581, 266, 71, 42], "position": [6.34861421585083, 2.3280415534973145, -2.3793110847473145]}, {"prefab_path": "WomensCollection/Prefabs/Rearranged/dress_4_11", "unique_id": 10, "index": 12, "bbox": [747, 305, 21, 4], "position": [3.5490617752075195, 1.6313952207565308, -4.766300201416016]}, {"prefab_path": "WomensCollection/Prefabs/Rearranged/dress_4_08", "unique_id": 11, "index": 13, "bbox": [754, 298, 16, 28], "position": [3.2138900756835938, 1.6482043266296387, -4.867617607116699]}, {"prefab_path": "WomensCollection/Prefabs/Rearranged/hanging_dress_1", "unique_id": 12, "index": 14, "bbox": [801, 296, 22, 4], "position": [3.363208770751953, 1.8883450031280518, -5.113309860229492]}, {"prefab_path": "1208725/Jacket_blue", "unique_id": 13, "index": 15, "bbox": [869, 304, 32, 14], "position": [-0.8518625497817993, -0.16985058784484863, -4.767226696014404]}, {"prefab_path": "MensCollection/Prefabs/Rearranged/long_coat_10", "unique_id": 14, "index": 16, "bbox": [388, 341, 101, 69], "position": [6.298709392547607, 1.349130392074585, -1.6792179346084595]}, {"prefab_path": "WomensCollection/Prefabs/Rearranged/blouse_2_07", "unique_id": 15, "index": 17, "bbox": [464, 354, 73, 49], "position": [6.255611896514893, 1.3360388278961182, -1.5971589088439941]}, {"prefab_path": "1498649_store/Prefabs/_itog045", "unique_id": 16, "index": 18, "bbox": [524, 349, 80, 56], "position": [6.281577110290527, 1.308693289756775, -2.9190871715545654]}, {"prefab_path": "WomensCollection/Prefabs/Rearranged/leather_jacket_1_17", "unique_id": 17, "index": 19, "bbox": [585, 354, 67, 51], "position": [6.281636714935303, 1.3294702768325806, -3.5239017009735107]}, {"prefab_path": "WomensCollection/Prefabs/Rearranged/dress2_29", "unique_id": 18, "index": 20, "bbox": [737, 310, 174, 20], "position": [1.6376042366027832, 1.4926741123199463, -4.4678120613098145]}, {"prefab_path": "WomensCollection/Prefabs/Rearranged/dress_6_04", "unique_id": 19, "index": 21, "bbox": [729, 314, 118, 10], "position": [3.5541839599609375, 1.579324722290039, -4.615816116333008]}, {"prefab_path": "WomensCollection/Prefabs/Rearranged/dress_4_16", "unique_id": 20, "index": 22, "bbox": [710, 317, 126, 15], "position": [3.57499361038208, 1.5484353303909302, -4.467875003814697]}, {"prefab_path": "WomensCollection/Prefabs/Rearranged/dress_3_", "unique_id": 21, "index": 23, "bbox": [782, 296, 167, 12], "position": [1.6120615005493164, 1.626293420791626, -4.765816688537598]}, {"prefab_path": "WomensCollection/Prefabs/Rearranged/hanging_dress_1_12", "unique_id": 22, "index": 24, "bbox": [762, 307, 158, 20], "position": [1.618322491645813, 1.737345576286316, -4.700351715087891]}, {"prefab_path": "WomensCollection/Prefabs/Rearranged/dress2_", "unique_id": 23, "index": 25, "bbox": [743, 301, 142, 41], "position": [3.0756044387817383, 1.6063772439956665, -4.870816230773926]}, {"prefab_path": "WomensCollection/Prefabs/Rearranged/dress_3_", "unique_id": 21, "index": 26, "bbox": [781, 291, 175, 53], "position": [1.2656041383743286, 1.6472933292388916, -4.870358943939209]}, {"prefab_path": "WomensCollection/Prefabs/Rearranged/dress_6_05", "unique_id": 24, "index": 27, "bbox": [801, 302, 132, 34], "position": [1.1386045217514038, 1.5993242263793945, -4.873236656188965]}, {"prefab_path": "870230/hoodie03", "unique_id": 25, "index": 28, "bbox": [1000, 307, 133, 123], "position": [-1.0747461318969727, 1.841963768005371, -5.271847724914551]}, {"prefab_path": "WomensCollection/Prefabs/Rearranged/leather_jacket_1_04", "unique_id": 26, "index": 29, "bbox": [349, 354, 173, 54], "position": [0.24349232017993927, 1.4859426021575928, -2.787947177886963]}, {"prefab_path": "1498649_store/Prefabs/_itog026", "unique_id": 27, "index": 30, "bbox": [827, 259, 306, 131], "position": [-0.7168020606040955, 1.5194456577301025, -4.742535591125488]}, {"prefab_path": "WomensCollection/Prefabs/Rearranged/blouse_01_07", "unique_id": 28, "index": 31, "bbox": [814, 320, 184, 93], "position": [-0.5106785893440247, 1.6184489727020264, -4.7419114112854]}, {"prefab_path": "WomensCollection/Prefabs/Rearranged/blouse_01_62", "unique_id": 29, "index": 32, "bbox": [867, 316, 237, 164], "position": [-1.2836785316467285, 1.6184489727020264, -4.7419114112854]}, {"prefab_path": "1498649_store/Prefabs/_itog038", "unique_id": 30, "index": 33, "bbox": [855, 296, 258, 142], "position": [-1.0836938619613647, 1.6188119649887085, -4.742765426635742]}, {"prefab_path": "WomensCollection/Prefabs/Rearranged/blouse_01_01", "unique_id": 31, "index": 34, "bbox": [1027, 317, 220, 78], "position": [-1.283678412437439, 1.6184487342834473, -5.275911331176758]}, {"prefab_path": "WomensCollection/Prefabs/Rearranged/blouse_2_08 1", "unique_id": 32, "index": 35, "bbox": [1077, 307, 253, 116], "position": [-1.4847025871276855, 1.620070219039917, -5.274840354919434]}, {"prefab_path": "1498649_store/Prefabs/_itog011", "unique_id": 2, "index": 36, "bbox": [1293, 341, 216, 77], "position": [-0.4018019735813141, 1.2034454345703125, -7.2895355224609375]}, {"prefab_path": "1498649_store/Prefabs/_itog022", "unique_id": 33, "index": 37, "bbox": [316, 356, 278, 84], "position": [-0.3977389335632324, 1.4090229272842407, -2.898298740386963]}, {"prefab_path": "1498649_store/Prefabs/_itog045", "unique_id": 16, "index": 38, "bbox": [1313, 369, 171, 87], "position": [-0.5996938943862915, 1.302811622619629, -7.289765357971191]}, {"prefab_path": "WomensCollection/Prefabs/Rearranged/blouse_01_01", "unique_id": 31, "index": 39, "bbox": [1386, 391, 159, 91], "position": [-1.008678674697876, 1.3024485111236572, -7.28891134262085]}, {"prefab_path": "1498649_store/Prefabs/_itog031", "unique_id": 34, "index": 40, "bbox": [227, 363, 359, 117], "position": [-0.9989127516746521, 1.4086934328079224, -2.898423194885254]}, {"prefab_path": "WomensCollection/Prefabs/Rearranged/blouse_2_07 1", "unique_id": 35, "index": 41, "bbox": [91, 401, 424, 150], "position": [-1.6169480085372925, 1.4099516868591309, -2.9066240787506104]}, {"prefab_path": "870230/hoodie04", "unique_id": 36, "index": 42, "bbox": [1, 463, 452, 136], "position": [-2.2395970821380615, 1.631919264793396, -2.901094675064087]}, {"prefab_path": "MensCollection/Prefabs/Rearranged/folded polo shirt00", "unique_id": 37, "index": 43, "bbox": [1564, 782, 133, 320], "position": [-3.2529115676879883, 1.4526302814483643, -4.821324825286865]}], "relationships": {"right": {"0": [9, 28, 33], "2": [11, 10, 19], "3": [18, 19, 6], "4": [7, 36, 38], "10": [5, 1, 14], "11": [10, 5, 1], "12": [14, 1, 5], "13": [1, 5, 7], "14": [1, 5, 7], "15": [39], "16": [18, 19, 5], "17": [18, 19, 5], "18": [19, 5, 12], "19": [5, 1], "20": [23, 4, 26], "21": [12, 13, 14], "22": [21, 12, 13], "23": [4, 7, 36], "24": [4, 7, 36], "25": [1, 5, 7], "26": [7, 36, 38], "27": [7, 36, 38], "28": [9, 39, 8], "29": [31, 30, 39], "30": [34, 28, 35], "31": [28, 34, 39], "32": [35, 34, 9], "33": [34, 35, 28], "34": [9, 39], "35": [9, 39], "37": [33, 34, 35], "40": [32, 35, 33], "41": [43, 32, 35], "42": [43, 9]}, "down": {"0": [37, 40], "32": [15], "2": [17, 16], "33": [15], "34": [15], "35": [15], "7": [36], "8": [38, 39, 36], "10": [18, 19], "11": [18, 16, 17], "24": [23], "28": [34, 15], "30": [15], "31": [15]}, "left": {"1": [14, 12, 13], "4": [24, 23, 20], "5": [14, 12, 21], "6": [3, 16, 17], "7": [24, 4, 26], "8": [27, 31, 26], "9": [0, 35, 32], "10": [11, 2], "11": [2], "12": [21, 22, 17], "13": [22, 21, 17], "14": [12, 21, 22], "18": [16, 17, 3], "19": [18, 16, 17], "20": [3], "21": [22, 17, 16], "22": [17, 16, 2], "23": [20, 17, 16], "24": [17, 16, 3], "25": [22, 17, 16], "26": [20, 17, 16], "27": [20, 17, 3], "28": [33, 30, 31], "30": [29, 37, 0], "31": [29, 37, 0], "32": [37, 40, 29], "33": [37, 29, 40], "34": [33, 32, 37], "35": [32, 33, 37], "36": [27, 26, 20], "38": [27, 29, 31], "39": [29, 31, 30], "43": [42, 41, 40]}, "up": {"34": [28], "36": [8, 7], "37": [0], "38": [8], "39": [8], "40": [0], "15": [31, 30, 33], "16": [2, 11], "17": [2, 11], "18": [10, 11], "19": [10], "23": [24]}}}]}