{"Items":[{"name":"hanging_dress_1_20(Clone)","prefabPath":"WomensCollection/Prefabs/Rearranged/hanging_dress_1_20","bbox":[1188,758,245,407],"position":[2.664604663848877,1.1339671611785889,-0.13949349522590638]},{"name":"dress_4_11(Clone)","prefabPath":"WomensCollection/Prefabs/Rearranged/dress_4_11","bbox":[1482,939,64,64],"position":[2.6899993419647219,0.8820168972015381,-0.4295240044593811]},{"name":"hanging_dress_1(Clone)","prefabPath":"WomensCollection/Prefabs/Rearranged/hanging_dress_1","bbox":[1630,890,113,124],"position":[2.9984641075134279,0.9539666771888733,-0.12423799932003021]},{"name":"dress_4_(Clone)","prefabPath":"WomensCollection/Prefabs/Rearranged/dress_4_","bbox":[1171,678,325,56],"position":[2.5152857303619386,0.8938260078430176,0.10619890689849854]},{"name":"dress2_(Clone)","prefabPath":"WomensCollection/Prefabs/Rearranged/dress2_","bbox":[1098,690,313,59],"position":[2.377000093460083,0.851999044418335,0.10299999266862869]},{"name":"dress_4_08(Clone)","prefabPath":"WomensCollection/Prefabs/Rearranged/dress_4_08","bbox":[1288,674,68,125],"position":[2.861198902130127,0.8288259506225586,0.34671416878700259]},{"name":"dress2_29(Clone)","prefabPath":"WomensCollection/Prefabs/Rearranged/dress2_29","bbox":[1253,687,85,139],"position":[2.875999927520752,0.73829585313797,0.5060044527053833]},{"name":"dress_4_08(Clone)","prefabPath":"WomensCollection/Prefabs/Rearranged/dress_4_08","bbox":[1003,721,282,37],"position":[2.229285717010498,0.804826021194458,0.10619890689849854]},{"name":"dress_4_(Clone)","prefabPath":"WomensCollection/Prefabs/Rearranged/dress_4_","bbox":[1306,681,322,231],"position":[2.853199005126953,0.8728259801864624,0.19671417772769929]},{"name":"polo shirt 04(Clone)","prefabPath":"MensCollection/Prefabs/Rearranged/polo shirt 04","bbox":[1345,359,221,164],"position":[3.5940001010894777,1.544778823852539,2.312999963760376]},{"name":"leather_jacket_1_17(Clone)","prefabPath":"WomensCollection/Prefabs/Rearranged/leather_jacket_1_17","bbox":[1162,383,182,143],"position":[2.9010000228881838,1.5563387870788575,2.312999963760376]},{"name":"jacket_2_06(Clone)","prefabPath":"MensCollection/Prefabs/Rearranged/jacket_2_06","bbox":[1536,363,243,183],"position":[0.07466411590576172,-2.406008243560791,4.05088996887207]},{"name":"jacket_4_09(Clone)","prefabPath":"MensCollection/Prefabs/Rearranged/jacket_4_09","bbox":[1550,83,293,211],"position":[4.331303596496582,2.367030143737793,2.329209804534912]},{"name":"skirt_2_07(Clone)","prefabPath":"WomensCollection/Prefabs/Rearranged/skirt_2_07","bbox":[1396,125,219,134],"position":[3.6404449939727785,2.2896203994750978,2.312999725341797]},{"name":"long_coat_12(Clone)","prefabPath":"MensCollection/Prefabs/Rearranged/long_coat_12","bbox":[1182,89,295,171],"position":[2.1343131065368654,1.0252225399017335,1.897538661956787]},{"name":"sweater_folded12(Clone)","prefabPath":"WomensCollection/Prefabs/Rearranged/sweater_folded12","bbox":[1606,690,59,152],"position":[4.336999893188477,0.8041123747825623,1.9679999351501465]},{"name":"shirt_6_03(Clone)","prefabPath":"WomensCollection/Prefabs/Rearranged/shirt_6_03","bbox":[1522,690,48,126],"position":[4.037703037261963,0.7821571230888367,1.968921422958374]},{"name":"shirt_14(Clone)","prefabPath":"MensCollection/Prefabs/Rearranged/shirt_14","bbox":[1710,752,67,174],"position":[4.336751461029053,0.7826411724090576,1.4909249544143677]},{"name":"sweater_folded64(Clone)","prefabPath":"WomensCollection/Prefabs/Rearranged/sweater_folded64","bbox":[1586,741,73,187],"position":[4.037914752960205,0.8044437170028687,1.4964420795440674]},{"name":"folded polo shirt00(Clone)","prefabPath":"MensCollection/Prefabs/Rearranged/folded polo shirt00","bbox":[1497,737,70,156],"position":[3.7485222816467287,0.8034321069717407,1.3910683393478394]},{"name":"shirt_1(Clone)","prefabPath":"MensCollection/Prefabs/Rearranged/shirt_1","bbox":[1266,681,38,91],"position":[3.145132303237915,0.7826411724090576,1.975780725479126]},{"name":"sweater_folded06(Clone)","prefabPath":"WomensCollection/Prefabs/Rearranged/sweater_folded06","bbox":[1184,669,52,88],"position":[2.846571683883667,0.8045907020568848,1.9611036777496338]},{"name":"sweater_folded74(Clone)","prefabPath":"MensCollection/Prefabs/Rearranged/sweater_folded74","bbox":[1431,686,44,119],"position":[3.7408299446105959,0.8041285276412964,1.976757287979126]},{"name":"shirt_folded_1_14(Clone)","prefabPath":"MensCollection/Prefabs/Rearranged/shirt_folded_1_14","bbox":[1348,692,24,103],"position":[3.4453139305114748,0.757389485836029,1.9839997291564942]},{"name":"shirt_folded_1_15(Clone)","prefabPath":"MensCollection/Prefabs/Rearranged/shirt_folded_1_15","bbox":[1221,714,78,68],"position":[2.8451755046844484,0.757389485836029,1.4668148756027222]},{"name":"blouse_01_60(Clone)","prefabPath":"WomensCollection/Prefabs/Rearranged/blouse_01_60","bbox":[628,297,183,48],"position":[0.5783213973045349,1.841448426246643,2.244088649749756]},{"name":"jacket_2_06(Clone)","prefabPath":"MensCollection/Prefabs/Rearranged/jacket_2_06","bbox":[1,682,321,259],"position":[-4.14750337600708,-3.146559000015259,-1.2828181982040406]},{"name":"Jeans_Blue_V2(Clone)","prefabPath":"1514019/Rearranged/Jeans_Blue_V2","bbox":[753,537,234,90],"position":[1.128291130065918,1.0603034496307374,2.251951217651367]},{"name":"blouse_01_60(Clone)","prefabPath":"WomensCollection/Prefabs/Rearranged/blouse_01_60","bbox":[361,300,174,60],"position":[-0.596678614616394,1.841448426246643,2.243088722229004]},{"name":"leather_jacket_1_20(Clone)","prefabPath":"WomensCollection/Prefabs/Rearranged/leather_jacket_1_20","bbox":[535,294,186,46],"position":[0.1513213962316513,1.8607873916625977,2.243088722229004]},{"name":"skirt_3_01(Clone)","prefabPath":"WomensCollection/Prefabs/Rearranged/skirt_3_01","bbox":[1,815,186,80],"position":[0.2671731412410736,0.722305417060852,0.0013536252081394196]},{"name":"skirt_3_13(Clone)","prefabPath":"WomensCollection/Prefabs/Rearranged/skirt_3_13","bbox":[733,283,205,105],"position":[1.0882190465927125,1.767305612564087,2.2413218021392824]},{"name":"leather_jacket_1(Clone)","prefabPath":"WomensCollection/Prefabs/Rearranged/leather_jacket_1","bbox":[564,294,187,72],"position":[0.27932143211364748,1.8607878684997559,2.245088577270508]},{"name":"blouse_01_07(Clone)","prefabPath":"WomensCollection/Prefabs/Rearranged/blouse_01_07","bbox":[1,759,244,203],"position":[0.2332884818315506,0.7964487671852112,0.09451651573181153]},{"name":"_itog029(Clone)","prefabPath":"1498649_store/Prefabs/_itog029","bbox":[261,284,198,80],"position":[-1.1037654876708985,1.8418116569519044,2.2406933307647707]},{"name":"sneakers_5(Clone)","prefabPath":"clothing_store/models/prefab/sneakers_5","bbox":[465,772,30,26],"position":[-0.33875060081481936,0.03797277808189392,2.1859521865844728]},{"name":"trousers_5(Clone)","prefabPath":"clothing_store/models/prefab/trousers_5","bbox":[1,514,199,40],"position":[-2.897865056991577,0.23014092445373536,2.189257860183716]},{"name":"Jacket_red(Clone)","prefabPath":"1208725/Jacket_red","bbox":[37,693,57,45],"position":[1.642374038696289,1.8819808959960938,1.6224184036254883]},{"name":"trousers(Clone)","prefabPath":"clothing_store/models/prefab/trousers","bbox":[285,521,215,87],"position":[-1.1222920417785645,0.2301410436630249,2.24706768989563]},{"name":"_itog045(Clone)","prefabPath":"1498649_store/Prefabs/_itog045","bbox":[423,283,213,52],"position":[-0.3296937048435211,1.8418114185333253,2.247234582901001]},{"name":"Shoes_Preppy(Clone)","prefabPath":"1514019/Rearranged/Shoes_Preppy","bbox":[610,784,33,82],"position":[-0.29187464714050295,0.9293829202651978,2.149195671081543]},{"name":"Jeans_Blue_V2(Clone)","prefabPath":"1514019/Rearranged/Jeans_Blue_V2","bbox":[579,535,231,91],"position":[0.3692910075187683,1.0603033304214478,2.194141387939453]},{"name":"skirt_1_05(Clone)","prefabPath":"WomensCollection/Prefabs/Rearranged/skirt_1_05","bbox":[400,283,209,87],"position":[-0.45467859506607058,1.798609972000122,2.2466938495635988]},{"name":"Jacket_gray(Clone)","prefabPath":"1208725/Jacket_gray","bbox":[459,283,213,46],"position":[-0.7326265573501587,0.05311131477355957,2.8517582416534426]},{"name":"leather_jacket_1_04(Clone)","prefabPath":"WomensCollection/Prefabs/Rearranged/leather_jacket_1_04","bbox":[597,294,188,62],"position":[0.42432141304016116,1.8607873916625977,2.242088794708252]},{"name":"trousers_3(Clone)","prefabPath":"clothing_store/models/prefab/trousers_3","bbox":[429,528,224,97],"position":[-0.34700000286102297,0.23014092445373536,2.201373815536499]},{"name":"camera","prefabPath":"camera","bbox":[-1,-1,-1,-1],"position":[2.294304370880127,2.0,-1.2169299125671387]},{"name":"camera_right","prefabPath":"camera","bbox":[-1,-1,-1,-1],"position":[0.9876883625984192,0.0,0.15643447637557984]},{"name":"camera_forward","prefabPath":"camera","bbox":[-1,-1,-1,-1],"position":[-0.15450850129127503,-0.15643447637557984,0.9755282402038574]},{"name":"camera_up","prefabPath":"camera","bbox":[-1,-1,-1,-1],"position":[-0.024471744894981386,0.9876883625984192,0.15450850129127503]}]}