{"scenes": [{"objects": [{"prefab_path": "WomensCollection/Prefabs/Rearranged/suit_hanging10", "unique_id": 0, "index": 0, "bbox": [122, 1, 464, 323], "position": [4.862539768218994, 2.296475410461426, -7.344221591949463]}, {"prefab_path": "MensCollection/Prefabs/Rearranged/shirt_hung_up28 1", "unique_id": 1, "index": 1, "bbox": [1056, 1, 460, 287], "position": [3.0534377098083496, 2.3502020835876465, -7.288100242614746]}, {"prefab_path": "1498649_store/Prefabs/_itog044", "unique_id": 2, "index": 2, "bbox": [1304, 11, 443, 264], "position": [2.552765369415283, 2.3328115940093994, -7.292694091796875]}, {"prefab_path": "1514019/Rearranged/Jeans_Grey", "unique_id": 3, "index": 3, "bbox": [62, 507, 408, 229], "position": [5.1037092208862305, 0.8821280002593994, -7.354883193969727]}, {"prefab_path": "1514019/Rearranged/Jeans_Grey", "unique_id": 3, "index": 4, "bbox": [503, 505, 410, 191], "position": [4.266709327697754, 0.8821280002593994, -7.354883193969727]}, {"prefab_path": "1514019/Rearranged/Sport_Pants", "unique_id": 4, "index": 5, "bbox": [887, 505, 410, 176], "position": [3.4934659004211426, 0.8820520639419556, -7.353848934173584]}, {"prefab_path": "clothing_store/models/prefab/trousers", "unique_id": 5, "index": 6, "bbox": [1238, 487, 428, 246], "position": [2.6599998474121094, 0.8420000076293945, -7.349999904632568]}], "relationships": {"right": {"0": [2, 1, 6], "1": [2], "3": [4, 5, 6], "4": [5, 6], "5": [6]}, "down": {"0": [3, 4], "1": [6, 5], "2": [6, 5]}, "left": {"1": [0, 3], "2": [1, 0, 3], "4": [3], "5": [4, 3], "6": [5, 4, 3]}, "up": {"3": [0], "4": [0], "5": [1, 2], "6": [2, 1]}}}]}