{"scenes": [{"objects": [{"prefab_path": "MensCollection/Prefabs/Rearranged/shirt_hung_up14", "unique_id": 0, "index": 0, "bbox": [1, 259, 128, 91], "position": [6.3874006271362305, 2.3424172401428223, -2.2976248264312744]}, {"prefab_path": "1208725/Jacket_gray", "unique_id": 1, "index": 1, "bbox": [88, 274, 116, 138], "position": [6.818510055541992, 0.4889240264892578, -3.527611017227173]}, {"prefab_path": "870230/hoodie04", "unique_id": 2, "index": 2, "bbox": [214, 279, 99, 110], "position": [6.2789530754089355, 2.500912666320801, -3.5312440395355225]}, {"prefab_path": "MensCollection/Prefabs/Rearranged/jacket_3_06", "unique_id": 3, "index": 3, "bbox": [325, 272, 113, 103], "position": [8.585121154785156, -0.32408952713012695, -6.782617568969727]}, {"prefab_path": "MensCollection/Prefabs/Rearranged/shirt_hung_up30 1", "unique_id": 4, "index": 4, "bbox": [778, 274, 95, 22], "position": [4.857015609741211, 2.327331066131592, -7.29610013961792]}, {"prefab_path": "MensCollection/Prefabs/Rearranged/shirt_hung_up", "unique_id": 5, "index": 5, "bbox": [840, 262, 120, 31], "position": [3.054015636444092, 2.3483309745788574, -7.288100242614746]}, {"prefab_path": "870230/hoodie09", "unique_id": 6, "index": 6, "bbox": [861, 267, 116, 41], "position": [2.5507521629333496, 2.5575478076934814, -7.283141136169434]}, {"prefab_path": "MensCollection/Prefabs/Rearranged/jacket_3_06", "unique_id": 3, "index": 7, "bbox": [941, 259, 175, 69], "position": [-1.3616770505905151, -0.37290239334106445, -9.596237182617188]}, {"prefab_path": "870230/hoodie09", "unique_id": 6, "index": 8, "bbox": [347, 383, 24, 75], "position": [6.382637977600098, 1.591703176498413, -4.163409233093262]}, {"prefab_path": "clothing_store/models/prefab/trousers_4", "unique_id": 7, "index": 9, "bbox": [450, 273, 171, 76], "position": [2.436000108718872, 1.6579999923706055, -5.1020002365112305]}, {"prefab_path": "MensCollection/Prefabs/Rearranged/polo shirt 04", "unique_id": 8, "index": 10, "bbox": [1031, 265, 183, 79], "position": [0.37191110849380493, 2.2362277507781982, -7.2926788330078125]}, {"prefab_path": "MensCollection/Prefabs/Rearranged/long_coat_10 1", "unique_id": 9, "index": 11, "bbox": [1173, 217, 302, 140], "position": [-2.7756881713867188, 1.7952799797058105, -6.7082085609436035]}, {"prefab_path": "MensCollection/Prefabs/Rearranged/long_coat_10", "unique_id": 10, "index": 12, "bbox": [233, 437, 21, 33], "position": [0.11817324161529541, 1.6592490673065186, -4.740546703338623]}, {"prefab_path": "1208725/Jacket_red", "unique_id": 11, "index": 13, "bbox": [238, 393, 68, 85], "position": [5.3419108390808105, 2.3147311210632324, -5.420795440673828]}, {"prefab_path": "MensCollection/Prefabs/Rearranged/long_coat_10", "unique_id": 10, "index": 14, "bbox": [528, 407, 37, 40], "position": [0.3271734118461609, 1.6592490673065186, -5.2745466232299805]}, {"prefab_path": "1514019/Rearranged/Jeans_Blue", "unique_id": 12, "index": 15, "bbox": [773, 372, 97, 28], "position": [5.1037092208862305, 0.8564563989639282, -7.354883193969727]}, {"prefab_path": "clothing_store/models/prefab/trousers_5", "unique_id": 13, "index": 16, "bbox": [825, 383, 124, 41], "position": [3.496999979019165, 0.8420000076293945, -7.349999904632568]}, {"prefab_path": "clothing_store/models/prefab/trousers_4", "unique_id": 7, "index": 17, "bbox": [797, 376, 111, 36], "position": [4.267000198364258, 0.8420000076293945, -7.349999904632568]}, {"prefab_path": "MensCollection/Prefabs/Rearranged/jacket_4_09", "unique_id": 14, "index": 18, "bbox": [1, 397, 138, 121], "position": [6.298229694366455, 1.281360149383545, -2.3138091564178467]}, {"prefab_path": "MensCollection/Prefabs/Rearranged/vest04", "unique_id": 15, "index": 19, "bbox": [119, 400, 109, 100], "position": [6.308620452880859, 1.3052434921264648, -2.9253411293029785]}, {"prefab_path": "MensCollection/Prefabs/Rearranged/jacket_1", "unique_id": 16, "index": 20, "bbox": [519, 429, 44, 31], "position": [-1.0988739728927612, -1.267652988433838, -5.38816499710083]}, {"prefab_path": "MensCollection/Prefabs/Rearranged/jacket_2_03", "unique_id": 17, "index": 21, "bbox": [524, 456, 53, 56], "position": [-1.6667174100875854, -1.5274724960327148, -7.369814872741699]}, {"prefab_path": "1514019/Rearranged/Jeans_Grey", "unique_id": 18, "index": 22, "bbox": [865, 397, 130, 38], "position": [2.6597087383270264, 0.8821280002593994, -7.354883193969727]}, {"prefab_path": "MensCollection/Prefabs/Rearranged/jacket_4_09", "unique_id": 14, "index": 23, "bbox": [1829, 213, 527, 268], "position": [-2.3893918991088867, 2.2014784812927246, -7.308888912200928]}, {"prefab_path": "MensCollection/Prefabs/Rearranged/jacket_3_06", "unique_id": 3, "index": 24, "bbox": [353, 489, 299, 398], "position": [-2.941236972808838, -0.9829015731811523, -2.6553220748901367]}, {"prefab_path": "1208725/Jacket_gray", "unique_id": 1, "index": 25, "bbox": [1121, 511, 213, 94], "position": [-0.9416265487670898, -0.4858884811401367, -6.681241989135742]}, {"prefab_path": "MensCollection/Prefabs/Rearranged/jacket_3_02", "unique_id": 19, "index": 26, "bbox": [1178, 485, 284, 86], "position": [-2.6211860179901123, -3.3274190425872803, -12.650827407836914]}, {"prefab_path": "MensCollection/Prefabs/Rearranged/long_coat_10 1", "unique_id": 9, "index": 27, "bbox": [1215, 490, 297, 112], "position": [-0.2152080535888672, 0.8692798614501953, -5.111311912536621]}, {"prefab_path": "MensCollection/Prefabs/Rearranged/jacket_3_06", "unique_id": 3, "index": 28, "bbox": [1279, 511, 277, 92], "position": [-3.312237024307251, -1.2989020347595215, -4.668322563171387]}, {"prefab_path": "MensCollection/Prefabs/Rearranged/jacket_2_06", "unique_id": 20, "index": 29, "bbox": [1, 556, 232, 352], "position": [-2.3755693435668945, -2.324559211730957, -8.958248138427734]}], "relationships": {"right": {"0": [6, 5, 2], "1": [17, 16, 15], "2": [5, 13, 6], "3": [26], "4": [26], "8": [13, 17, 16], "9": [10, 7, 23], "12": [23, 11, 7], "13": [5, 4, 6], "14": [23, 11, 7], "15": [7, 26], "16": [7, 26], "17": [7, 26], "18": [22, 16, 5], "19": [22, 16, 5], "20": [21, 29, 7], "21": [29, 26], "22": [7, 26], "24": [28], "25": [7, 29, 26], "27": [23, 11, 7], "29": [26]}, "down": {"0": [18, 19], "2": [19, 1], "4": [15, 17], "5": [22, 16], "6": [22, 16], "7": [29], "8": [1], "10": [25, 21, 20], "11": [21, 28, 29], "12": [27, 20], "14": [27, 20], "23": [21, 25, 29], "27": [20]}, "up": {"1": [2, 8], "15": [4], "16": [5, 6], "17": [4], "18": [0], "19": [2, 0], "20": [27, 14, 12], "21": [23, 11, 10], "22": [5, 6], "25": [10, 23], "27": [14, 12], "28": [11, 23], "29": [7, 23, 11]}, "left": {"2": [0], "4": [13, 8, 2], "5": [0, 2, 13], "6": [0, 2, 13], "7": [25, 9, 27], "9": [18, 0, 19], "10": [9, 0, 18], "11": [12, 27, 14], "12": [18, 0, 19], "13": [2, 8, 0], "14": [18, 0, 19], "15": [1, 8, 19], "16": [1, 19, 8], "17": [1, 8, 19], "20": [18], "21": [20, 18, 19], "22": [18, 19, 1], "23": [12, 14, 27], "25": [18, 19, 0], "26": [29, 21, 25], "27": [18, 0, 19], "28": [24], "29": [21, 20, 25]}}}]}