{"scenes": [{"objects": [{"prefab_path": "WomensCollection/Prefabs/Rearranged/blouse_2_07 1", "unique_id": 0, "index": 0, "bbox": [1692, 99, 274, 146], "position": [0.24509990215301514, 2.37888240814209, -2.906414031982422]}, {"prefab_path": "MensCollection/Prefabs/Rearranged/jacket_3_06", "unique_id": 1, "index": 1, "bbox": [1498, 175, 224, 100], "position": [1.6225295066833496, -0.2240900993347168, -0.5948796272277832]}, {"prefab_path": "WomensCollection/Prefabs/Rearranged/blouse_2_07", "unique_id": 2, "index": 2, "bbox": [1479, 214, 155, 61], "position": [-2.320812225341797, 2.463243007659912, -2.7630937099456787]}, {"prefab_path": "WomensCollection/Prefabs/Rearranged/blouse_2_15", "unique_id": 3, "index": 3, "bbox": [1581, 160, 217, 90], "position": [-0.4082154333591461, 2.3786840438842773, -2.9063267707824707]}, {"prefab_path": "MensCollection/Prefabs/Rearranged/jacket_3_06", "unique_id": 1, "index": 4, "bbox": [1426, 219, 168, 68], "position": [0.1875901222229004, -0.1658153533935547, -0.28248119354248047]}, {"prefab_path": "870230/hoodie03", "unique_id": 4, "index": 5, "bbox": [1401, 408, 141, 54], "position": [-2.2360827922821045, 1.631845235824585, -2.9073705673217773]}, {"prefab_path": "1498649_store/Prefabs/_itog029", "unique_id": 5, "index": 6, "bbox": [1443, 404, 173, 64], "position": [-1.620957612991333, 1.4086934328079224, -2.8988568782806396]}, {"prefab_path": "1498649_store/Prefabs/_itog040", "unique_id": 6, "index": 7, "bbox": [586, 435, 153, 93], "position": [-0.5996938943862915, 1.302811622619629, -7.289765357971191]}, {"prefab_path": "1208725/Jacket_gray", "unique_id": 7, "index": 8, "bbox": [1477, 408, 206, 90], "position": [-0.39038896560668945, -0.3800067901611328, -2.361490249633789]}, {"prefab_path": "WomensCollection/Prefabs/Rearranged/blouse_2_07", "unique_id": 2, "index": 9, "bbox": [1565, 424, 218, 86], "position": [-1.0987683534622192, 1.4660040140151978, -2.777292251586914]}, {"prefab_path": "WomensCollection/Prefabs/Rearranged/leather_jacket_1_08", "unique_id": 8, "index": 10, "bbox": [1693, 417, 281, 171], "position": [0.24349232017993927, 1.485943078994751, -2.787947177886963]}, {"prefab_path": "WomensCollection/Prefabs/Rearranged/dress_3_", "unique_id": 9, "index": 11, "bbox": [1223, 315, 600, 74], "position": [1.6380615234375, 1.5232932567596436, -4.467816352844238]}, {"prefab_path": "WomensCollection/Prefabs/Rearranged/hanging_dress_1", "unique_id": 10, "index": 12, "bbox": [760, 472, 443, 167], "position": [2.009068250656128, 1.6153450012207031, -5.098053932189941]}, {"prefab_path": "WomensCollection/Prefabs/Rearranged/dress_4_00", "unique_id": 11, "index": 13, "bbox": [779, 482, 433, 234], "position": [1.844545602798462, 1.5784353017807007, -5.100205421447754]}, {"prefab_path": "WomensCollection/Prefabs/Rearranged/dress_4_24", "unique_id": 12, "index": 14, "bbox": [1063, 588, 291, 53], "position": [1.6120617389678955, 1.6313952207565308, -4.766300201416016]}, {"prefab_path": "WomensCollection/Prefabs/Rearranged/dress_6_", "unique_id": 13, "index": 15, "bbox": [1147, 614, 298, 54], "position": [1.6171846389770508, 1.579324722290039, -4.615816116333008]}], "relationships": {"left": {"0": [14, 15, 11], "1": [11, 12, 13], "2": [7], "3": [7, 13], "4": [8, 10, 11], "5": [7], "6": [7], "8": [7], "9": [7], "10": [14, 15, 11], "11": [15, 13, 14], "14": [13], "15": [14, 13, 12]}, "down": {"0": [10, 8], "2": [5, 6, 8], "3": [8, 10], "6": [8], "9": [8], "10": [8]}, "up": {"8": [3, 9, 10], "10": [0, 3], "5": [2], "6": [2]}, "right": {"7": [6, 9, 5], "8": [4], "10": [4], "11": [10, 0, 4], "12": [11, 15, 10], "13": [11, 15, 14], "14": [15, 11, 10], "15": [11, 10, 0]}}}]}