{"scenes": [{"objects": [{"prefab_path": "MensCollection/Prefabs/Rearranged/jacket_4_05", "unique_id": 0, "index": 0, "bbox": [825, 1, 360, 192], "position": [-5.280021667480469, 2.782984733581543, -2.4825198650360107]}, {"prefab_path": "1498649_store/Prefabs/_itog015", "unique_id": 1, "index": 1, "bbox": [991, 1, 332, 255], "position": [-1.6204921007156372, 2.4358975887298584, -2.7880003452301025]}, {"prefab_path": "1498649_store/Prefabs/_itog029", "unique_id": 2, "index": 2, "bbox": [1236, 1, 363, 648], "position": [-0.9989127516746521, 2.377624034881592, -2.898423194885254]}, {"prefab_path": "WomensCollection/Prefabs/Rearranged/sweater_folded04", "unique_id": 3, "index": 3, "bbox": [105, 570, 36, 144], "position": [-4.468654155731201, 1.1731804609298706, -4.504074573516846]}, {"prefab_path": "MensCollection/Prefabs/Rearranged/sweater_folded54", "unique_id": 4, "index": 4, "bbox": [1, 609, 37, 89], "position": [-4.192704200744629, 1.1727182865142822, -4.855172157287598]}, {"prefab_path": "WomensCollection/Prefabs/Rearranged/shirt_5_03", "unique_id": 5, "index": 5, "bbox": [1, 594, 23, 105], "position": [-4.479158878326416, 1.151225209236145, -4.856212139129639]}, {"prefab_path": "MensCollection/Prefabs/Rearranged/sweater_folded17", "unique_id": 6, "index": 6, "bbox": [44, 615, 47, 170], "position": [-3.8732590675354004, 1.1752426624298096, -4.500005722045898]}, {"prefab_path": "WomensCollection/Prefabs/Rearranged/shirt_3_05", "unique_id": 7, "index": 7, "bbox": [81, 589, 37, 153], "position": [-4.175924301147461, 1.1849201917648315, -4.494473457336426]}, {"prefab_path": "MensCollection/Prefabs/Rearranged/shirt_14", "unique_id": 8, "index": 8, "bbox": [1, 649, 51, 197], "position": [-3.579094886779785, 1.1512309312820435, -4.501043796539307]}, {"prefab_path": "MensCollection/Prefabs/Rearranged/folded polo shirt00", "unique_id": 9, "index": 9, "bbox": [1, 672, 88, 177], "position": [-3.259033203125, 1.1720218658447266, -4.394421577453613]}, {"prefab_path": "WomensCollection/Prefabs/Rearranged/blouse_01_55", "unique_id": 10, "index": 10, "bbox": [1211, 519, 396, 582], "position": [-0.998058557510376, 1.4083304405212402, -2.8984382152557373]}], "relationships": {"left": {"1": [9, 8, 6], "2": [9, 8, 6], "3": [5], "6": [4, 5], "7": [5, 4], "8": [4, 5], "9": [4, 5], "10": [9, 8, 6]}, "down": {"1": [10], "2": [10]}, "right": {"3": [1, 10, 2], "4": [6, 7, 8], "5": [7, 3, 6], "6": [10, 1, 2], "7": [1, 10, 2], "8": [10, 1, 2], "9": [10, 1, 2]}, "up": {"10": [2, 1]}}}]}