{"scenes": [{"objects": [{"prefab_path": "870230/hoodie04", "unique_id": 0, "index": 0, "bbox": [628, 62, 235, 46], "position": [-3.4800219535827637, 2.065037488937378, 2.245637893676758]}, {"prefab_path": "MensCollection/Prefabs/Rearranged/long_coat_10 1", "unique_id": 1, "index": 1, "bbox": [755, 9, 327, 95], "position": [-5.069012641906738, 1.4082798957824707, 2.8226256370544434]}, {"prefab_path": "MensCollection/Prefabs/Rearranged/jacket_4_05", "unique_id": 2, "index": 2, "bbox": [1272, 1, 327, 333], "position": [-4.108154296875, 2.1888985633850098, 2.7878310680389404]}, {"prefab_path": "870230/hoodie09", "unique_id": 3, "index": 3, "bbox": [1690, 1, 298, 197], "position": [-0.5871410369873047, 2.0665478706359863, 2.2442476749420166]}, {"prefab_path": "1208725/Jacket_red", "unique_id": 4, "index": 4, "bbox": [1727, 1, 320, 294], "position": [0.37658488750457764, 2.92698073387146, 4.141339302062988]}, {"prefab_path": "MensCollection/Prefabs/Rearranged/long_coat_10 1", "unique_id": 1, "index": 5, "bbox": [455, 113, 213, 114], "position": [-4.073207855224609, 1.4082798957824707, 4.4156880378723145]}, {"prefab_path": "MensCollection/Prefabs/Rearranged/long_coat_06", "unique_id": 5, "index": 6, "bbox": [496, 103, 222, 73], "position": [-3.5420923233032227, 0.6689841747283936, 3.1460695266723633]}, {"prefab_path": "1514019/Rearranged/Jeans_Blue_V2", "unique_id": 6, "index": 7, "bbox": [452, 352, 198, 50], "position": [-5.106708526611328, 1.0603033304214478, 2.1709890365600586]}, {"prefab_path": "clothing_store/models/prefab/trousers_4", "unique_id": 7, "index": 8, "bbox": [541, 352, 213, 52], "position": [-4.373917579650879, 0.23014092445373535, 2.2122232913970947]}, {"prefab_path": "clothing_store/models/prefab/trousers_4", "unique_id": 7, "index": 9, "bbox": [644, 357, 242, 63], "position": [-3.613412857055664, 0.23014092445373535, 2.201373815536499]}, {"prefab_path": "clothing_store/models/prefab/trousers_5", "unique_id": 8, "index": 10, "bbox": [767, 365, 298, 97], "position": [-2.897865056991577, 0.23014092445373535, 2.189257860183716]}, {"prefab_path": "clothing_store/models/prefab/sneakers_3", "unique_id": 9, "index": 11, "bbox": [476, 568, 29, 30], "position": [-5.091246128082275, 0.037972718477249146, 2.1207213401794434]}, {"prefab_path": "1514019/Rearranged/Jeans_Grey", "unique_id": 10, "index": 12, "bbox": [1308, 411, 377, 185], "position": [-1.1220009326934814, 0.27026891708374023, 2.251950979232788]}, {"prefab_path": "clothing_store/models/prefab/sneakers_2", "unique_id": 11, "index": 13, "bbox": [567, 599, 29, 27], "position": [-4.336514949798584, 0.03797274827957153, 2.1530990600585938]}, {"prefab_path": "clothing_store/models/prefab/trousers_5", "unique_id": 8, "index": 14, "bbox": [1673, 426, 362, 445], "position": [-0.34700000286102295, 0.23014092445373535, 2.201373815536499]}, {"prefab_path": "clothing_store/models/prefab/sneakers_5", "unique_id": 12, "index": 15, "bbox": [674, 638, 33, 29], "position": [-3.576437473297119, 0.03797276318073273, 2.1606364250183105]}], "relationships": {"right": {"0": [4, 3], "1": [6, 5, 4], "2": [4, 3], "5": [4], "6": [4], "7": [6, 10, 12], "8": [9, 15, 6], "9": [10, 12, 14], "10": [12, 14, 4], "11": [8, 13, 9], "12": [14], "13": [15, 9, 10], "15": [10, 12, 14]}, "down": {"0": [15, 9, 10], "1": [11, 8, 13], "2": [9, 8, 13], "3": [14, 12], "4": [14], "7": [11, 13], "8": [13], "9": [15]}, "left": {"3": [0, 2, 7], "4": [0, 2, 7], "5": [1], "6": [7, 8, 11], "8": [11], "9": [13, 8, 11], "10": [9, 15, 13], "12": [10, 15, 9], "13": [11], "14": [12, 10, 15], "15": [13, 8, 11]}, "up": {"6": [2], "8": [2, 1, 0], "9": [0, 2], "10": [0, 2], "11": [7, 1, 2], "12": [3], "13": [8, 2, 7], "14": [3, 4], "15": [9, 0, 2]}}}]}