{"scenes": [{"objects": [{"prefab_path": "MensCollection/Prefabs/Rearranged/jacket_3_06", "unique_id": 0, "index": 0, "bbox": [928, 295, 198, 118], "position": [0.1875901222229004, -0.1658153533935547, -0.28248119354248047]}, {"prefab_path": "870230/hoodie03", "unique_id": 1, "index": 1, "bbox": [1038, 305, 183, 130], "position": [-1.6148755550384521, 2.6590495109558105, -2.7965266704559326]}, {"prefab_path": "MensCollection/Prefabs/Rearranged/shirt_hung_up16", "unique_id": 2, "index": 2, "bbox": [1163, 293, 235, 148], "position": [-0.9991631507873535, 2.384143829345703, -2.9030168056488037]}, {"prefab_path": "MensCollection/Prefabs/Rearranged/jacket_3_06", "unique_id": 0, "index": 3, "bbox": [1305, 272, 280, 197], "position": [2.238577365875244, -0.33806705474853516, -0.7498946189880371]}, {"prefab_path": "1208725/Jacket_red", "unique_id": 3, "index": 4, "bbox": [1512, 272, 287, 243], "position": [2.1472792625427246, 3.4627931118011475, -3.729701519012451]}, {"prefab_path": "1514019/Rearranged/Jacket_Grey", "unique_id": 4, "index": 5, "bbox": [1, 339, 449, 301], "position": [-2.8778598308563232, 1.6739416122436523, -5.280738353729248]}, {"prefab_path": "1514019/Rearranged/Sport_Jacket", "unique_id": 5, "index": 6, "bbox": [208, 442, 242, 132], "position": [-3.6718602180480957, 1.6129047870635986, -4.800738334655762]}, {"prefab_path": "1514019/Rearranged/Sport_Jacket", "unique_id": 5, "index": 7, "bbox": [292, 450, 287, 208], "position": [-2.952860116958618, 1.6129047870635986, -4.800738334655762]}, {"prefab_path": "MensCollection/Prefabs/Rearranged/jacket_4_05", "unique_id": 6, "index": 8, "bbox": [1022, 513, 157, 135], "position": [-4.673531532287598, 1.7557804584503174, -2.8122317790985107]}, {"prefab_path": "MensCollection/Prefabs/Rearranged/jacket_3_02", "unique_id": 7, "index": 9, "bbox": [1162, 527, 107, 149], "position": [-6.359973907470703, -3.2215373516082764, -0.8769311904907227]}, {"prefab_path": "MensCollection/Prefabs/Rearranged/long_coat_12", "unique_id": 8, "index": 10, "bbox": [925, 496, 223, 98], "position": [-3.062833309173584, 0.03955268859863281, -3.2988996505737305]}, {"prefab_path": "MensCollection/Prefabs/Rearranged/jacket_3_02", "unique_id": 7, "index": 11, "bbox": [1320, 542, 118, 178], "position": [-5.827781677246094, -2.985261917114258, -0.5707564353942871]}, {"prefab_path": "MensCollection/Prefabs/Rearranged/long_coat_12", "unique_id": 8, "index": 12, "bbox": [1513, 530, 163, 225], "position": [-0.5445894002914429, 0.09782600402832031, -3.2528233528137207]}], "relationships": {"left": {"0": [10, 8, 6], "1": [6, 7, 8], "2": [6, 7, 5], "3": [10, 12, 6], "4": [5, 7, 6], "7": [6], "11": [9], "12": [10, 6, 7]}, "right": {"1": [3], "2": [3], "5": [2, 12, 4], "6": [7, 2, 1], "7": [2, 12, 1], "8": [1, 2, 0], "9": [11, 0, 3], "10": [3, 12, 0], "11": [0, 3], "12": [3]}, "down": {"8": [11, 9], "1": [12, 10], "2": [12]}, "up": {"9": [8], "10": [1], "11": [8], "12": [2, 1]}}}]}