{"scenes": [{"objects": [{"prefab_path": "MensCollection/Prefabs/Rearranged/polo shirt 36", "unique_id": 0, "index": 0, "bbox": [1304, 94, 202, 90], "position": [2.9172208309173584, 2.1039845943450928, -2.3581972122192383]}, {"prefab_path": "1208725/Jacket_red", "unique_id": 1, "index": 1, "bbox": [1768, 1, 364, 350], "position": [-0.8023388385772705, 2.926980495452881, -1.3894150257110596]}, {"prefab_path": "1208725/Jacket_gray", "unique_id": 2, "index": 2, "bbox": [1178, 165, 156, 54], "position": [3.440988063812256, 0.2763173580169678, -2.831871271133423]}, {"prefab_path": "MensCollection/Prefabs/Rearranged/polo shirt 04", "unique_id": 3, "index": 3, "bbox": [1237, 137, 174, 56], "position": [3.538264751434326, 2.0490636825561523, -2.3581972122192383]}, {"prefab_path": "MensCollection/Prefabs/Rearranged/shirt_hung_up24", "unique_id": 4, "index": 4, "bbox": [1123, 204, 124, 25], "position": [5.403291702270508, 2.04744553565979, -2.3537516593933105]}, {"prefab_path": "MensCollection/Prefabs/Rearranged/jacket_1", "unique_id": 5, "index": 5, "bbox": [1154, 180, 152, 31], "position": [4.6723833084106445, -0.8425021171569824, -3.5974347591400146]}, {"prefab_path": "MensCollection/Prefabs/Rearranged/long_coat_10 1", "unique_id": 6, "index": 6, "bbox": [705, 369, 24, 15], "position": [5.441317081451416, 0.36327970027923584, 1.9715656042099]}, {"prefab_path": "MensCollection/Prefabs/Rearranged/long_coat_10 1", "unique_id": 6, "index": 7, "bbox": [773, 367, 28, 8], "position": [6.340155124664307, 0.36327970027923584, -0.5942378640174866]}, {"prefab_path": "MensCollection/Prefabs/Rearranged/jacket_3_02", "unique_id": 7, "index": 8, "bbox": [754, 376, 23, 7], "position": [-1.5806522369384766, -3.833418130874634, 0.4353674650192261]}, {"prefab_path": "MensCollection/Prefabs/Rearranged/long_coat_10", "unique_id": 8, "index": 9, "bbox": [1119, 324, 140, 29], "position": [5.399440765380859, 1.113379955291748, -2.3751237392425537]}, {"prefab_path": "MensCollection/Prefabs/Rearranged/polo shirt 05", "unique_id": 9, "index": 10, "bbox": [1152, 339, 127, 27], "position": [-1.3971710205078125, 8.95004653930664, 25.183528900146484]}, {"prefab_path": "MensCollection/Prefabs/Rearranged/shirt_hung_up10", "unique_id": 10, "index": 11, "bbox": [1187, 329, 159, 42], "position": [4.161203861236572, 1.0785150527954102, -2.3537516593933105]}, {"prefab_path": "MensCollection/Prefabs/Rearranged/long_coat_12", "unique_id": 11, "index": 12, "bbox": [1236, 312, 216, 56], "position": [4.35038948059082, -0.3241305351257324, -2.041771650314331]}, {"prefab_path": "870230/hoodie03", "unique_id": 12, "index": 13, "bbox": [1293, 335, 212, 99], "position": [2.919381618499756, 1.2942736148834229, -2.3489041328430176]}, {"prefab_path": "MensCollection/Prefabs/Rearranged/shirt_hung_up24 1", "unique_id": 13, "index": 14, "bbox": [703, 386, 218, 80], "position": [3.670577049255371, 0.8052021265029907, 0.06980794668197632]}, {"prefab_path": "MensCollection/Prefabs/Rearranged/long_coat_10", "unique_id": 8, "index": 15, "bbox": [652, 370, 242, 123], "position": [3.730483293533325, 0.8372488021850586, 0.17244186997413635]}, {"prefab_path": "MensCollection/Prefabs/Rearranged/long_coat_10", "unique_id": 8, "index": 16, "bbox": [750, 370, 246, 42], "position": [3.666800022125244, 0.8372488021850586, -0.012678727507591248]}, {"prefab_path": "870230/hoodie09", "unique_id": 14, "index": 17, "bbox": [776, 397, 193, 63], "position": [3.71435284614563, 1.0215479135513306, -0.15214356780052185]}, {"prefab_path": "870230/hoodie04", "unique_id": 15, "index": 18, "bbox": [791, 395, 164, 101], "position": [3.916423797607422, 1.0200375318527222, -0.24294748902320862]}, {"prefab_path": "870230/hoodie03", "unique_id": 12, "index": 19, "bbox": [787, 397, 179, 95], "position": [3.8058128356933594, 1.0199635028839111, -0.21999970078468323]}, {"prefab_path": "clothing_store/models/prefab/trousers_5", "unique_id": 16, "index": 20, "bbox": [1752, 480, 308, 366], "position": [1.128000020980835, 0.2301410436630249, -2.175999879837036]}], "relationships": {"down": {"0": [13, 2, 12], "1": [8], "3": [2, 13, 11], "4": [9, 12, 5], "9": [12, 5], "11": [12], "17": [16]}, "left": {"0": [17, 19, 18], "1": [10], "2": [14, 15, 16], "3": [18, 19, 17], "4": [6, 10], "5": [12, 6, 7], "6": [10], "7": [6, 10], "8": [10], "9": [7, 6, 10], "11": [6, 18, 19], "12": [6, 10], "13": [17, 19, 16], "14": [15, 6, 10], "15": [6, 10], "16": [15, 14, 6], "17": [15, 6, 10], "18": [6, 10], "19": [15, 6, 10], "20": [14, 16, 15]}, "up": {"2": [3, 0], "5": [9, 4, 3], "8": [1], "9": [4], "11": [3], "12": [11, 4, 9], "13": [0, 3], "16": [17]}, "right": {"6": [12, 11, 2], "7": [9, 5], "10": [1, 20, 0], "12": [5], "14": [16, 13, 2], "15": [16, 14, 17], "16": [13, 2, 11], "17": [13, 2, 11], "18": [13, 11, 2], "19": [13, 2, 11]}}}]}