{"scenes": [{"objects": [{"prefab_path": "MensCollection/Prefabs/Rearranged/long_coat_12", "unique_id": 0, "index": 0, "bbox": [355, 1, 358, 358], "position": [-1.92559814453125, 0.4726707935333252, 1.840216875076294]}, {"prefab_path": "MensCollection/Prefabs/Rearranged/long_coat_10", "unique_id": 1, "index": 1, "bbox": [773, 1, 345, 83], "position": [-0.6138266921043396, 1.8822486400604248, 2.244453191757202]}, {"prefab_path": "MensCollection/Prefabs/Rearranged/jacket_1", "unique_id": 2, "index": 2, "bbox": [843, 1, 335, 54], "position": [-1.6888737678527832, -1.0446534156799316, 2.1258351802825928]}, {"prefab_path": "MensCollection/Prefabs/Rearranged/jacket_3_02", "unique_id": 3, "index": 3, "bbox": [858, 7, 324, 102], "position": [-2.3511860370635986, -2.788418769836426, -3.1138267517089844]}, {"prefab_path": "MensCollection/Prefabs/Rearranged/long_coat_10", "unique_id": 1, "index": 4, "bbox": [905, 2, 337, 85], "position": [-0.2128266841173172, 1.8822486400604248, 2.245453119277954]}, {"prefab_path": "870230/hoodie03", "unique_id": 4, "index": 5, "bbox": [1032, 35, 262, 54], "position": [0.1602538526058197, 2.0649633407592773, 2.247152328491211]}, {"prefab_path": "870230/hoodie03", "unique_id": 4, "index": 6, "bbox": [1036, 56, 241, 105], "position": [0.4332538843154907, 2.0649633407592773, 2.246152400970459]}, {"prefab_path": "1208725/Jacket_blue", "unique_id": 5, "index": 7, "bbox": [1181, 93, 212, 40], "position": [1.1222264766693115, 0.05314898490905762, 1.7001378536224365]}, {"prefab_path": "MensCollection/Prefabs/Rearranged/jacket_4_09", "unique_id": 6, "index": 8, "bbox": [1829, 340, 35, 43], "position": [2.1608004570007324, 0.7694786190986633, 0.2704193592071533]}, {"prefab_path": "MensCollection/Prefabs/Rearranged/long_coat_10 1", "unique_id": 7, "index": 9, "bbox": [1966, 336, 37, 21], "position": [0.052004098892211914, 0.36328017711639404, 1.4309955835342407]}, {"prefab_path": "MensCollection/Prefabs/Rearranged/long_coat_06", "unique_id": 8, "index": 10, "bbox": [2010, 337, 36, 16], "position": [2.769040107727051, -0.376015841960907, -0.7880964875221252]}, {"prefab_path": "MensCollection/Prefabs/Rearranged/jacket_4_09", "unique_id": 6, "index": 11, "bbox": [2025, 343, 31, 21], "position": [2.3288328647613525, 0.7694786190986633, -0.12140277028083801]}, {"prefab_path": "MensCollection/Prefabs/Rearranged/jacket_2_06", "unique_id": 9, "index": 12, "bbox": [2073, 357, 35, 24], "position": [-2.619002342224121, -3.146559000015259, -0.8510339260101318]}, {"prefab_path": "1514019/Rearranged/Cap", "unique_id": 10, "index": 13, "bbox": [1917, 368, 66, 156], "position": [-1.569455623626709, 0.4325745105743408, -0.36378204822540283]}, {"prefab_path": "clothing_store/models/prefab/cap", "unique_id": 11, "index": 14, "bbox": [2034, 393, 60, 63], "position": [0.7833051085472107, 1.238464593887329, 0.0010082200169563293]}, {"prefab_path": "1514019/Rearranged/Jeans_Blue_V4", "unique_id": 12, "index": 15, "bbox": [1174, 353, 221, 44], "position": [1.128291130065918, 0.24453043937683105, 2.251950979232788]}, {"prefab_path": "MensCollection/Prefabs/Rearranged/jacket_3_06", "unique_id": 13, "index": 16, "bbox": [1694, 356, 268, 180], "position": [-0.2147364616394043, -1.846181869506836, 2.869277238845825]}, {"prefab_path": "MensCollection/Prefabs/Rearranged/jacket_2_06", "unique_id": 9, "index": 17, "bbox": [1771, 350, 295, 158], "position": [3.5314412117004395, -3.146559953689575, -4.083841800689697]}, {"prefab_path": "1514019/Rearranged/Jeans_Blue_V4", "unique_id": 12, "index": 18, "bbox": [832, 378, 339, 128], "position": [-0.34670889377593994, 0.24453043937683105, 2.2062571048736572]}, {"prefab_path": "clothing_store/models/prefab/trousers_4", "unique_id": 14, "index": 19, "bbox": [1033, 361, 284, 91], "position": [0.3689999580383301, 0.23014092445373535, 2.189257860183716]}, {"prefab_path": "1514019/Rearranged/Jeans_Blue_V2", "unique_id": 15, "index": 20, "bbox": [471, 400, 388, 213], "position": [-1.1220009326934814, 1.0603034496307373, 2.251951217651367]}], "relationships": {"down": {"0": [2, 12], "1": [20, 18, 2], "4": [18, 19, 9], "5": [18, 19, 9], "6": [19, 18, 9], "11": [10], "13": [12, 3], "14": [12], "15": [16], "18": [16], "19": [16], "20": [2, 16, 12]}, "right": {"0": [14, 9, 11], "1": [14, 11, 8], "2": [10, 11, 8], "3": [17], "4": [11, 8, 14], "5": [8, 11, 14], "6": [8, 11, 10], "7": [8, 10, 11], "8": [11], "9": [11, 8, 10], "12": [17], "13": [17], "15": [8, 11, 10], "16": [10, 8, 11], "18": [9, 11, 8], "19": [7, 8, 11], "20": [14, 11, 9]}, "up": {"2": [20, 0, 1], "3": [13], "7": [6, 5], "9": [5, 6, 4], "10": [11], "12": [13, 0, 20], "15": [6, 5], "16": [18, 19, 5], "18": [4, 5, 1], "19": [6, 5, 4], "20": [1]}, "left": {"7": [19, 18, 20], "8": [19, 18, 9], "9": [18, 20, 0], "10": [18, 9, 19], "11": [8, 18, 9], "14": [20, 0, 1], "17": [12, 2, 16]}}}]}