{"scenes": [{"objects": [{"prefab_path": "MensCollection/Prefabs/Rearranged/long_coat_10 1", "unique_id": 0, "index": 0, "bbox": [1185, 174, 372, 165], "position": [-0.02336597442626953, 2.0023655891418457, -3.196662664413452]}, {"prefab_path": "MensCollection/Prefabs/Rearranged/polo shirt 30", "unique_id": 1, "index": 1, "bbox": [1341, 168, 391, 311], "position": [-1.6196393966674805, 2.4998464584350586, -2.787947177886963]}, {"prefab_path": "MensCollection/Prefabs/Rearranged/shirt_mannequin_1_02", "unique_id": 2, "index": 2, "bbox": [355, 339, 135, 94], "position": [-4.218042850494385, 2.152883291244507, -5.281473159790039]}, {"prefab_path": "1208725/Jacket_gray", "unique_id": 3, "index": 3, "bbox": [1571, 49, 721, 526], "position": [-0.39038896560668945, 0.5889239311218262, -2.361490249633789]}, {"prefab_path": "MensCollection/Prefabs/Rearranged/shirt with vest 1", "unique_id": 4, "index": 4, "bbox": [249, 347, 268, 136], "position": [-3.6000945568084717, 2.139694929122925, -5.280720233917236]}, {"prefab_path": "MensCollection/Prefabs/Rearranged/shirt_mannequin_1_02", "unique_id": 2, "index": 5, "bbox": [525, 380, 196, 74], "position": [-4.29304313659668, 1.9868830442428589, -4.801473140716553]}, {"prefab_path": "1514019/Rearranged/Sport_Jacket", "unique_id": 5, "index": 6, "bbox": [491, 403, 213, 100], "position": [-3.6718602180480957, 1.6129047870635986, -4.800738334655762]}, {"prefab_path": "1514019/Rearranged/Sport_Jacket", "unique_id": 5, "index": 7, "bbox": [1, 352, 413, 300], "position": [-2.8778598308563232, 1.778904914855957, -5.280738353729248]}, {"prefab_path": "1514019/Rearranged/Sweater_Black_001", "unique_id": 6, "index": 8, "bbox": [366, 416, 338, 182], "position": [-2.9353744983673096, 1.6052350997924805, -4.800738334655762]}, {"prefab_path": "MensCollection/Prefabs/Rearranged/long_coat_10 1", "unique_id": 0, "index": 9, "bbox": [1160, 527, 261, 146], "position": [-0.06254720687866211, 0.9751615524291992, -3.4829087257385254]}, {"prefab_path": "MensCollection/Prefabs/Rearranged/jacket_3_06", "unique_id": 7, "index": 10, "bbox": [1286, 613, 175, 298], "position": [0.6220870018005371, -1.1930193901062012, -0.2254643440246582]}, {"prefab_path": "MensCollection/Prefabs/Rearranged/long_coat_10", "unique_id": 8, "index": 11, "bbox": [1853, 734, 54, 64], "position": [-0.9966940879821777, 1.4491305351257324, -2.8812901973724365]}], "relationships": {"left": {"0": [7, 8, 4], "1": [7, 4, 8], "3": [7, 8, 6], "9": [7], "10": [9, 8, 7], "11": [7, 8, 4]}, "down": {"0": [9, 3], "1": [11, 3]}, "right": {"2": [1, 11, 3], "4": [1, 11, 3], "5": [1, 11, 3], "6": [1, 11, 3], "7": [11, 1, 3], "8": [11, 1, 3], "9": [10]}, "up": {"11": [1], "9": [0], "3": [0, 1]}}}]}