{"scenes": [{"objects": [{"prefab_path": "1208725/Jacket_blue", "unique_id": 0, "index": 0, "bbox": [553, 288, 108, 27], "position": [5.063315391540527, 0.5787005424499512, -2.7620298862457275]}, {"prefab_path": "1498649_store/Prefabs/_itog022", "unique_id": 1, "index": 1, "bbox": [574, 277, 119, 24], "position": [4.385854244232178, 2.367363214492798, -2.2208611965179443]}, {"prefab_path": "1498649_store/Prefabs/_itog040", "unique_id": 2, "index": 2, "bbox": [594, 267, 130, 29], "position": [3.748854160308838, 2.367363214492798, -2.2208611965179443]}, {"prefab_path": "WomensCollection/Prefabs/Rearranged/blouse_01_07", "unique_id": 3, "index": 3, "bbox": [728, 327, 183, 66], "position": [0.6443213820457458, 1.8414487838745117, -2.2199110984802246]}, {"prefab_path": "1208725/Jacket_blue", "unique_id": 0, "index": 4, "bbox": [757, 341, 198, 52], "position": [-0.22018390893936157, 0.05314898490905762, -2.2483153343200684]}, {"prefab_path": "WomensCollection/Prefabs/Rearranged/blouse_01_07", "unique_id": 3, "index": 5, "bbox": [839, 308, 237, 93], "position": [-0.29867857694625854, 1.8414487838745117, -2.2169113159179688]}, {"prefab_path": "WomensCollection/Prefabs/Rearranged/blouse_01_62", "unique_id": 4, "index": 6, "bbox": [819, 312, 226, 78], "position": [-0.1506785899400711, 1.8414487838745117, -2.2229113578796387]}, {"prefab_path": "MensCollection/Prefabs/Rearranged/long_coat_12", "unique_id": 5, "index": 7, "bbox": [1021, 222, 418, 114], "position": [-0.299402117729187, 0.4726707935333252, -1.8202168941497803]}, {"prefab_path": "WomensCollection/Prefabs/Rearranged/dress2_", "unique_id": 6, "index": 8, "bbox": [570, 396, 143, 20], "position": [4.980000019073486, 1.3409990072250366, -2.246000051498413]}, {"prefab_path": "WomensCollection/Prefabs/Rearranged/dress_4_", "unique_id": 7, "index": 9, "bbox": [589, 399, 154, 20], "position": [4.352198600769043, 1.337825894355774, -2.2572858333587646]}, {"prefab_path": "WomensCollection/Prefabs/Rearranged/hanging_dress_1_12", "unique_id": 8, "index": 10, "bbox": [607, 408, 143, 24], "position": [3.73671817779541, 1.4919672012329102, -2.330535888671875]}, {"prefab_path": "WomensCollection/Prefabs/Rearranged/dress_6_08", "unique_id": 9, "index": 11, "bbox": [118, 513, 45, 17], "position": [2.847581148147583, 0.8689463138580322, 0.2079998105764389]}, {"prefab_path": "WomensCollection/Prefabs/Rearranged/hanging_dress_1_12", "unique_id": 8, "index": 12, "bbox": [200, 532, 32, 71], "position": [3.247464179992676, 0.8609672784805298, -0.12471833825111389]}, {"prefab_path": "WomensCollection/Prefabs/Rearranged/dress_4_16", "unique_id": 10, "index": 13, "bbox": [218, 482, 229, 57], "position": [2.6490633487701416, 1.0040570497512817, -0.222966730594635]}, {"prefab_path": "WomensCollection/Prefabs/Rearranged/dress_6_04", "unique_id": 11, "index": 14, "bbox": [70, 525, 225, 34], "position": [2.8555796146392822, 0.824946403503418, 0.3579998016357422]}, {"prefab_path": "WomensCollection/Prefabs/Rearranged/dress_4_24", "unique_id": 12, "index": 15, "bbox": [71, 508, 228, 151], "position": [2.504483222961426, 0.8980169296264648, 0.10345739126205444]}, {"prefab_path": "WomensCollection/Prefabs/Rearranged/hanging_dress_1_26", "unique_id": 13, "index": 16, "bbox": [84, 529, 218, 115], "position": [2.461535930633545, 1.0029672384262085, 0.10171851515769958]}, {"prefab_path": "WomensCollection/Prefabs/Rearranged/dress_4_", "unique_id": 7, "index": 17, "bbox": [91, 530, 198, 90], "position": [2.229285717010498, 0.804826021194458, 0.10619890689849854]}, {"prefab_path": "WomensCollection/Prefabs/Rearranged/hanging_dress_1_12", "unique_id": 8, "index": 18, "bbox": [199, 517, 195, 77], "position": [2.9984641075134277, 0.9539672136306763, -0.12471833825111389]}, {"prefab_path": "WomensCollection/Prefabs/Rearranged/hanging_dress_1_26", "unique_id": 13, "index": 19, "bbox": [279, 506, 206, 43], "position": [2.7051315307617188, 1.031967282295227, -0.34700363874435425]}, {"prefab_path": "WomensCollection/Prefabs/Rearranged/dress_6_08", "unique_id": 9, "index": 20, "bbox": [26, 540, 222, 56], "position": [2.8735811710357666, 0.7659463882446289, 0.5059998035430908]}, {"prefab_path": "clothing_store/models/prefab/trousers", "unique_id": 14, "index": 21, "bbox": [710, 551, 202, 29], "position": [1.128000020980835, 0.2301410436630249, -2.175999879837036]}, {"prefab_path": "clothing_store/models/prefab/trousers_4", "unique_id": 15, "index": 22, "bbox": [789, 577, 234, 27], "position": [0.36900001764297485, 0.23014092445373535, -2.2330000400543213]}, {"prefab_path": "1498649_store/Prefabs/_itog040", "unique_id": 2, "index": 23, "bbox": [1, 680, 139, 176], "position": [0.2209576964378357, 0.7968116998672485, -0.11915792524814606]}, {"prefab_path": "1498649_store/Prefabs/_itog054", "unique_id": 16, "index": 24, "bbox": [1, 685, 158, 65], "position": [0.25762516260147095, 0.7968116998672485, 0.0013716556131839752]}, {"prefab_path": "1514019/Rearranged/Jeans_Blue_V2", "unique_id": 17, "index": 25, "bbox": [873, 617, 314, 59], "position": [-0.3472910523414612, 1.0603033304214478, -2.2258834838867188]}, {"prefab_path": "1514019/Rearranged/Jeans_Blue_V4", "unique_id": 18, "index": 26, "bbox": [1009, 682, 321, 114], "position": [-1.122583031654358, 0.24453043937683105, -2.1808831691741943]}, {"prefab_path": "WomensCollection/Prefabs/Rearranged/leather_jacket_1_17", "unique_id": 19, "index": 27, "bbox": [1, 742, 260, 264], "position": [-0.10998187959194183, 0.8157875537872314, -0.21539252996444702]}, {"prefab_path": "clothing_store/models/prefab/sneakers", "unique_id": 20, "index": 28, "bbox": [767, 854, 24, 39], "position": [0.39076828956604004, 0.037972718477249146, -2.2187538146972656]}, {"prefab_path": "clothing_store/models/prefab/sneakers_2", "unique_id": 21, "index": 29, "bbox": [845, 941, 31, 39], "position": [-0.31400004029273987, 0.03797270357608795, -2.209076404571533]}, {"prefab_path": "1514019/Rearranged/Sneakers_3", "unique_id": 22, "index": 30, "bbox": [865, 955, 22, 38], "position": [-0.3888784945011139, 0.9197296500205994, -2.2579185962677]}], "relationships": {"up": {"0": [1], "4": [6, 25, 30], "7": [6, 5, 25], "8": [1], "9": [1, 2], "10": [2, 1], "15": [16], "21": [3], "22": [3, 6, 5], "25": [5, 6], "26": [5, 6], "28": [22, 3, 6], "29": [6, 25, 30], "30": [25, 5, 6]}, "down": {"1": [9, 10, 8], "2": [10, 9], "3": [28, 22, 21], "5": [25, 30, 29], "6": [29, 25, 30], "16": [15], "22": [28], "25": [30, 29, 4], "30": [29, 4]}, "left": {"3": [16, 15, 13], "4": [17, 23, 24], "5": [23, 16, 24], "6": [16, 17, 15], "7": [23, 24, 27], "11": [14, 20], "13": [11, 14, 20], "14": [20], "15": [20, 14], "16": [14, 20], "17": [20, 14], "19": [18, 11, 14], "21": [20, 14, 11], "22": [17, 20, 15], "23": [24], "25": [23, 24, 17], "26": [7, 23, 24], "27": [24], "28": [17, 20, 15], "29": [23, 24, 17], "30": [23, 24, 17]}, "right": {"7": [26], "11": [13, 19, 21], "12": [21, 22, 3], "13": [21, 3, 22], "14": [11, 15, 13], "15": [21, 22, 28], "16": [21, 3, 22], "17": [22, 21, 28], "18": [19, 21, 3], "19": [21, 3, 22], "20": [14, 15, 11], "23": [26, 7, 30], "24": [23, 27, 26], "27": [26, 7, 30]}}}]}