{"scenes": [{"objects": [{"prefab_path": "1208725/Jacket_gray", "unique_id": 0, "index": 0, "bbox": [661, 338, 65, 29], "position": [-4.256224632263184, 0.4670906066894531, 10.798367500305176]}, {"prefab_path": "MensCollection/Prefabs/Rearranged/long_coat_10", "unique_id": 1, "index": 1, "bbox": [1207, 361, 46, 11], "position": [3.404181480407715, 1.8822486400604248, 10.181519508361816]}, {"prefab_path": "MensCollection/Prefabs/Rearranged/jacket_3_02", "unique_id": 2, "index": 2, "bbox": [1218, 362, 39, 14], "position": [5.457968711853027, -2.788418769836426, 15.577363967895508]}, {"prefab_path": "MensCollection/Prefabs/Rearranged/jacket_2_03", "unique_id": 3, "index": 3, "bbox": [1338, 362, 48, 50], "position": [3.038898468017578, -1.304472804069519, 11.615259170532227]}, {"prefab_path": "MensCollection/Prefabs/Rearranged/long_coat_10 1", "unique_id": 4, "index": 4, "bbox": [561, 364, 75, 32], "position": [-7.303687572479248, 1.4122800827026367, 10.770576477050781]}, {"prefab_path": "MensCollection/Prefabs/Rearranged/polo shirt 31", "unique_id": 5, "index": 5, "bbox": [620, 371, 61, 18], "position": [-4.327678680419922, 1.8492279052734375, 10.19787311553955]}, {"prefab_path": "MensCollection/Prefabs/Rearranged/vest04", "unique_id": 6, "index": 6, "bbox": [612, 370, 62, 18], "position": [-4.4787373542785645, 1.8383619785308838, 10.20727252960205]}, {"prefab_path": "1208725/Jacket_blue", "unique_id": 7, "index": 7, "bbox": [597, 369, 65, 28], "position": [-5.198862552642822, 0.05314922332763672, 10.166559219360352]}, {"prefab_path": "MensCollection/Prefabs/Rearranged/jacket_3_06", "unique_id": 8, "index": 8, "bbox": [628, 365, 73, 16], "position": [-6.5222368240356445, -0.7599018812179565, 12.819463729858398]}, {"prefab_path": "MensCollection/Prefabs/Rearranged/jacket_2_03", "unique_id": 3, "index": 9, "bbox": [604, 366, 70, 28], "position": [-5.983717441558838, -1.304472804069519, 8.101969718933105]}, {"prefab_path": "MensCollection/Prefabs/Rearranged/long_coat_10 1", "unique_id": 4, "index": 10, "bbox": [686, 371, 67, 10], "position": [-2.7632079124450684, 1.4082798957824707, 12.374472618103027]}, {"prefab_path": "1208725/Jacket_gray", "unique_id": 0, "index": 11, "bbox": [678, 369, 66, 13], "position": [-4.019626617431641, 0.05311131477355957, 10.806544303894043]}, {"prefab_path": "MensCollection/Prefabs/Rearranged/jacket_4_09", "unique_id": 9, "index": 12, "bbox": [644, 365, 74, 29], "position": [-3.9378883838653564, 1.8144786357879639, 10.210177421569824]}, {"prefab_path": "1208725/Jacket_red", "unique_id": 10, "index": 13, "bbox": [654, 382, 52, 18], "position": [-2.978415012359619, 2.926980495452881, 12.099124908447266]}, {"prefab_path": "MensCollection/Prefabs/Rearranged/long_coat_06", "unique_id": 11, "index": 14, "bbox": [669, 364, 77, 27], "position": [-2.8060922622680664, 0.6689841747283936, 11.099853515625]}, {"prefab_path": "MensCollection/Prefabs/Rearranged/long_coat_10", "unique_id": 1, "index": 15, "bbox": [712, 364, 77, 36], "position": [-2.892778158187866, 1.8822486400604248, 10.174792289733887]}, {"prefab_path": "MensCollection/Prefabs/Rearranged/long_coat_06", "unique_id": 11, "index": 16, "bbox": [840, 363, 79, 39], "position": [-0.20093059539794922, 0.6689841747283936, 9.408878326416016]}, {"prefab_path": "MensCollection/Prefabs/Rearranged/long_coat_12", "unique_id": 12, "index": 17, "bbox": [887, 363, 80, 20], "position": [-0.19621741771697998, 0.4726707935333252, 9.374186515808105]}, {"prefab_path": "MensCollection/Prefabs/Rearranged/jacket_2_06", "unique_id": 13, "index": 18, "bbox": [922, 364, 74, 13], "position": [-1.9335691928863525, -2.101559638977051, 5.981536865234375]}, {"prefab_path": "1208725/Jacket_red", "unique_id": 10, "index": 19, "bbox": [909, 368, 68, 16], "position": [0.5015848875045776, 2.926980495452881, 12.105123519897461]}, {"prefab_path": "MensCollection/Prefabs/Rearranged/long_coat_10", "unique_id": 1, "index": 20, "bbox": [900, 363, 80, 18], "position": [-0.4718266725540161, 1.882248878479004, 10.193239212036133]}, {"prefab_path": "MensCollection/Prefabs/Rearranged/jacket_3_02", "unique_id": 2, "index": 21, "bbox": [982, 363, 78, 12], "position": [-1.443185806274414, -2.788418769836426, 4.8359575271606445]}, {"prefab_path": "MensCollection/Prefabs/Rearranged/jacket_4_09", "unique_id": 9, "index": 22, "bbox": [945, 363, 78, 15], "position": [0.13511158525943756, 1.8144785165786743, 10.215176582336426]}, {"prefab_path": "MensCollection/Prefabs/Rearranged/jacket_2_03", "unique_id": 3, "index": 23, "bbox": [968, 364, 74, 15], "position": [-1.0137174129486084, -1.304472804069519, 8.101969718933105]}, {"prefab_path": "1208725/Jacket_gray", "unique_id": 0, "index": 24, "bbox": [957, 368, 69, 11], "position": [-0.2576265335083008, 0.05311131477355957, 10.806544303894043]}, {"prefab_path": "MensCollection/Prefabs/Rearranged/jacket_2_06", "unique_id": 13, "index": 25, "bbox": [1005, 364, 74, 46], "position": [5.313246726989746, -2.101559638977051, 8.457216262817383]}, {"prefab_path": "MensCollection/Prefabs/Rearranged/jacket_1", "unique_id": 14, "index": 26, "bbox": [1149, 362, 78, 49], "position": [2.8005502223968506, -1.044653296470642, 11.407914161682129]}, {"prefab_path": "MensCollection/Prefabs/Rearranged/polo shirt 07", "unique_id": 15, "index": 27, "bbox": [1290, 368, 69, 10], "position": [4.329959869384766, 1.8492279052734375, 10.193408012390137]}, {"prefab_path": "MensCollection/Prefabs/Rearranged/jacket_4_05", "unique_id": 16, "index": 28, "bbox": [1272, 361, 82, 21], "position": [4.6850996017456055, 2.1888985633850098, 13.21015739440918]}, {"prefab_path": "870230/hoodie09", "unique_id": 17, "index": 29, "bbox": [1309, 368, 68, 15], "position": [4.588064193725586, 2.0665478706359863, 10.205558776855469]}, {"prefab_path": "870230/hoodie03", "unique_id": 18, "index": 30, "bbox": [1297, 368, 68, 18], "position": [4.463072776794434, 2.0649633407592773, 10.191285133361816]}, {"prefab_path": "MensCollection/Prefabs/Rearranged/jacket_2_03", "unique_id": 3, "index": 31, "bbox": [327, 489, 17, 7], "position": [-2.7935948371887207, -2.3494725227355957, 3.191952705383301]}, {"prefab_path": "MensCollection/Prefabs/Rearranged/jacket_2_03", "unique_id": 3, "index": 32, "bbox": [367, 488, 19, 25], "position": [-5.124701499938965, -2.3494725227355957, 4.779130458831787]}, {"prefab_path": "1514019/Rearranged/Jeans_Blue_V2", "unique_id": 19, "index": 33, "bbox": [563, 448, 75, 30], "position": [-5.106708526611328, 1.0603033304214478, 10.124775886535645]}, {"prefab_path": "1514019/Rearranged/Jeans_Blue", "unique_id": 20, "index": 34, "bbox": [615, 449, 73, 30], "position": [-4.373626708984375, 0.24459731578826904, 10.170893669128418]}, {"prefab_path": "clothing_store/models/prefab/T_shirt_9", "unique_id": 21, "index": 35, "bbox": [668, 459, 9, 1], "position": [-2.312352180480957, 0.3799999952316284, 8.11841106414795]}, {"prefab_path": "1208725/Jacket_gray", "unique_id": 0, "index": 36, "bbox": [678, 462, 8, 2], "position": [-2.9131946563720703, -0.9918884634971619, 8.604702949523926]}, {"prefab_path": "MensCollection/Prefabs/Rearranged/long_coat_10", "unique_id": 1, "index": 37, "bbox": [647, 459, 11, 9], "position": [-2.3800532817840576, 0.7959689497947693, 7.93745756149292]}, {"prefab_path": "MensCollection/Prefabs/Rearranged/jacket_2_06", "unique_id": 13, "index": 38, "bbox": [688, 457, 11, 5], "position": [-3.879028797149658, -3.146559000015259, 3.9976348876953125]}, {"prefab_path": "1514019/Rearranged/Jeans_Grey", "unique_id": 22, "index": 39, "bbox": [668, 451, 19, 28], "position": [-3.613121747970581, 0.27026891708374023, 10.160041809082031]}, {"prefab_path": "1514019/Rearranged/Jeans_Blue_V4", "unique_id": 23, "index": 40, "bbox": [716, 450, 21, 29], "position": [-2.897573947906494, 0.24453043937683105, 10.14792537689209]}, {"prefab_path": "MensCollection/Prefabs/Rearranged/long_coat_06", "unique_id": 11, "index": 41, "bbox": [700, 454, 12, 10], "position": [-0.7459146976470947, -0.3760156035423279, 7.816068649291992]}, {"prefab_path": "MensCollection/Prefabs/Rearranged/jacket_3_06", "unique_id": 8, "index": 42, "bbox": [699, 457, 11, 7], "position": [-2.532599449157715, -1.8049027919769287, 11.620647430419922]}, {"prefab_path": "clothing_store/models/prefab/cap_4", "unique_id": 24, "index": 43, "bbox": [739, 460, 12, 26], "position": [-1.3110499382019043, 1.238464593887329, 8.018065452575684]}, {"prefab_path": "clothing_store/models/prefab/cap_3", "unique_id": 25, "index": 44, "bbox": [768, 460, 11, 21], "position": [-1.0737088918685913, 1.238464593887329, 8.004642486572266]}, {"prefab_path": "1514019/Rearranged/Hat_NY_PD", "unique_id": 26, "index": 45, "bbox": [787, 456, 21, 22], "position": [0.08391869068145752, 0.4020349979400635, 8.012838363647461]}, {"prefab_path": "clothing_store/models/prefab/cap_2", "unique_id": 27, "index": 46, "bbox": [829, 462, 12, 30], "position": [-0.3989103436470032, 1.238464593887329, 7.930302619934082]}, {"prefab_path": "1514019/Rearranged/Jeans_Grey", "unique_id": 22, "index": 47, "bbox": [847, 453, 69, 27], "position": [-1.1220009326934814, 0.27026891708374023, 10.20573616027832]}, {"prefab_path": "clothing_store/models/prefab/cap", "unique_id": 28, "index": 48, "bbox": [864, 462, 12, 24], "position": [-0.025700092315673828, 1.2400000095367432, 7.9725847244262695]}, {"prefab_path": "clothing_store/models/prefab/cap_3", "unique_id": 25, "index": 49, "bbox": [911, 463, 12, 21], "position": [0.41537535190582275, 1.238464593887329, 7.932512283325195]}, {"prefab_path": "clothing_store/models/prefab/trousers_4", "unique_id": 29, "index": 50, "bbox": [898, 451, 65, 38], "position": [-0.34700000286102295, 0.23014092445373535, 10.155158042907715]}, {"prefab_path": "clothing_store/models/prefab/cap_5", "unique_id": 30, "index": 51, "bbox": [973, 463, 12, 20], "position": [1.0043755769729614, 1.2384647130966187, 7.987512588500977]}, {"prefab_path": "clothing_store/models/prefab/cap_3", "unique_id": 25, "index": 52, "bbox": [946, 463, 12, 23], "position": [0.7833051085472107, 1.238464593887329, 7.954792499542236]}, {"prefab_path": "1514019/Rearranged/Jeans_Blue_V4", "unique_id": 23, "index": 53, "bbox": [956, 452, 80, 29], "position": [0.3692910671234131, 0.24453043937683105, 10.14792537689209]}, {"prefab_path": "clothing_store/models/prefab/cap_2", "unique_id": 27, "index": 54, "bbox": [990, 464, 13, 26], "position": [1.2450238466262817, 1.238464593887329, 7.917387008666992]}, {"prefab_path": "1514019/Rearranged/Jeans_Blue", "unique_id": 20, "index": 55, "bbox": [1015, 453, 79, 29], "position": [1.128291368484497, 0.24459731578826904, 10.205737113952637]}, {"prefab_path": "MensCollection/Prefabs/Rearranged/long_coat_12", "unique_id": 12, "index": 56, "bbox": [1076, 458, 12, 7], "position": [2.776275157928467, -0.5723292231559753, 7.80937385559082]}, {"prefab_path": "MensCollection/Prefabs/Rearranged/jacket_4_05", "unique_id": 16, "index": 57, "bbox": [1065, 463, 12, 10], "position": [4.420899391174316, 1.1438984870910645, 6.37559700012207]}, {"prefab_path": "1208725/Jacket_gray", "unique_id": 0, "index": 58, "bbox": [1068, 470, 13, 5], "position": [2.435275077819824, -0.991888701915741, 8.47882080078125]}, {"prefab_path": "MensCollection/Prefabs/Rearranged/long_coat_10 1", "unique_id": 4, "index": 59, "bbox": [1102, 457, 14, 7], "position": [3.6193172931671143, 0.36327970027923584, 9.925349235534668]}, {"prefab_path": "1208725/Jacket_blue", "unique_id": 7, "index": 60, "bbox": [1108, 468, 6, 4], "position": [1.8781383037567139, -0.9918507933616638, 8.527131080627441]}, {"prefab_path": "MensCollection/Prefabs/Rearranged/jacket_1", "unique_id": 14, "index": 61, "bbox": [1120, 462, 12, 7], "position": [1.8449554443359375, -2.089653491973877, 9.190049171447754]}, {"prefab_path": "1514019/Rearranged/Jeans_Blue", "unique_id": 20, "index": 62, "bbox": [1157, 454, 83, 31], "position": [2.9052960872650146, 0.24459731578826904, 10.136702537536621]}, {"prefab_path": "1514019/Rearranged/Sport_Pants", "unique_id": 31, "index": 63, "bbox": [1280, 458, 80, 31], "position": [4.382735729217529, 0.2701929807662964, 10.202250480651855]}, {"prefab_path": "1208725/Jacket_gray", "unique_id": 0, "index": 64, "bbox": [269, 505, 9, 13], "position": [-2.7067809104919434, -0.9918884634971619, 4.541658401489258]}, {"prefab_path": "MensCollection/Prefabs/Rearranged/jacket_2_03", "unique_id": 3, "index": 65, "bbox": [291, 498, 13, 7], "position": [-1.0627851486206055, -2.3907523155212402, 4.111783027648926]}, {"prefab_path": "1208725/Jacket_gray", "unique_id": 0, "index": 66, "bbox": [265, 503, 12, 13], "position": [-3.1684372425079346, -0.9918884634971619, 4.575722694396973]}, {"prefab_path": "MensCollection/Prefabs/Rearranged/jacket_1", "unique_id": 14, "index": 67, "bbox": [225, 495, 82, 99], "position": [-4.108421802520752, -2.089653730392456, 5.155803680419922]}, {"prefab_path": "MensCollection/Prefabs/Rearranged/jacket_4_05", "unique_id": 16, "index": 68, "bbox": [284, 495, 84, 40], "position": [-1.669055700302124, 1.1438989639282227, 2.495516777038574]}, {"prefab_path": "870230/hoodie04", "unique_id": 32, "index": 69, "bbox": [317, 506, 73, 41], "position": [-2.687845230102539, 1.0200375318527222, 5.437620639801025]}, {"prefab_path": "MensCollection/Prefabs/Rearranged/jacket_3_06", "unique_id": 8, "index": 70, "bbox": [305, 489, 22, 13], "position": [-6.506183624267578, -1.8049023151397705, 4.6531662940979]}, {"prefab_path": "870230/hoodie09", "unique_id": 17, "index": 71, "bbox": [332, 496, 19, 76], "position": [-2.895812511444092, 1.0215479135513306, 5.804606914520264]}, {"prefab_path": "MensCollection/Prefabs/Rearranged/jacket_2_06", "unique_id": 13, "index": 72, "bbox": [324, 493, 88, 84], "position": [1.551832675933838, -3.146559476852417, 3.814877510070801]}, {"prefab_path": "1208725/Jacket_red", "unique_id": 10, "index": 73, "bbox": [369, 498, 16, 12], "position": [-0.6243176460266113, 1.8819808959960938, 5.853271484375]}, {"prefab_path": "1208725/Jacket_red", "unique_id": 10, "index": 74, "bbox": [621, 466, 97, 46], "position": [-3.6855831146240234, 1.8819811344146729, 6.265137672424316]}, {"prefab_path": "870230/hoodie04", "unique_id": 32, "index": 75, "bbox": [611, 469, 87, 57], "position": [-2.3153698444366455, 1.0200375318527222, 7.789292335510254]}, {"prefab_path": "MensCollection/Prefabs/Rearranged/long_coat_06", "unique_id": 11, "index": 76, "bbox": [677, 455, 105, 44], "position": [-2.7884840965270996, -0.376015841960907, 8.74313735961914]}, {"prefab_path": "870230/hoodie03", "unique_id": 18, "index": 77, "bbox": [636, 469, 92, 37], "position": [-2.0913333892822266, 1.0199635028839111, 7.714061737060547]}, {"prefab_path": "1208725/Jacket_gray", "unique_id": 0, "index": 78, "bbox": [679, 466, 93, 34], "position": [-2.699258327484131, -0.9918884634971619, 7.651108741760254]}, {"prefab_path": "MensCollection/Prefabs/Rearranged/jacket_3_02", "unique_id": 2, "index": 79, "bbox": [666, 461, 107, 18], "position": [-0.9259231090545654, -3.833418130874634, 2.120659828186035]}, {"prefab_path": "MensCollection/Prefabs/Rearranged/long_coat_06", "unique_id": 11, "index": 80, "bbox": [834, 493, 19, 12], "position": [0.15885448455810547, -0.376015841960907, 6.721140384674072]}, {"prefab_path": "MensCollection/Prefabs/Rearranged/long_coat_10", "unique_id": 1, "index": 81, "bbox": [826, 499, 21, 18], "position": [0.7175581455230713, 0.8372488021850586, 5.36948299407959]}, {"prefab_path": "MensCollection/Prefabs/Rearranged/jacket_4_05", "unique_id": 16, "index": 82, "bbox": [850, 497, 19, 9], "position": [2.275010585784912, 1.1438989639282227, 3.0930662155151367]}, {"prefab_path": "MensCollection/Prefabs/Rearranged/jacket_4_05", "unique_id": 16, "index": 83, "bbox": [866, 495, 30, 11], "position": [1.165839672088623, 1.1438990831375122, 2.7456912994384766]}, {"prefab_path": "MensCollection/Prefabs/Rearranged/jacket_2_03", "unique_id": 3, "index": 84, "bbox": [886, 497, 20, 9], "position": [-0.5522348880767822, -2.3494725227355957, 3.7142910957336426]}, {"prefab_path": "MensCollection/Prefabs/Rearranged/polo shirt 05", "unique_id": 33, "index": 85, "bbox": [914, 511, 19, 13], "position": [22.009984970092773, 8.4669189453125, -13.386199951171875]}, {"prefab_path": "MensCollection/Prefabs/Rearranged/jacket_2_03", "unique_id": 3, "index": 86, "bbox": [899, 498, 19, 16], "position": [-1.3267014026641846, -2.3494725227355957, 4.779130458831787]}, {"prefab_path": "1208725/Jacket_gray", "unique_id": 0, "index": 87, "bbox": [908, 513, 15, 9], "position": [0.525827169418335, -0.9918884634971619, 5.015819549560547]}, {"prefab_path": "1514019/Rearranged/Sneakers_3", "unique_id": 34, "index": 88, "bbox": [978, 538, 11, 13], "position": [0.42489832639694214, 0.9197296500205994, 10.10682487487793]}, {"prefab_path": "1208725/Jacket_gray", "unique_id": 0, "index": 89, "bbox": [1064, 472, 106, 25], "position": [1.7853248119354248, -0.9918884634971619, 8.523041725158691]}, {"prefab_path": "MensCollection/Prefabs/Rearranged/jacket_4_05", "unique_id": 16, "index": 90, "bbox": [1088, 466, 121, 15], "position": [1.544614553451538, 1.1438987255096436, 4.705042839050293]}, {"prefab_path": "MensCollection/Prefabs/Rearranged/long_coat_06", "unique_id": 11, "index": 91, "bbox": [1044, 461, 119, 56], "position": [3.0652806758880615, -0.3760160803794861, 7.606773376464844]}, {"prefab_path": "MensCollection/Prefabs/Rearranged/jacket_1", "unique_id": 14, "index": 92, "bbox": [1100, 466, 119, 28], "position": [3.232349395751953, -2.089653730392456, 8.431015014648438]}, {"prefab_path": "MensCollection/Prefabs/Rearranged/jacket_3_02", "unique_id": 2, "index": 93, "bbox": [1099, 466, 112, 53], "position": [-1.1190185546875, -3.833418607711792, 12.424513816833496]}, {"prefab_path": "MensCollection/Prefabs/Rearranged/long_coat_10 1", "unique_id": 4, "index": 94, "bbox": [1099, 460, 117, 57], "position": [4.518155097961426, 0.36327970027923584, 7.359545707702637]}, {"prefab_path": "1514019/Rearranged/Cap", "unique_id": 35, "index": 95, "bbox": [90, 564, 40, 90], "position": [1.2923972606658936, 0.4325745105743408, 3.7658531665802]}, {"prefab_path": "clothing_store/models/prefab/cap_5", "unique_id": 30, "index": 96, "bbox": [174, 563, 36, 80], "position": [-1.0737088918685913, 1.238464593887329, 3.820857524871826]}, {"prefab_path": "clothing_store/models/prefab/cap_5", "unique_id": 30, "index": 97, "bbox": [198, 564, 41, 113], "position": [-0.8517775535583496, 1.2384647130966187, 3.852278709411621]}, {"prefab_path": "clothing_store/models/prefab/cap_5", "unique_id": 30, "index": 98, "bbox": [305, 574, 39, 91], "position": [-0.3989103436470032, 1.238464593887329, 3.746518135070801]}, {"prefab_path": "1514019/Rearranged/Cap", "unique_id": 35, "index": 99, "bbox": [384, 577, 45, 100], "position": [2.577747106552124, 0.4341099262237549, 3.7203729152679443]}, {"prefab_path": "1514019/Rearranged/Sneakers_3", "unique_id": 34, "index": 100, "bbox": [748, 583, 13, 14], "position": [-1.0925908088684082, 0.9202215671539307, 7.821371078491211]}, {"prefab_path": "MensCollection/Prefabs/Rearranged/long_coat_12", "unique_id": 12, "index": 101, "bbox": [803, 501, 98, 73], "position": [0.7649593353271484, -0.5723292231559753, 6.2204108238220215]}, {"prefab_path": "MensCollection/Prefabs/Rearranged/vest03", "unique_id": 36, "index": 102, "bbox": [849, 520, 80, 26], "position": [0.9470188617706299, 0.7933619022369385, 5.299872875213623]}, {"prefab_path": "MensCollection/Prefabs/Rearranged/long_coat_10 1", "unique_id": 4, "index": 103, "bbox": [875, 501, 149, 29], "position": [0.4022548198699951, 0.36327970027923584, 7.511588096618652]}, {"prefab_path": "MensCollection/Prefabs/Rearranged/jacket_4_05", "unique_id": 16, "index": 104, "bbox": [890, 505, 125, 57], "position": [3.505703926086426, 1.1438989639282227, 3.5406699180603027]}, {"prefab_path": "MensCollection/Prefabs/Rearranged/long_coat_10 1", "unique_id": 4, "index": 105, "bbox": [1031, 575, 38, 10], "position": [2.673292636871338, 0.3219999074935913, 6.196288108825684]}, {"prefab_path": "1514019/Rearranged/Shoes_Preppy", "unique_id": 37, "index": 106, "bbox": [1161, 544, 12, 32], "position": [3.6493887901306152, 0.929382860660553, 10.20057487487793]}, {"prefab_path": "clothing_store/models/prefab/cap_4", "unique_id": 24, "index": 107, "bbox": [517, 581, 41, 84], "position": [0.41537535190582275, 1.238464593887329, 3.748727560043335]}, {"prefab_path": "clothing_store/models/prefab/cap_3", "unique_id": 25, "index": 108, "bbox": [595, 583, 48, 88], "position": [0.7833051085472107, 1.238464593887329, 3.771008014678955]}, {"prefab_path": "clothing_store/models/prefab/cap_5", "unique_id": 30, "index": 109, "bbox": [688, 582, 42, 65], "position": [1.0043755769729614, 1.2384647130966187, 3.803727388381958]}, {"prefab_path": "clothing_store/models/prefab/cap_4", "unique_id": 24, "index": 110, "bbox": [711, 591, 51, 93], "position": [1.2450238466262817, 1.238464593887329, 3.733602285385132]}, {"prefab_path": "MensCollection/Prefabs/Rearranged/jacket_3_02", "unique_id": 2, "index": 111, "bbox": [929, 587, 41, 42], "position": [6.044172286987305, -3.83341908454895, -0.06486701965332031]}, {"prefab_path": "1208725/Jacket_blue", "unique_id": 7, "index": 112, "bbox": [979, 598, 33, 9], "position": [1.543863296508789, -0.9918507933616638, 3.565112590789795]}, {"prefab_path": "MensCollection/Prefabs/Rearranged/jacket_2_03", "unique_id": 3, "index": 113, "bbox": [931, 597, 40, 39], "position": [-0.29205989837646484, -2.3494725227355957, 5.114860534667969]}, {"prefab_path": "clothing_store/models/prefab/sneakers_2", "unique_id": 38, "index": 114, "bbox": [966, 593, 16, 39], "position": [1.0562915802001953, 0.03846466541290283, 7.806974411010742]}, {"prefab_path": "870230/hoodie03", "unique_id": 18, "index": 115, "bbox": [1024, 592, 48, 75], "position": [2.175859212875366, 1.0199635028839111, 4.017637252807617]}, {"prefab_path": "MensCollection/Prefabs/Rearranged/shirt_hung_up21", "unique_id": 39, "index": 116, "bbox": [1067, 589, 46, 26], "position": [2.255842924118042, 0.8033309578895569, 3.948654890060425]}, {"prefab_path": "MensCollection/Prefabs/Rearranged/jacket_3_02", "unique_id": 2, "index": 117, "bbox": [1069, 590, 97, 109], "position": [-3.4026525020599365, -3.833418130874634, 4.205367088317871]}, {"prefab_path": "MensCollection/Prefabs/Rearranged/polo shirt 28", "unique_id": 40, "index": 118, "bbox": [1092, 625, 40, 29], "position": [2.342479705810547, 0.8042279481887817, 3.7673537731170654]}, {"prefab_path": "MensCollection/Prefabs/Rearranged/jacket_4_05", "unique_id": 16, "index": 119, "bbox": [853, 603, 185, 144], "position": [-0.9654827117919922, 1.1438989639282227, 2.5310559272766113]}, {"prefab_path": "MensCollection/Prefabs/Rearranged/long_coat_06", "unique_id": 11, "index": 120, "bbox": [981, 606, 182, 61], "position": [2.8773539066314697, -0.376015841960907, 4.428483963012695]}, {"prefab_path": "MensCollection/Prefabs/Rearranged/long_coat_06", "unique_id": 11, "index": 121, "bbox": [1025, 604, 184, 81], "position": [1.9502851963043213, -0.3760156035423279, 2.3859148025512695]}, {"prefab_path": "870230/hoodie09", "unique_id": 17, "index": 122, "bbox": [906, 634, 154, 115], "position": [1.9829829931259155, 1.0215479135513306, 3.547151803970337]}, {"prefab_path": "870230/hoodie03", "unique_id": 18, "index": 123, "bbox": [1040, 631, 157, 145], "position": [2.3042728900909424, 1.0199635028839111, 3.63665509223938]}], "relationships": {"right": {"0": [14, 24, 40], "1": [27, 30, 29], "4": [14, 33, 6], "5": [12, 15, 20], "6": [5, 12, 15], "7": [24, 34, 39], "8": [42, 10, 2], "9": [36, 23, 89], "10": [28, 19, 26], "11": [24, 14, 47], "12": [15, 20, 22], "13": [19, 28, 1], "14": [24, 47, 50], "15": [20, 22, 1], "16": [59, 106, 63], "17": [59, 63, 62], "18": [113, 101, 25], "19": [28, 30, 29], "20": [22, 1, 27], "21": [113, 72, 120], "22": [1, 27, 30], "23": [58, 60, 89], "24": [55, 62, 26], "30": [29], "31": [84, 65, 72], "32": [113, 67, 86], "33": [88, 12, 14], "34": [39, 40, 24], "35": [45, 100, 114], "36": [89, 60, 58], "37": [100, 43, 44], "38": [21, 65, 72], "39": [40, 47, 24], "40": [47, 50, 24], "41": [114, 56, 91], "42": [3, 26, 61], "43": [44, 46, 48], "44": [46, 48, 49], "45": [114, 91, 56], "46": [48, 49, 51], "47": [50, 53, 55], "48": [49, 51, 52], "49": [51, 52, 54], "50": [53, 55, 62], "51": [54, 94, 59], "52": [51, 54, 94], "53": [55, 62, 63], "54": [94, 59, 57], "55": [62, 63, 59], "56": [94, 25], "58": [25], "59": [63], "60": [58, 25, 63], "61": [92, 25], "62": [63, 59], "64": [87, 120, 101], "65": [72, 112, 120], "66": [87, 64, 120], "67": [18, 113, 86], "68": [119, 83, 82], "69": [57, 81, 102], "70": [67, 32, 113], "71": [57, 105, 73], "73": [57, 105, 94], "74": [73, 57, 54], "75": [77, 100, 44], "76": [59, 63, 17], "77": [100, 46, 48], "78": [58, 60, 89], "79": [72, 111], "80": [91, 94, 56], "81": [102, 57, 105], "82": [104], "83": [82, 104, 123], "84": [72, 112, 120], "86": [113, 87, 72], "87": [120, 105, 94], "88": [106, 62, 63], "89": [60, 58, 25], "90": [57, 94], "91": [94], "92": [25], "93": [2, 3], "95": [99, 116, 118], "96": [97, 98, 107], "97": [98, 107, 109], "98": [107, 109, 108], "100": [46, 48, 49], "101": [105, 91, 94], "102": [57, 105, 94], "103": [114, 94, 91], "105": [57, 94], "107": [109, 108, 110], "108": [109, 110, 115], "109": [110, 115, 123], "110": [115, 123, 122], "112": [120], "113": [120, 25, 92], "114": [91, 56, 94], "115": [104], "116": [104], "117": [21, 72, 65], "118": [104], "119": [83, 82, 104], "122": [123, 104, 118], "123": [104]}, "left": {"0": [7, 4], "1": [22, 20, 15], "2": [8, 93, 42], "3": [42, 11, 24], "5": [6, 4], "6": [4], "10": [4, 8], "11": [7, 4], "12": [5, 6, 33], "13": [4], "14": [0, 11, 4], "15": [12, 5, 6], "16": [35, 76, 40], "17": [76, 35, 40], "18": [67, 70, 32], "19": [13, 4, 10], "20": [15, 12, 5], "21": [32, 38, 67], "22": [20, 15, 12], "23": [78, 9, 36], "24": [7, 34, 39], "25": [92, 23, 78], "26": [24, 11, 7], "27": [1, 22, 20], "28": [13, 10, 19], "29": [30, 1, 22], "30": [1, 22, 20], "31": [70], "32": [70], "33": [4], "34": [7, 4], "35": [9, 4], "36": [9], "37": [9], "38": [70], "39": [34, 7, 33], "40": [39, 34, 7], "41": [78, 35, 76], "42": [8, 4], "43": [75, 77, 37], "44": [43, 75, 77], "45": [35, 37, 100], "46": [44, 43, 77], "47": [40, 39, 34], "48": [46, 44, 43], "49": [48, 46, 77], "50": [47, 40, 39], "51": [52, 49, 48], "52": [49, 48, 46], "53": [50, 47, 40], "54": [52, 51, 49], "55": [53, 50, 47], "56": [41, 114, 78], "57": [69, 71, 81], "58": [60, 89, 78], "59": [17, 16, 62], "60": [89, 78, 23], "61": [9, 23, 36], "62": [55, 53, 50], "63": [62, 59, 17], "64": [66, 70, 32], "65": [31, 38, 32], "66": [70, 32], "67": [70, 32], "69": [70], "72": [31, 84, 38], "73": [74, 69, 71], "75": [9], "76": [9, 4], "77": [75, 9], "78": [9, 70], "79": [70], "80": [78, 71, 69], "81": [69, 71, 96], "82": [68, 119, 83], "83": [119, 68, 96], "84": [31, 38, 32], "86": [32, 70, 67], "87": [66, 64, 70], "88": [33, 47, 40], "89": [78, 23, 9], "90": [97, 96, 98], "91": [80, 114, 41], "92": [23, 61, 78], "93": [8], "94": [103, 80, 91], "95": [98, 96, 97], "96": [70], "97": [96, 70], "98": [96, 97, 70], "99": [95, 110, 108], "100": [77, 75, 37], "101": [66, 64, 70], "102": [81, 69, 71], "103": [100, 77, 37], "104": [122, 123, 82], "105": [69, 71, 81], "106": [88, 16, 17], "107": [98, 96, 97], "108": [107, 98, 96], "109": [108, 107, 98], "110": [108, 109, 107], "111": [79, 31, 38], "112": [31, 84, 64], "113": [86, 32, 21], "114": [103, 41, 45], "115": [98, 107, 109], "116": [95, 108, 109], "117": [70], "118": [122, 95, 110], "119": [68], "120": [112, 95, 64], "121": [119, 68, 31], "122": [110, 108, 109], "123": [122, 110, 108]}, "up": {"0": [5, 6, 12], "2": [28], "3": [1, 106, 27], "7": [33, 6, 5], "10": [13], "11": [0, 12, 5], "14": [13], "16": [20], "17": [16, 20, 22], "18": [69, 71, 73], "21": [86, 96, 97], "23": [44, 100, 43], "24": [20, 22, 19], "25": [94, 29, 30], "26": [1, 106, 27], "27": [30], "31": [68, 96, 119], "32": [74, 71, 69], "34": [5, 6, 12], "35": [37, 75, 77], "36": [76, 35, 37], "37": [75], "38": [66, 64, 69], "39": [12, 5, 15], "40": [15, 12, 13], "41": [100, 46, 44], "42": [14, 13, 10], "45": [48, 49, 46], "47": [20], "50": [20, 22], "53": [88, 22, 20], "55": [22, 19], "58": [54, 51, 1], "59": [106, 1, 27], "60": [54, 51, 52], "61": [60, 89, 55], "62": [1], "63": [27, 30, 29], "64": [69, 71, 74], "65": [96, 97, 98], "66": [69, 71, 74], "67": [74, 71, 69], "72": [112, 95, 110], "76": [15], "78": [75, 37, 35], "79": [119, 68, 96], "80": [73], "84": [98, 97, 96], "86": [96, 97, 73], "87": [81, 102, 90], "88": [22], "89": [54, 51, 52], "92": [56, 58, 91], "93": [10, 19, 24], "95": [110, 109, 108], "99": [118, 123], "100": [44], "101": [81, 102, 73], "103": [49, 52, 48], "106": [1, 27, 30], "112": [95, 110, 122], "113": [73, 87, 81], "114": [51, 54, 52], "116": [115], "117": [66, 64, 67], "118": [123], "120": [116, 115, 118], "121": [82, 83]}, "down": {"0": [11], "1": [106, 59, 62], "5": [34, 0, 11], "6": [34, 0, 7], "10": [42, 93], "12": [39, 34, 11], "13": [10, 42, 14], "14": [42, 93], "15": [40, 39, 11], "16": [17, 61, 93], "17": [93], "19": [24, 93, 53], "20": [50, 24, 47], "22": [53, 88, 50], "24": [93], "27": [63, 106, 59], "28": [3, 2], "29": [63, 59, 25], "30": [63, 27, 106], "33": [7], "35": [78, 36], "37": [35, 78, 36], "40": [42, 93], "41": [23], "43": [23, 41, 78], "44": [23, 100, 41], "45": [23], "46": [41, 45, 23], "47": [93], "48": [45, 103, 41], "49": [45, 103, 114], "50": [93], "51": [114, 89, 60], "52": [114, 103, 89], "53": [93], "54": [114, 89, 60], "55": [61], "56": [92], "57": [25, 92], "58": [92], "59": [92], "60": [61], "62": [61, 92], "64": [117, 38, 21], "66": [117, 38], "67": [117], "68": [79, 31, 84], "69": [64, 18, 66], "71": [18, 66, 64], "73": [113, 80, 86], "74": [67, 78, 66], "75": [37, 35, 78], "76": [36], "77": [35, 78, 23], "81": [87, 101, 113], "82": [121, 112, 72], "83": [121, 112, 72], "86": [21], "87": [113, 72], "88": [53, 61, 93], "89": [61], "90": [72, 87, 112], "91": [92], "94": [25, 92], "95": [72, 112, 84], "96": [65, 84, 86], "97": [84, 65, 86], "98": [84, 65, 113], "99": [72, 112], "100": [23, 41, 18], "102": [87, 101, 113], "104": [120, 72], "106": [59, 26, 3], "107": [84, 72, 112], "108": [95, 72, 112], "109": [95, 72, 112], "110": [95, 72, 112], "112": [72], "114": [61], "115": [116, 72, 112], "116": [72, 120, 112], "118": [99, 72, 112], "119": [79, 84, 65], "120": [72], "121": [72], "122": [112, 72, 79], "123": [118, 99, 112]}}}]}