{"scenes": [{"objects": [{"prefab_path": "1498649_store/Prefabs/_itog049", "unique_id": 0, "index": 0, "bbox": [619, 352, 136, 46], "position": [5.038854122161865, 2.367363214492798, -2.2208611965179443]}, {"prefab_path": "MensCollection/Prefabs/Rearranged/long_coat_12", "unique_id": 1, "index": 1, "bbox": [669, 326, 177, 56], "position": [5.2076873779296875, 0.9982225894927979, -1.8203847408294678]}, {"prefab_path": "1498649_store/Prefabs/_itog044", "unique_id": 2, "index": 2, "bbox": [730, 328, 161, 62], "position": [3.748854160308838, 2.367363214492798, -2.2208611965179443]}, {"prefab_path": "870230/hoodie04", "unique_id": 3, "index": 3, "bbox": [1128, 396, 241, 155], "position": [1.1003618240356445, 2.065037488937378, -2.218021869659424]}, {"prefab_path": "1498649_store/Prefabs/_itog029", "unique_id": 4, "index": 4, "bbox": [1312, 377, 286, 70], "position": [0.6443062424659729, 1.8418116569519043, -2.2207653522491455]}, {"prefab_path": "1498649_store/Prefabs/_itog031", "unique_id": 5, "index": 5, "bbox": [1410, 382, 309, 65], "position": [0.37830623984336853, 1.8005318641662598, -2.2227654457092285]}, {"prefab_path": "1498649_store/Prefabs/_itog049", "unique_id": 0, "index": 6, "bbox": [1433, 367, 312, 55], "position": [0.320984810590744, 1.8418116569519043, -2.2238543033599854]}, {"prefab_path": "MensCollection/Prefabs/Rearranged/jacket_4_05", "unique_id": 6, "index": 7, "bbox": [1468, 358, 371, 56], "position": [-0.29883188009262085, 2.1476187705993652, -5.227154731750488]}, {"prefab_path": "WomensCollection/Prefabs/Rearranged/blouse_01_60", "unique_id": 7, "index": 8, "bbox": [1516, 403, 279, 59], "position": [0.12567850947380066, 1.8001686334609985, -2.2240889072418213]}, {"prefab_path": "WomensCollection/Prefabs/Rearranged/leather_jacket_1_17", "unique_id": 8, "index": 9, "bbox": [1642, 373, 315, 66], "position": [-0.1506785899400711, 1.860787272453308, -2.2229113578796387]}, {"prefab_path": "WomensCollection/Prefabs/Rearranged/blouse_2_07", "unique_id": 9, "index": 10, "bbox": [1806, 356, 355, 72], "position": [-0.5215688943862915, 1.869157075881958, -2.914325714111328]}, {"prefab_path": "WomensCollection/Prefabs/Rearranged/dress2_", "unique_id": 10, "index": 11, "bbox": [630, 488, 183, 39], "position": [4.980000019073486, 1.3409990072250366, -2.246000051498413]}, {"prefab_path": "WomensCollection/Prefabs/Rearranged/dress_6_08", "unique_id": 11, "index": 12, "bbox": [682, 501, 172, 42], "position": [4.346580982208252, 1.3339463472366333, -2.246000289916992]}, {"prefab_path": "WomensCollection/Prefabs/Rearranged/dress_4_24", "unique_id": 12, "index": 13, "bbox": [739, 497, 199, 50], "position": [3.738457202911377, 1.3420169353485107, -2.246483325958252]}, {"prefab_path": "WomensCollection/Prefabs/Rearranged/dress_4_04", "unique_id": 13, "index": 14, "bbox": [290, 678, 46, 45], "position": [3.320714235305786, 0.7068259716033936, -0.12919890880584717]}, {"prefab_path": "WomensCollection/Prefabs/Rearranged/dress2_29", "unique_id": 14, "index": 15, "bbox": [144, 693, 310, 48], "position": [2.8580000400543213, 0.797295868396759, 0.35800448060035706]}, {"prefab_path": "WomensCollection/Prefabs/Rearranged/dress_4_08", "unique_id": 15, "index": 16, "bbox": [220, 663, 340, 43], "position": [2.853199005126953, 0.8728259801864624, 0.19671417772769928]}, {"prefab_path": "WomensCollection/Prefabs/Rearranged/dress_6_05", "unique_id": 16, "index": 17, "bbox": [252, 689, 279, 122], "position": [2.504000186920166, 0.8899459838867188, 0.10057971626520157]}, {"prefab_path": "WomensCollection/Prefabs/Rearranged/dress_4_08", "unique_id": 15, "index": 18, "bbox": [309, 661, 334, 99], "position": [3.071714162826538, 0.79982590675354, -0.12919890880584717]}, {"prefab_path": "WomensCollection/Prefabs/Rearranged/dress_4_04", "unique_id": 13, "index": 19, "bbox": [412, 615, 388, 46], "position": [2.646225929260254, 0.9798259735107422, -0.2110658884048462]}, {"prefab_path": "WomensCollection/Prefabs/Rearranged/dress_6_08", "unique_id": 11, "index": 20, "bbox": [476, 656, 340, 54], "position": [2.6915886402130127, 0.8739464282989502, -0.4299997389316559]}, {"prefab_path": "clothing_store/models/prefab/trousers_2", "unique_id": 17, "index": 21, "bbox": [1124, 687, 316, 150], "position": [1.128000020980835, 0.2301410436630249, -2.175999879837036]}, {"prefab_path": "WomensCollection/Prefabs/Rearranged/dress_4_", "unique_id": 18, "index": 22, "bbox": [77, 719, 284, 35], "position": [2.8791990280151367, 0.7698259353637695, 0.4947141408920288]}, {"prefab_path": "WomensCollection/Prefabs/Rearranged/hanging_dress_1_12", "unique_id": 19, "index": 23, "bbox": [245, 714, 288, 161], "position": [2.461535930633545, 1.0029672384262085, 0.10171833634376526]}, {"prefab_path": "WomensCollection/Prefabs/Rearranged/hanging_dress_1_26", "unique_id": 20, "index": 24, "bbox": [260, 744, 259, 167], "position": [2.3025357723236084, 0.9589673280715942, 0.10171851515769958]}, {"prefab_path": "1514019/Rearranged/Jeans_Blue_V4", "unique_id": 21, "index": 25, "bbox": [1375, 728, 275, 146], "position": [0.36870890855789185, 0.24453043937683105, -2.2378833293914795]}, {"prefab_path": "clothing_store/models/prefab/trousers_3", "unique_id": 22, "index": 26, "bbox": [1649, 770, 233, 235], "position": [-0.34700000286102295, 0.23014092445373535, -2.2209999561309814]}], "relationships": {"down": {"0": [11, 1, 12], "2": [13, 12], "3": [21, 25], "4": [25, 21, 26], "5": [25, 26, 21], "6": [25, 26, 21], "8": [25, 26, 21], "9": [26, 25], "10": [26, 25], "23": [17]}, "right": {"0": [7, 10], "1": [12, 13, 7], "2": [7, 10], "3": [10, 7], "4": [10, 7], "5": [10, 7], "6": [10, 7], "8": [10], "9": [10], "11": [7, 10], "12": [7, 10], "13": [7, 10], "14": [20, 21, 25], "15": [17, 23, 24], "16": [17, 19, 23], "17": [26, 25, 8], "18": [20, 25, 21], "19": [25, 5, 8], "20": [25, 21, 5], "21": [7], "22": [17, 24, 23], "23": [26, 8, 25], "24": [26, 25, 8]}, "up": {"1": [0], "11": [0], "12": [2, 0], "13": [2], "17": [23], "21": [3, 4, 5], "25": [5, 6, 4], "26": [9, 8, 6]}, "left": {"3": [19, 20, 18], "4": [19, 20, 23], "5": [19, 23, 16], "6": [19, 23, 24], "7": [2, 13, 12], "8": [23, 19, 24], "9": [23, 24, 19], "10": [6, 8, 5], "12": [1], "13": [1], "17": [15, 22, 16], "19": [16, 15, 22], "20": [18, 14, 16], "21": [14, 18, 20], "23": [15, 16, 22], "24": [22, 15, 16], "25": [18, 15, 14], "26": [22, 15, 17]}}}]}