{"scenes": [{"objects": [{"prefab_path": "MensCollection/Prefabs/Rearranged/jacket_3_02", "unique_id": 0, "index": 0, "bbox": [1, 313, 423, 198], "position": [4.239826679229736, -2.788418769836426, -4.242184638977051]}, {"prefab_path": "WomensCollection/Prefabs/Rearranged/blouse_01_01", "unique_id": 1, "index": 1, "bbox": [669, 410, 212, 142], "position": [-2.8990888595581055, 1.841448426246643, -2.2226786613464355]}, {"prefab_path": "WomensCollection/Prefabs/Rearranged/leather_jacket_1", "unique_id": 2, "index": 2, "bbox": [868, 435, 182, 34], "position": [-3.384678363800049, 1.8607878684997559, -2.2209110260009766]}, {"prefab_path": "WomensCollection/Prefabs/Rearranged/blouse_01_17", "unique_id": 3, "index": 3, "bbox": [920, 421, 182, 75], "position": [-3.811678409576416, 1.8414487838745117, -2.2219114303588867]}, {"prefab_path": "1498649_store/Prefabs/_itog030", "unique_id": 4, "index": 4, "bbox": [1023, 435, 176, 34], "position": [-4.158693790435791, 1.8418114185333252, -2.2217652797698975]}, {"prefab_path": "WomensCollection/Prefabs/Rearranged/blouse_2_08 1", "unique_id": 5, "index": 5, "bbox": [1023, 421, 176, 67], "position": [-4.409702777862549, 1.8430700302124023, -2.2258400917053223]}, {"prefab_path": "1498649_store/Prefabs/_itog049", "unique_id": 6, "index": 6, "bbox": [1023, 409, 200, 57], "position": [-4.292694091796875, 1.8418116569519043, -2.2177655696868896]}, {"prefab_path": "1514019/Rearranged/Jeans_Blue_V3", "unique_id": 7, "index": 7, "bbox": [1142, 630, 204, 37], "position": [-5.107291221618652, 0.246657133102417, -2.261883020401001]}, {"prefab_path": "clothing_store/models/prefab/trousers_3", "unique_id": 8, "index": 8, "bbox": [868, 662, 271, 100], "position": [-3.613412857055664, 0.23014092445373535, -2.2209999561309814]}, {"prefab_path": "clothing_store/models/prefab/trousers", "unique_id": 9, "index": 9, "bbox": [1022, 643, 237, 73], "position": [-4.373917579650879, 0.23014092445373535, -2.2109997272491455]}, {"prefab_path": "1514019/Rearranged/Sport_Pants", "unique_id": 10, "index": 10, "bbox": [691, 698, 289, 104], "position": [-2.9013991355895996, 0.2701929807662964, -2.236849308013916]}, {"prefab_path": "1514019/Rearranged/Jeans_Blue_V3", "unique_id": 7, "index": 11, "bbox": [1, 796, 207, 134], "position": [-1.1225831508636475, 0.24665725231170654, -2.1808831691741943]}, {"prefab_path": "clothing_store/models/prefab/sneakers_2", "unique_id": 11, "index": 12, "bbox": [1142, 856, 34, 39], "position": [-5.062593936920166, 0.037972718477249146, -2.259033203125]}, {"prefab_path": "1498649_store/Prefabs/_itog034", "unique_id": 12, "index": 13, "bbox": [844, 926, 77, 50], "position": [-2.1981961727142334, 0.6974455118179321, -0.23997706174850464]}, {"prefab_path": "clothing_store/models/prefab/sneakers_3", "unique_id": 13, "index": 14, "bbox": [879, 947, 52, 78], "position": [-3.5972962379455566, 0.03797274827957153, -2.2426962852478027]}], "relationships": {"right": {"0": [11, 13, 10], "1": [2, 6], "2": [6], "3": [6], "4": [6], "8": [9], "10": [8, 9], "11": [13]}, "down": {"1": [10, 14, 8], "2": [14, 8, 10], "3": [8, 14, 9], "4": [9, 8, 14], "5": [9, 12, 7], "6": [9, 8, 14], "7": [12], "8": [14]}, "left": {"2": [1], "3": [0], "4": [0], "5": [0], "6": [4, 3, 2], "7": [0], "8": [10, 0], "9": [8, 10, 0], "10": [0], "11": [0], "12": [0], "13": [11, 0], "14": [0]}, "up": {"7": [5, 6, 4], "8": [3, 2, 4], "9": [5, 6, 4], "10": [1, 2, 3], "12": [7, 5, 6], "14": [8, 3, 2]}}}]}