{"scenes": [{"objects": [{"prefab_path": "MensCollection/Prefabs/Rearranged/jacket_2_03", "unique_id": 0, "index": 0, "bbox": [1071, 154, 153, 40], "position": [-5.157315254211426, -0.8904938697814941, 8.096793174743652]}, {"prefab_path": "MensCollection/Prefabs/Rearranged/jacket_3_02", "unique_id": 1, "index": 1, "bbox": [869, 228, 135, 65], "position": [0.23582744598388672, -2.784419059753418, 8.164599418640137]}, {"prefab_path": "MensCollection/Prefabs/Rearranged/jacket_2_03", "unique_id": 0, "index": 2, "bbox": [1041, 224, 150, 24], "position": [-5.35971736907959, -1.3044729232788086, 8.097970008850098]}, {"prefab_path": "MensCollection/Prefabs/Rearranged/jacket_4_09", "unique_id": 2, "index": 3, "bbox": [1169, 215, 168, 108], "position": [-2.909716844558716, 1.8144785165786743, 10.17573070526123]}, {"prefab_path": "MensCollection/Prefabs/Rearranged/jacket_4_05", "unique_id": 3, "index": 4, "bbox": [970, 225, 152, 31], "position": [-4.998831748962402, 2.1888985633850098, 7.196629524230957]}, {"prefab_path": "870230/hoodie04", "unique_id": 4, "index": 5, "bbox": [937, 239, 123, 42], "position": [-4.655022144317627, 2.065037727355957, 10.192423820495605]}, {"prefab_path": "MensCollection/Prefabs/Rearranged/long_coat_10", "unique_id": 5, "index": 6, "bbox": [954, 224, 153, 38], "position": [-4.562826633453369, 1.8822486400604248, 10.19723892211914]}, {"prefab_path": "MensCollection/Prefabs/Rearranged/polo shirt 40 1", "unique_id": 6, "index": 7, "bbox": [1021, 243, 118, 14], "position": [-4.083678722381592, 1.905760407447815, 10.196873664855957]}, {"prefab_path": "MensCollection/Prefabs/Rearranged/shirt_hung_up06", "unique_id": 7, "index": 8, "bbox": [983, 249, 120, 39], "position": [-4.473769187927246, 0.7829101085662842, 10.706387519836426]}, {"prefab_path": "870230/hoodie04", "unique_id": 4, "index": 9, "bbox": [996, 237, 128, 39], "position": [-4.21602201461792, 2.065037488937378, 10.199423789978027]}, {"prefab_path": "MensCollection/Prefabs/Rearranged/long_coat_10", "unique_id": 5, "index": 10, "bbox": [1058, 233, 150, 31], "position": [-3.826826572418213, 1.8822486400604248, 10.19723892211914]}, {"prefab_path": "MensCollection/Prefabs/Rearranged/jacket_1", "unique_id": 8, "index": 11, "bbox": [1124, 219, 167, 30], "position": [-4.581873893737793, -1.044653296470642, 10.084620475769043]}, {"prefab_path": "MensCollection/Prefabs/Rearranged/jacket_4_09", "unique_id": 2, "index": 12, "bbox": [1104, 220, 165, 30], "position": [-3.4988882541656494, 1.8144785165786743, 10.217177391052246]}, {"prefab_path": "MensCollection/Prefabs/Rearranged/jacket_4_09", "unique_id": 2, "index": 13, "bbox": [1087, 220, 163, 30], "position": [-3.6078884601593018, 1.8144785165786743, 10.21617603302002]}, {"prefab_path": "MensCollection/Prefabs/Rearranged/jacket_2_06", "unique_id": 9, "index": 14, "bbox": [1520, 204, 198, 153], "position": [-5.319246292114258, -2.101559638977051, 11.932353973388672]}, {"prefab_path": "MensCollection/Prefabs/Rearranged/long_coat_12", "unique_id": 10, "index": 15, "bbox": [1704, 194, 228, 68], "position": [-0.19621741771697998, 0.4726707935333252, 9.374186515808105]}, {"prefab_path": "MensCollection/Prefabs/Rearranged/jacket_2_06", "unique_id": 9, "index": 16, "bbox": [1743, 197, 215, 92], "position": [-2.1925690174102783, -2.10155987739563, 5.97553825378418]}, {"prefab_path": "MensCollection/Prefabs/Rearranged/jacket_4_05", "unique_id": 3, "index": 17, "bbox": [1771, 193, 235, 97], "position": [-0.8768318295478821, 2.1888985633850098, 7.196629524230957]}, {"prefab_path": "MensCollection/Prefabs/Rearranged/long_coat_06", "unique_id": 11, "index": 18, "bbox": [1838, 189, 240, 72], "position": [0.5899075269699097, 0.6689841747283936, 11.099853515625]}, {"prefab_path": "clothing_store/models/prefab/T_shirt_2", "unique_id": 12, "index": 19, "bbox": [1942, 192, 230, 104], "position": [0.1509999930858612, 1.4249999523162842, 10.195784568786621]}, {"prefab_path": "MensCollection/Prefabs/Rearranged/long_coat_12", "unique_id": 10, "index": 20, "bbox": [1990, 180, 261, 107], "position": [0.8247826099395752, 0.4726707935333252, 9.373187065124512]}, {"prefab_path": "870230/hoodie04", "unique_id": 4, "index": 21, "bbox": [1992, 205, 212, 96], "position": [0.2819778323173523, 2.065037488937378, 10.199423789978027]}, {"prefab_path": "clothing_store/models/prefab/trousers_5", "unique_id": 13, "index": 22, "bbox": [878, 387, 140, 61], "position": [-5.106999397277832, 0.23014092445373535, 10.119891166687012]}, {"prefab_path": "1514019/Rearranged/Jeans_Blue", "unique_id": 14, "index": 23, "bbox": [973, 394, 145, 53], "position": [-4.373626708984375, 0.24459731578826904, 10.170893669128418]}, {"prefab_path": "clothing_store/models/prefab/trousers_5", "unique_id": 13, "index": 24, "bbox": [1063, 399, 158, 80], "position": [-3.613412857055664, 0.23014092445373535, 10.155158042907715]}, {"prefab_path": "clothing_store/models/prefab/trousers_3", "unique_id": 15, "index": 25, "bbox": [1167, 406, 160, 88], "position": [-2.897865056991577, 0.23014092445373535, 10.14304256439209]}, {"prefab_path": "clothing_store/models/prefab/sneakers", "unique_id": 16, "index": 26, "bbox": [893, 538, 19, 46], "position": [-5.091246128082275, 0.037972718477249146, 10.074504852294922]}, {"prefab_path": "MensCollection/Prefabs/Rearranged/jacket_2_03", "unique_id": 0, "index": 27, "bbox": [1259, 515, 45, 36], "position": [-1.0919148921966553, -2.3494725227355957, 5.841163635253906]}, {"prefab_path": "MensCollection/Prefabs/Rearranged/jacket_2_03", "unique_id": 0, "index": 28, "bbox": [1325, 505, 44, 15], "position": [-2.974766969680786, -2.3494725227355957, 5.757480621337891]}, {"prefab_path": "MensCollection/Prefabs/Rearranged/jacket_1", "unique_id": 8, "index": 29, "bbox": [1351, 500, 79, 24], "position": [-3.3619096279144287, -2.089653730392456, 8.10004711151123]}, {"prefab_path": "MensCollection/Prefabs/Rearranged/long_coat_10 1", "unique_id": 17, "index": 30, "bbox": [1435, 513, 46, 45], "position": [0.27533960342407227, 0.3632798194885254, 8.606441497802734]}, {"prefab_path": "clothing_store/models/prefab/trousers_3", "unique_id": 15, "index": 31, "bbox": [1502, 427, 200, 119], "position": [-1.1222920417785645, 0.2301410436630249, 10.200852394104004]}, {"prefab_path": "1514019/Rearranged/Jeans_Blue_V2", "unique_id": 18, "index": 32, "bbox": [1716, 445, 136, 121], "position": [-0.3467089533805847, 1.0603033304214478, 10.160042762756348]}, {"prefab_path": "clothing_store/models/prefab/trousers_3", "unique_id": 15, "index": 33, "bbox": [1908, 457, 149, 181], "position": [0.3689999580383301, 0.23014092445373535, 10.14304256439209]}, {"prefab_path": "1514019/Rearranged/Sneakers_3", "unique_id": 19, "index": 34, "bbox": [1079, 563, 30, 60], "position": [-3.5766937732696533, 0.9197296500205994, 10.092035293579102]}, {"prefab_path": "870230/hoodie04", "unique_id": 4, "index": 35, "bbox": [1247, 519, 68, 108], "position": [-2.311190605163574, 1.0200375318527222, 8.121604919433594]}, {"prefab_path": "870230/hoodie04", "unique_id": 4, "index": 36, "bbox": [1373, 533, 43, 89], "position": [-2.003835439682007, 1.0200375318527222, 8.170482635498047]}, {"prefab_path": "MensCollection/Prefabs/Rearranged/long_coat_12", "unique_id": 10, "index": 37, "bbox": [1456, 531, 48, 49], "position": [-1.0638165473937988, -0.5723289847373962, 8.358013153076172]}, {"prefab_path": "1514019/Rearranged/Hat_NY_PD", "unique_id": 20, "index": 38, "bbox": [1717, 569, 88, 129], "position": [-0.3753538131713867, 0.4020347595214844, 7.994840621948242]}, {"prefab_path": "1514019/Rearranged/Cap", "unique_id": 21, "index": 39, "bbox": [1835, 575, 84, 157], "position": [-3.6164608001708984, 0.4325745105743408, 8.567703247070312]}, {"prefab_path": "clothing_store/models/prefab/cap", "unique_id": 22, "index": 40, "bbox": [1980, 604, 89, 117], "position": [-0.8517775535583496, 1.2384647130966187, 8.036063194274902]}, {"prefab_path": "MensCollection/Prefabs/Rearranged/jacket_3_06", "unique_id": 23, "index": 41, "bbox": [1157, 534, 254, 143], "position": [-4.999277114868164, -1.846181869506836, 5.651047706604004]}, {"prefab_path": "MensCollection/Prefabs/Rearranged/jacket_4_09", "unique_id": 2, "index": 42, "bbox": [1190, 545, 243, 174], "position": [-2.3167130947113037, 0.7694786190986633, 7.764729976654053]}, {"prefab_path": "870230/hoodie03", "unique_id": 24, "index": 43, "bbox": [1263, 579, 209, 116], "position": [-2.205575704574585, 1.0199635028839111, 7.7117600440979]}, {"prefab_path": "MensCollection/Prefabs/Rearranged/jacket_4_09", "unique_id": 2, "index": 44, "bbox": [1347, 562, 226, 54], "position": [-2.1150522232055664, 0.7694786190986633, 7.727597713470459]}, {"prefab_path": "870230/hoodie03", "unique_id": 24, "index": 45, "bbox": [1380, 576, 212, 229], "position": [-1.9100005626678467, 1.0199635028839111, 7.8495965003967285]}, {"prefab_path": "MensCollection/Prefabs/Rearranged/jacket_3_02", "unique_id": 1, "index": 46, "bbox": [1389, 567, 221, 165], "position": [-0.9259231090545654, -3.833418130874634, 2.120659828186035]}, {"prefab_path": "1514019/Rearranged/Sneakers_3", "unique_id": 19, "index": 47, "bbox": [1881, 706, 36, 75], "position": [0.42489832639694214, 0.9197296500205994, 10.10682487487793]}], "relationships": {"right": {"0": [33, 31, 37], "2": [29, 31, 33], "3": [19, 21, 18], "4": [21, 19, 35], "5": [9, 7, 10], "6": [7, 9, 10], "7": [10, 13, 12], "8": [18, 31, 32], "9": [10, 13, 12], "10": [13, 12, 3], "11": [31, 18, 33], "12": [3, 18, 32], "13": [12, 3, 18], "15": [20, 33, 47], "16": [27, 1], "22": [23, 24, 25], "23": [24, 25, 18], "24": [25, 18, 31], "25": [31, 18, 33], "26": [23, 24, 25], "28": [16, 27, 1], "29": [1, 37, 33], "30": [20], "31": [18, 33, 47], "32": [47, 18], "34": [18, 31, 32], "35": [36, 20, 15], "36": [20, 40, 15], "37": [30, 20, 33], "38": [30, 20], "39": [33, 47, 31], "40": [30, 20, 47], "41": [16, 28, 1], "42": [44, 45, 20], "43": [45, 40, 20], "44": [30, 20, 40], "45": [40, 20, 30]}, "down": {"0": [2], "3": [25, 24, 29], "4": [41, 0, 2], "5": [6, 23, 11], "6": [23, 11, 26], "7": [24, 23, 34], "8": [11, 23, 14], "9": [7, 23, 24], "10": [34, 24, 23], "12": [34, 24, 25], "13": [34, 24, 25], "15": [1], "17": [27, 38, 37], "18": [1], "19": [33, 47, 1], "20": [1], "21": [47, 19, 33], "22": [26, 11], "23": [11, 29], "24": [29], "25": [29], "26": [11], "30": [1], "31": [1], "32": [1], "33": [1], "34": [24, 11, 29], "35": [29, 16, 27], "36": [37, 29, 16], "37": [1], "38": [1, 27], "39": [29], "40": [38, 37, 1], "42": [16, 29, 28], "43": [44, 42, 16], "44": [16, 29, 27], "45": [37, 16, 27], "47": [33, 1]}, "up": {"0": [4, 5, 6], "1": [30, 38, 15], "2": [0, 4, 5], "6": [5], "7": [9], "8": [6, 5, 9], "11": [23, 5, 6], "14": [8, 5, 6], "15": [21], "16": [43, 44, 42], "19": [21], "20": [21], "22": [5, 6, 9], "23": [6, 5, 9], "24": [34, 13, 10], "25": [3, 12, 13], "26": [22, 5, 6], "27": [17, 45, 43], "28": [43, 42, 44], "29": [39, 35, 42], "30": [21], "32": [21], "33": [47, 19, 21], "34": [13, 12, 10], "37": [40, 36, 45], "38": [40, 17], "41": [4], "42": [43], "44": [43], "46": [17], "47": [21, 19]}, "left": {"1": [41, 28, 16], "3": [12, 13, 10], "7": [6, 5], "9": [5, 6], "10": [7, 9, 6], "12": [13, 10, 7], "13": [10, 7, 9], "15": [39, 35, 36], "16": [28, 41], "17": [4], "18": [31, 32, 25], "19": [39, 35, 4], "20": [42, 15, 44], "21": [4, 3, 35], "23": [22, 26], "24": [23, 26, 22], "25": [24, 23, 26], "27": [16, 28, 41], "28": [41], "29": [2, 41], "30": [38, 44, 42], "31": [39, 25, 24], "32": [39, 35, 36], "33": [39, 15, 31], "34": [22], "35": [4], "36": [35, 4], "37": [0, 39, 41], "38": [44, 42, 43], "40": [43, 45, 44], "42": [4], "43": [4], "44": [42, 4], "45": [43, 42, 4], "47": [32, 39, 15]}}}]}