{"scenes": [{"objects": [{"prefab_path": "MensCollection/Prefabs/Rearranged/shirt_hung_up28 1", "unique_id": 0, "index": 0, "bbox": [739, 258, 115, 101], "position": [3.0534377098083496, 2.3502020835876465, -7.288100242614746]}, {"prefab_path": "1498649_store/Prefabs/_itog044", "unique_id": 1, "index": 1, "bbox": [830, 258, 134, 95], "position": [2.552765369415283, 2.3328115940093994, -7.292694091796875]}, {"prefab_path": "MensCollection/Prefabs/Rearranged/polo shirt 40", "unique_id": 2, "index": 2, "bbox": [1576, 241, 214, 212], "position": [-0.5980890989303589, 2.2927606105804443, -7.2926788330078125]}, {"prefab_path": "WomensCollection/Prefabs/Rearranged/suit_hanging10", "unique_id": 3, "index": 3, "bbox": [479, 288, 153, 82], "position": [4.862539768218994, 2.296475410461426, -7.344221591949463]}, {"prefab_path": "WomensCollection/Prefabs/Rearranged/dress_shirt_1-26", "unique_id": 4, "index": 4, "bbox": [1098, 268, 191, 116], "position": [1.258910894393921, 2.2491719722747803, -7.29287576675415]}, {"prefab_path": "1498649_store/Prefabs/_itog039", "unique_id": 5, "index": 5, "bbox": [1302, 245, 221, 150], "position": [0.37276530265808105, 2.228811740875244, -7.292694091796875]}, {"prefab_path": "WomensCollection/Prefabs/Rearranged/dress_6_05", "unique_id": 6, "index": 6, "bbox": [156, 386, 31, 17], "position": [3.781604051589966, 1.5503242015838623, -5.097395420074463]}, {"prefab_path": "1514019/Rearranged/Jeans_Grey", "unique_id": 7, "index": 7, "bbox": [590, 465, 11, 3], "position": [4.266709327697754, 0.8821280002593994, -7.354883193969727]}, {"prefab_path": "WomensCollection/Prefabs/Rearranged/dress_6_04", "unique_id": 8, "index": 8, "bbox": [277, 317, 378, 89], "position": [3.3491947650909424, 1.7303247451782227, -5.1968159675598145]}, {"prefab_path": "WomensCollection/Prefabs/Rearranged/dress2_30", "unique_id": 9, "index": 9, "bbox": [343, 336, 397, 82], "position": [3.3856043815612793, 1.635378360748291, -5.403816223144531]}, {"prefab_path": "1514019/Rearranged/Jeans_Grey", "unique_id": 7, "index": 10, "bbox": [463, 456, 159, 42], "position": [5.1037092208862305, 0.8821280002593994, -7.354883193969727]}, {"prefab_path": "WomensCollection/Prefabs/Rearranged/dress2_", "unique_id": 10, "index": 11, "bbox": [886, 231, 598, 207], "position": [1.4076040983200073, 1.7373772859573364, -5.196816444396973]}, {"prefab_path": "WomensCollection/Prefabs/Rearranged/dress_4_08", "unique_id": 11, "index": 12, "bbox": [6, 318, 515, 107], "position": [3.5518031120300293, 1.6272042989730835, -4.777102470397949]}, {"prefab_path": "WomensCollection/Prefabs/Rearranged/dress_4_16", "unique_id": 12, "index": 13, "bbox": [65, 320, 497, 250], "position": [3.202662706375122, 1.6724354028701782, -4.870426177978516]}, {"prefab_path": "WomensCollection/Prefabs/Rearranged/dress_4_04", "unique_id": 13, "index": 14, "bbox": [163, 325, 545, 163], "position": [3.08689022064209, 1.6032042503356934, -4.867617607116699]}, {"prefab_path": "clothing_store/models/prefab/trousers", "unique_id": 14, "index": 15, "bbox": [882, 455, 201, 25], "position": [2.6599998474121094, 0.8420000076293945, -7.349999904632568]}, {"prefab_path": "WomensCollection/Prefabs/Rearranged/dress2_30", "unique_id": 9, "index": 16, "bbox": [953, 232, 683, 106], "position": [1.2656041383743286, 1.6513782739639282, -4.870816230773926]}, {"prefab_path": "WomensCollection/Prefabs/Rearranged/dress_4_11", "unique_id": 15, "index": 17, "bbox": [483, 320, 595, 317], "position": [1.638061761856079, 1.528395175933838, -4.468299865722656]}, {"prefab_path": "WomensCollection/Prefabs/Rearranged/dress_4_00", "unique_id": 16, "index": 18, "bbox": [582, 290, 625, 287], "position": [1.6199935674667358, 1.6074353456497192, -4.615874767303467]}, {"prefab_path": "WomensCollection/Prefabs/Rearranged/dress_6_04", "unique_id": 8, "index": 19, "bbox": [674, 297, 617, 240], "position": [1.6091837882995605, 1.6233246326446533, -4.765816688537598]}, {"prefab_path": "WomensCollection/Prefabs/Rearranged/dress_4_24", "unique_id": 17, "index": 20, "bbox": [1058, 286, 629, 78], "position": [1.1390876770019531, 1.6073951721191406, -4.870358943939209]}, {"prefab_path": "1208725/Tshirt_grey", "unique_id": 18, "index": 21, "bbox": [1544, 493, 226, 137], "position": [-1.4139095544815063, 0.44626879692077637, -7.059844017028809]}, {"prefab_path": "WomensCollection/Prefabs/Rearranged/blouse_01_16", "unique_id": 19, "index": 22, "bbox": [1635, 504, 220, 91], "position": [-0.5996787548065186, 1.3024487495422363, -7.28891134262085]}, {"prefab_path": "MensCollection/Prefabs/Rearranged/long_coat_10 1", "unique_id": 20, "index": 23, "bbox": [1688, 458, 309, 120], "position": [-0.2152080535888672, 0.8692798614501953, -5.111311912536621]}, {"prefab_path": "1498649_store/Prefabs/_itog017", "unique_id": 21, "index": 24, "bbox": [1800, 484, 275, 73], "position": [-1.008693814277649, 1.3028117418289185, -7.289765357971191]}], "relationships": {"right": {"0": [1, 4, 5], "1": [4, 5, 2], "3": [0, 1, 4], "4": [5, 2, 22], "5": [2], "6": [9, 8, 24], "7": [15, 22, 4], "8": [11, 24, 22], "9": [24, 22, 2], "10": [7, 15, 1], "11": [23, 24, 22], "12": [13, 14, 11], "13": [14, 11, 19], "14": [11, 19, 16], "15": [22, 24, 5], "16": [20, 23, 24], "17": [20, 16, 23], "18": [20, 16, 23], "19": [16, 20, 23], "20": [23, 24, 21], "22": [24]}, "left": {"0": [3], "1": [0, 3, 10], "2": [5, 4, 9], "4": [1, 0, 3], "5": [4, 1, 0], "7": [10], "8": [6], "9": [6], "11": [14, 13, 12], "13": [12], "14": [12, 13], "15": [7, 10], "16": [19, 18, 17], "17": [14, 13, 12], "18": [14, 13, 12], "19": [14, 13, 12], "20": [19, 16, 18], "21": [6, 9, 12], "22": [9, 6, 8], "23": [17, 18, 20], "24": [22, 9, 6]}, "down": {"0": [15], "1": [15], "2": [22, 24, 21], "3": [10, 7], "24": [21]}, "up": {"7": [3], "10": [3], "15": [1, 0], "21": [24, 2], "22": [2], "24": [2]}}}]}