{"scenes": [{"objects": [{"prefab_path": "MensCollection/Prefabs/Rearranged/jacket_2_06", "unique_id": 0, "index": 0, "bbox": [846, 323, 10, 7], "position": [-6.395569324493408, -2.10155987739563, 5.97553825378418]}, {"prefab_path": "MensCollection/Prefabs/Rearranged/jacket_3_02", "unique_id": 1, "index": 1, "bbox": [854, 322, 9, 5], "position": [-6.567185878753662, -2.788418769836426, 4.833958625793457]}, {"prefab_path": "870230/hoodie03", "unique_id": 2, "index": 2, "bbox": [871, 285, 82, 33], "position": [-3.710344076156616, 2.478942394256592, 10.194761276245117]}, {"prefab_path": "MensCollection/Prefabs/Rearranged/jacket_2_03", "unique_id": 3, "index": 3, "bbox": [817, 334, 72, 12], "position": [-3.0321850776672363, -1.300472617149353, 8.748066902160645]}, {"prefab_path": "MensCollection/Prefabs/Rearranged/long_coat_12", "unique_id": 4, "index": 4, "bbox": [842, 328, 89, 22], "position": [-3.927217483520508, 0.4726707935333252, 9.3751859664917]}, {"prefab_path": "MensCollection/Prefabs/Rearranged/jacket_2_03", "unique_id": 3, "index": 5, "bbox": [848, 335, 75, 15], "position": [-5.656717300415039, -1.304472804069519, 8.10496997833252]}, {"prefab_path": "870230/hoodie03", "unique_id": 2, "index": 6, "bbox": [885, 326, 84, 19], "position": [-3.4737460613250732, 2.0649633407592773, 10.202938079833984]}, {"prefab_path": "MensCollection/Prefabs/Rearranged/long_coat_06", "unique_id": 5, "index": 7, "bbox": [868, 333, 87, 34], "position": [-3.024092197418213, 0.6689841747283936, 11.097854614257812]}, {"prefab_path": "MensCollection/Prefabs/Rearranged/jacket_2_03", "unique_id": 3, "index": 8, "bbox": [880, 335, 81, 20], "position": [-5.029717445373535, -1.304472804069519, 8.103968620300293]}, {"prefab_path": "MensCollection/Prefabs/Rearranged/jacket_2_06", "unique_id": 0, "index": 9, "bbox": [896, 335, 79, 9], "position": [-5.085569381713867, -2.101559638977051, 5.980537414550781]}, {"prefab_path": "870230/hoodie03", "unique_id": 2, "index": 10, "bbox": [926, 325, 86, 25], "position": [-2.895477294921875, 2.0649633407592773, 10.200872421264648]}, {"prefab_path": "1208725/Tshirt_grey", "unique_id": 6, "index": 11, "bbox": [1056, 317, 109, 53], "position": [-0.8738443851470947, 0.9852688312530518, 11.203694343566895]}, {"prefab_path": "MensCollection/Prefabs/Rearranged/long_coat_12", "unique_id": 4, "index": 12, "bbox": [1119, 298, 153, 53], "position": [-0.19621741771697998, 0.4726707935333252, 9.374186515808105]}, {"prefab_path": "MensCollection/Prefabs/Rearranged/jacket_1", "unique_id": 7, "index": 13, "bbox": [1167, 295, 157, 40], "position": [-1.4298739433288574, -1.044653296470642, 10.085619926452637]}, {"prefab_path": "MensCollection/Prefabs/Rearranged/jacket_3_06", "unique_id": 8, "index": 14, "bbox": [1159, 297, 153, 31], "position": [-2.63323712348938, -0.7599018812179565, 12.82246208190918]}, {"prefab_path": "1208725/Jacket_gray", "unique_id": 9, "index": 15, "bbox": [1140, 307, 135, 31], "position": [-0.9916265606880188, 0.05311155319213867, 10.799544334411621]}, {"prefab_path": "1208725/Jacket_gray", "unique_id": 9, "index": 16, "bbox": [1224, 302, 149, 25], "position": [-0.38562655448913574, 0.05311131477355957, 10.804543495178223]}, {"prefab_path": "MensCollection/Prefabs/Rearranged/jacket_4_05", "unique_id": 10, "index": 17, "bbox": [1267, 288, 177, 35], "position": [-0.12283182144165039, 2.1888985633850098, 7.190630912780762]}, {"prefab_path": "MensCollection/Prefabs/Rearranged/long_coat_10 1", "unique_id": 11, "index": 18, "bbox": [1241, 289, 176, 43], "position": [0.8637920618057251, 1.4082798957824707, 12.376473426818848]}, {"prefab_path": "clothing_store/models/prefab/T_shirt_2", "unique_id": 12, "index": 19, "bbox": [1292, 290, 169, 39], "position": [0.578000009059906, 1.4249999523162842, 10.196784019470215]}, {"prefab_path": "MensCollection/Prefabs/Rearranged/long_coat_10 1", "unique_id": 11, "index": 20, "bbox": [1360, 276, 204, 129], "position": [-1.0806877613067627, 1.4082798957824707, 10.779577255249023]}, {"prefab_path": "MensCollection/Prefabs/Rearranged/jacket_1", "unique_id": 7, "index": 21, "bbox": [1886, 229, 308, 211], "position": [2.8005502223968506, -1.044653296470642, 11.407914161682129]}, {"prefab_path": "1208725/Jacket_red", "unique_id": 13, "index": 22, "bbox": [676, 474, 21, 10], "position": [-3.6855831146240234, 1.8819811344146729, 6.265137672424316]}, {"prefab_path": "MensCollection/Prefabs/Rearranged/jacket_4_05", "unique_id": 10, "index": 23, "bbox": [678, 463, 19, 17], "position": [0.25597333908081055, 1.1438984870910645, 9.440132141113281]}, {"prefab_path": "MensCollection/Prefabs/Rearranged/shirt_hung_up28", "unique_id": 14, "index": 24, "bbox": [742, 462, 13, 5], "position": [-2.308655023574829, 0.8033310174942017, 8.121626853942871]}, {"prefab_path": "MensCollection/Prefabs/Rearranged/long_coat_06", "unique_id": 5, "index": 25, "bbox": [709, 460, 18, 7], "position": [-3.280669689178467, -0.41729575395584106, 8.740192413330078]}, {"prefab_path": "MensCollection/Prefabs/Rearranged/long_coat_06", "unique_id": 5, "index": 26, "bbox": [722, 452, 27, 7], "position": [-2.8611457347869873, -0.376015841960907, 9.125923156738281]}, {"prefab_path": "clothing_store/models/prefab/cap", "unique_id": 15, "index": 27, "bbox": [760, 480, 25, 55], "position": [-1.3110499382019043, 1.238464593887329, 8.018065452575684]}, {"prefab_path": "MensCollection/Prefabs/Rearranged/jacket_3_06", "unique_id": 8, "index": 28, "bbox": [764, 459, 20, 17], "position": [-4.42232608795166, -1.8049025535583496, 10.836374282836914]}, {"prefab_path": "MensCollection/Prefabs/Rearranged/jacket_3_02", "unique_id": 1, "index": 29, "bbox": [765, 462, 20, 19], "position": [-6.600729942321777, -3.833418607711792, 4.746764183044434]}, {"prefab_path": "clothing_store/models/prefab/cap_2", "unique_id": 16, "index": 30, "bbox": [796, 486, 25, 40], "position": [-1.0737088918685913, 1.238464593887329, 8.004642486572266]}, {"prefab_path": "clothing_store/models/prefab/trousers_4", "unique_id": 17, "index": 31, "bbox": [813, 422, 64, 17], "position": [-5.106999397277832, 0.23014092445373535, 10.119891166687012]}, {"prefab_path": "clothing_store/models/prefab/trousers_2", "unique_id": 18, "index": 32, "bbox": [848, 426, 71, 17], "position": [-4.373917579650879, 0.23014092445373535, 10.166008949279785]}, {"prefab_path": "1514019/Rearranged/Jeans_Blue_V3", "unique_id": 19, "index": 33, "bbox": [886, 434, 78, 20], "position": [-3.613121747970581, 0.246657133102417, 10.160040855407715]}, {"prefab_path": "1514019/Rearranged/Jeans_Grey", "unique_id": 20, "index": 34, "bbox": [927, 441, 84, 25], "position": [-2.897573947906494, 0.27026891708374023, 10.147926330566406]}, {"prefab_path": "MensCollection/Prefabs/Rearranged/long_coat_06", "unique_id": 5, "index": 35, "bbox": [1, 505, 28, 39], "position": [-2.5609898567199707, -0.3760160803794861, 6.526279449462891]}, {"prefab_path": "MensCollection/Prefabs/Rearranged/long_coat_10 1", "unique_id": 11, "index": 36, "bbox": [1, 500, 25, 31], "position": [-4.338995933532715, 0.36328017711639404, 3.513003349304199]}, {"prefab_path": "MensCollection/Prefabs/Rearranged/jacket_2_06", "unique_id": 0, "index": 37, "bbox": [1, 514, 28, 31], "position": [-4.489048957824707, -3.146559000015259, 1.0384836196899414]}, {"prefab_path": "MensCollection/Prefabs/Rearranged/long_coat_10 1", "unique_id": 11, "index": 38, "bbox": [40, 494, 26, 23], "position": [-5.081122875213623, 0.36327993869781494, 4.322956562042236]}, {"prefab_path": "MensCollection/Prefabs/Rearranged/jacket_4_09", "unique_id": 21, "index": 39, "bbox": [110, 503, 24, 10], "position": [-3.1749918460845947, 0.7281986474990845, 5.533611297607422]}, {"prefab_path": "1208725/Jacket_red", "unique_id": 13, "index": 40, "bbox": [190, 504, 27, 18], "position": [-2.7674834728240967, 1.8819806575775146, 7.842260837554932]}, {"prefab_path": "MensCollection/Prefabs/Rearranged/jacket_4_05", "unique_id": 10, "index": 41, "bbox": [725, 467, 156, 32], "position": [1.1187396049499512, 1.1438987255096436, 7.410398483276367]}, {"prefab_path": "clothing_store/models/prefab/cap_5", "unique_id": 22, "index": 42, "bbox": [803, 491, 28, 61], "position": [-0.8517775535583496, 1.2384647130966187, 8.036063194274902]}, {"prefab_path": "clothing_store/models/prefab/cap", "unique_id": 15, "index": 43, "bbox": [849, 509, 30, 65], "position": [-0.3989103436470032, 1.238464593887329, 7.930302619934082]}, {"prefab_path": "clothing_store/models/prefab/cap_4", "unique_id": 23, "index": 44, "bbox": [884, 521, 38, 71], "position": [-0.025700092315673828, 1.2400000095367432, 7.9725847244262695]}, {"prefab_path": "1514019/Rearranged/Jeans_Blue_V2", "unique_id": 24, "index": 45, "bbox": [1069, 457, 111, 41], "position": [-1.1220009326934814, 1.0603034496307373, 10.205737113952637]}, {"prefab_path": "clothing_store/models/prefab/trousers_4", "unique_id": 17, "index": 46, "bbox": [1145, 467, 126, 59], "position": [-0.34700000286102295, 0.23014092445373535, 10.155158042907715]}, {"prefab_path": "MensCollection/Prefabs/Rearranged/jacket_2_06", "unique_id": 0, "index": 47, "bbox": [637, 470, 166, 73], "position": [-3.7110493183135986, -3.146559000015259, 3.443267822265625]}, {"prefab_path": "MensCollection/Prefabs/Rearranged/jacket_1", "unique_id": 7, "index": 48, "bbox": [657, 468, 188, 68], "position": [-2.981502056121826, -2.089653491973877, 7.0148820877075195]}, {"prefab_path": "870230/hoodie04", "unique_id": 25, "index": 49, "bbox": [706, 481, 160, 26], "position": [-1.909845232963562, 1.0200375318527222, 7.842404365539551]}, {"prefab_path": "clothing_store/models/prefab/cap_4", "unique_id": 23, "index": 50, "bbox": [969, 544, 40, 71], "position": [0.41537535190582275, 1.238464593887329, 7.932512283325195]}, {"prefab_path": "clothing_store/models/prefab/cap_2", "unique_id": 16, "index": 51, "bbox": [1022, 565, 53, 84], "position": [0.7833051085472107, 1.238464593887329, 7.954792499542236]}, {"prefab_path": "1514019/Rearranged/Cap", "unique_id": 26, "index": 52, "bbox": [1108, 567, 53, 76], "position": [-1.569455623626709, 0.4325745105743408, 7.590003967285156]}, {"prefab_path": "1514019/Rearranged/Jeans_Blue_V4", "unique_id": 27, "index": 53, "bbox": [1246, 484, 141, 65], "position": [0.3692910671234131, 0.24453043937683105, 10.14792537689209]}, {"prefab_path": "clothing_store/models/prefab/trousers_4", "unique_id": 17, "index": 54, "bbox": [1363, 497, 192, 114], "position": [1.128000020980835, 0.2301410436630249, 10.200852394104004]}, {"prefab_path": "MensCollection/Prefabs/Rearranged/jacket_2_06", "unique_id": 0, "index": 55, "bbox": [1, 517, 245, 74], "position": [0.2177715301513672, -3.146559000015259, 1.9206600189208984]}, {"prefab_path": "MensCollection/Prefabs/Rearranged/jacket_2_03", "unique_id": 3, "index": 56, "bbox": [62, 514, 233, 79], "position": [-0.5705995559692383, -2.3494725227355957, 4.114728927612305]}, {"prefab_path": "870230/hoodie09", "unique_id": 28, "index": 57, "bbox": [106, 524, 198, 92], "position": [-2.6870787143707275, 1.0215479135513306, 5.657822608947754]}, {"prefab_path": "870230/hoodie09", "unique_id": 28, "index": 58, "bbox": [124, 518, 180, 135], "position": [-2.775712490081787, 1.0215479135513306, 5.762500286102295]}, {"prefab_path": "MensCollection/Prefabs/Rearranged/jacket_3_06", "unique_id": 8, "index": 59, "bbox": [126, 495, 224, 178], "position": [-5.200325965881348, -1.8049025535583496, 8.43159008026123]}, {"prefab_path": "clothing_store/models/prefab/cap_3", "unique_id": 29, "index": 60, "bbox": [1125, 605, 63, 110], "position": [1.2450238466262817, 1.238464593887329, 7.917387008666992]}, {"prefab_path": "1514019/Rearranged/Shoes_Preppy", "unique_id": 30, "index": 61, "bbox": [748, 668, 44, 46], "position": [-1.9400391578674316, 1.1298747062683105, 7.80232048034668]}, {"prefab_path": "MensCollection/Prefabs/Rearranged/long_coat_06", "unique_id": 5, "index": 62, "bbox": [1417, 655, 73, 73], "position": [2.769040107727051, -0.376015841960907, 7.165688514709473]}, {"prefab_path": "clothing_store/models/prefab/trousers_2", "unique_id": 18, "index": 63, "bbox": [1887, 573, 215, 210], "position": [2.905076026916504, 0.23014092445373535, 10.131814956665039]}, {"prefab_path": "870230/hoodie09", "unique_id": 28, "index": 64, "bbox": [1368, 674, 101, 204], "position": [1.8488941192626953, 1.0215479135513306, 8.028820037841797]}, {"prefab_path": "870230/hoodie04", "unique_id": 25, "index": 65, "bbox": [1443, 667, 121, 157], "position": [1.9235085248947144, 1.0200375318527222, 8.139154434204102]}, {"prefab_path": "1208725/Jacket_gray", "unique_id": 9, "index": 66, "bbox": [1599, 710, 51, 11], "position": [1.5518739223480225, -1.0331683158874512, 8.810142517089844]}, {"prefab_path": "870230/hoodie09", "unique_id": 28, "index": 67, "bbox": [1606, 717, 63, 154], "position": [2.1751747131347656, 1.0215479135513306, 8.19853401184082]}, {"prefab_path": "1208725/Jacket_blue", "unique_id": 31, "index": 68, "bbox": [1415, 722, 66, 38], "position": [1.5835278034210205, -0.9918507933616638, 8.258392333984375]}, {"prefab_path": "MensCollection/Prefabs/Rearranged/jacket_2_06", "unique_id": 0, "index": 69, "bbox": [1488, 742, 46, 25], "position": [-1.5403389930725098, -3.146559000015259, 4.828011512756348]}, {"prefab_path": "MensCollection/Prefabs/Rearranged/long_coat_12", "unique_id": 4, "index": 70, "bbox": [1578, 746, 42, 10], "position": [2.4922289848327637, -0.5723289847373962, 6.887599945068359]}, {"prefab_path": "1208725/Jacket_gray", "unique_id": 9, "index": 71, "bbox": [1708, 733, 40, 32], "position": [2.3571951389312744, -0.9918884634971619, 8.940885543823242]}, {"prefab_path": "MensCollection/Prefabs/Rearranged/long_coat_12", "unique_id": 4, "index": 72, "bbox": [1737, 719, 69, 88], "position": [1.649888515472412, -0.5723289847373962, 7.418394088745117]}], "relationships": {"right": {"0": [3, 59, 8], "1": [9, 48, 3], "2": [11, 18], "3": [13, 15, 16], "4": [34, 33, 7], "5": [28, 14, 3], "6": [20, 11, 18], "7": [18], "8": [3, 13, 25], "9": [48, 3, 13], "10": [20, 11, 18], "11": [18], "12": [53, 54, 18], "13": [21], "15": [18], "16": [18], "17": [60, 65, 64], "20": [18], "22": [40, 19, 61], "23": [19, 63, 18], "24": [46, 45, 12], "25": [26, 15, 13], "26": [15, 16, 13], "27": [23, 19, 12], "28": [14], "29": [48, 3, 59], "30": [23, 19, 12], "31": [7, 14, 11], "32": [7, 14, 11], "33": [7, 11, 15], "34": [15, 11, 16], "35": [54, 21, 53], "36": [63, 39, 57], "37": [69, 56, 47], "38": [12, 52, 54], "39": [58, 52, 42], "40": [18, 19, 45], "41": [65, 64, 67], "42": [23, 19, 12], "43": [23, 19, 54], "44": [23, 63, 19], "45": [18, 11], "46": [18, 21], "47": [69, 56, 66], "48": [21, 13, 66], "49": [27, 19, 23], "50": [63, 54, 21], "51": [67, 63, 21], "52": [54, 12, 53], "53": [21], "54": [21], "55": [70, 62, 71], "56": [70, 71, 72], "57": [43, 44, 42], "58": [43, 42, 30], "59": [28, 14, 13], "60": [65, 67, 63], "61": [19, 27, 23], "64": [65, 67, 63], "65": [67, 63], "66": [71, 21, 63], "67": [63], "68": [71, 63, 21], "69": [71, 68, 66], "70": [62], "71": [21], "72": [71, 63, 21]}, "up": {"0": [22], "1": [38, 22], "3": [25, 26, 4], "4": [2, 6], "6": [2], "7": [10, 6, 2], "8": [2], "9": [22, 38], "12": [23], "13": [45, 20, 15], "15": [20, 11, 45], "16": [11, 20], "24": [40], "25": [40, 6, 2], "26": [10, 6, 2], "28": [32, 31, 33], "29": [1, 0, 38], "31": [2], "32": [2, 6], "33": [2, 6, 10], "34": [10, 6, 2], "35": [58, 57, 22], "37": [36], "39": [22], "46": [20], "47": [36, 38, 39], "48": [35, 40, 22], "49": [61], "52": [61, 49, 27], "53": [19], "54": [19], "56": [57, 58, 17], "59": [4, 2, 6], "66": [65, 64, 67], "68": [64, 65, 60], "69": [57, 58, 39], "70": [64], "71": [67, 65, 64], "72": [41, 60, 64]}, "down": {"0": [29], "1": [29], "2": [33, 6, 34], "4": [3, 59, 28], "6": [33, 34, 4], "7": [28], "10": [34, 33, 7], "11": [15, 16, 13], "15": [13], "17": [72, 68, 66], "19": [53, 54, 66], "20": [15, 16, 13], "22": [39, 48, 35], "23": [12, 66, 68], "24": [3, 48], "25": [3], "26": [3], "27": [52, 48, 69], "30": [48, 69], "31": [28], "32": [28], "33": [28], "35": [48, 69], "36": [47, 37, 29], "38": [47, 1, 9], "39": [48, 69, 47], "40": [24, 48, 3], "41": [72, 68, 66], "42": [48, 69], "43": [69], "44": [68], "45": [13, 15], "49": [52, 48, 3], "50": [68, 72, 66], "51": [68, 72, 66], "52": [48, 69], "57": [35, 69, 48], "58": [35, 69, 48], "60": [68, 72, 66], "61": [49, 52, 48], "64": [68, 72, 66], "65": [68, 72, 66], "67": [68, 71, 72]}, "left": {"2": [38], "3": [0, 9, 8], "4": [0, 38, 1], "5": [0], "6": [38], "7": [33, 32, 4], "8": [0, 1], "9": [1], "10": [22, 38, 36], "11": [45, 34, 4], "12": [38, 52, 49], "13": [3, 25, 26], "14": [31, 28, 32], "15": [26, 25, 34], "16": [26, 25, 24], "17": [57, 58, 39], "18": [20, 45, 11], "19": [27, 61, 49], "20": [40, 10, 24], "21": [35, 66, 54], "22": [38], "23": [30, 27, 42], "24": [38, 22, 39], "25": [8, 5, 0], "26": [25, 8, 5], "27": [61, 49, 58], "28": [59, 5, 8], "30": [58, 61, 49], "32": [5, 0, 1], "33": [4, 5, 8], "34": [4, 8, 5], "35": [38, 36, 1], "39": [38, 36], "40": [22, 38, 36], "41": [36, 57, 58], "42": [58, 57, 39], "43": [57, 58, 39], "44": [57, 58, 39], "45": [24, 40, 49], "46": [24, 38, 49], "47": [37], "48": [9, 1, 0], "49": [38, 39, 58], "50": [57, 58, 36], "51": [57, 58, 36], "52": [38, 39, 58], "53": [12, 38, 52], "54": [52, 38, 12], "55": [37], "56": [37, 47], "57": [36, 38], "58": [39, 36, 38], "59": [0, 1, 29], "60": [41, 17, 57], "61": [22, 38, 39], "62": [70, 56, 36], "63": [36, 51, 50], "64": [41, 36, 17], "65": [64, 41, 60], "66": [35, 36, 52], "67": [64, 65, 41], "68": [36, 35, 56], "69": [47, 37], "70": [56, 36, 37], "71": [68, 66, 72], "72": [36, 56, 35]}}}]}