{"scenes": [{"objects": [{"prefab_path": "MensCollection/Prefabs/Rearranged/shirt_hung_up28", "unique_id": 0, "index": 0, "bbox": [1, 1, 429, 222], "position": [1.0980157852172852, 1.8483309745788574, 2.2459001541137695]}, {"prefab_path": "MensCollection/Prefabs/Rearranged/jacket_3_06", "unique_id": 1, "index": 1, "bbox": [1380, 241, 16, 4], "position": [1.236544132232666, -0.46352720260620117, -4.388944625854492]}, {"prefab_path": "MensCollection/Prefabs/Rearranged/jacket_1", "unique_id": 2, "index": 2, "bbox": [1931, 54, 363, 187], "position": [1.2131649255752563, -1.044653296470642, -3.454873561859131]}, {"prefab_path": "1514019/Rearranged/Jacket_Grey", "unique_id": 3, "index": 3, "bbox": [1137, 96, 465, 247], "position": [1.0321401357650757, 1.1859416961669922, -0.025738388299942017]}, {"prefab_path": "MensCollection/Prefabs/Rearranged/sweater_01", "unique_id": 4, "index": 4, "bbox": [1328, 1, 691, 616], "position": [0.2986946105957031, 1.636716365814209, -0.026324406266212463]}, {"prefab_path": "1514019/Rearranged/Jean_Jacket", "unique_id": 5, "index": 5, "bbox": [506, 246, 211, 150], "position": [2.27986216545105, 1.3029627799987793, 1.9377385377883911]}, {"prefab_path": "1514019/Rearranged/Jean_Jacket", "unique_id": 5, "index": 6, "bbox": [628, 280, 161, 89], "position": [2.969862222671509, 1.3029627799987793, 1.9377385377883911]}, {"prefab_path": "1514019/Rearranged/Jean_Jacket_2", "unique_id": 6, "index": 7, "bbox": [689, 301, 133, 67], "position": [1.0920662879943848, 1.2588186264038086, 1.9235124588012695]}, {"prefab_path": "MensCollection/Prefabs/Rearranged/suit 2", "unique_id": 7, "index": 8, "bbox": [740, 300, 136, 45], "position": [4.423794269561768, 1.632286548614502, 2.0099453926086426]}, {"prefab_path": "MensCollection/Prefabs/Rearranged/long_coat_06", "unique_id": 8, "index": 9, "bbox": [1022, 410, 17, 10], "position": [5.271778583526611, -0.3760160803794861, 0.1858670860528946]}, {"prefab_path": "MensCollection/Prefabs/Rearranged/jacket_2_06", "unique_id": 9, "index": 10, "bbox": [1039, 418, 12, 4], "position": [-0.40244388580322266, -3.146559000015259, 0.5033336877822876]}, {"prefab_path": "1208725/Jacket_blue", "unique_id": 10, "index": 11, "bbox": [1050, 424, 10, 1], "position": [4.140934944152832, -0.9918507933616638, 0.5386173129081726]}, {"prefab_path": "1208725/Jacket_red", "unique_id": 11, "index": 12, "bbox": [1080, 424, 8, 3], "position": [5.281949996948242, 1.8819806575775146, -1.8501875400543213]}, {"prefab_path": "MensCollection/Prefabs/Rearranged/long_coat_10", "unique_id": 12, "index": 13, "bbox": [1090, 411, 18, 15], "position": [3.7815194129943848, 0.8372488021850586, -0.21013502776622772]}, {"prefab_path": "clothing_store/models/prefab/T_shirt_4", "unique_id": 13, "index": 14, "bbox": [1096, 420, 4, 8], "position": [3.9134459495544434, 0.3799999952316284, -0.2445855289697647]}, {"prefab_path": "MensCollection/Prefabs/Rearranged/jacket_4_05", "unique_id": 14, "index": 15, "bbox": [1057, 418, 161, 70], "position": [0.8565168380737305, 1.1438989639282227, -1.238944411277771]}, {"prefab_path": "870230/hoodie09", "unique_id": 15, "index": 16, "bbox": [1033, 433, 148, 32], "position": [3.670893907546997, 1.0215479135513306, 0.07503598928451538]}, {"prefab_path": "MensCollection/Prefabs/Rearranged/long_coat_10", "unique_id": 12, "index": 17, "bbox": [998, 412, 179, 62], "position": [3.730483293533325, 0.8372488021850586, 0.17244186997413635]}, {"prefab_path": "MensCollection/Prefabs/Rearranged/jacket_4_05", "unique_id": 14, "index": 18, "bbox": [973, 423, 163, 92], "position": [3.363668441772461, 1.1026188135147095, -2.7565548419952393]}, {"prefab_path": "MensCollection/Prefabs/Rearranged/jacket_2_03", "unique_id": 16, "index": 19, "bbox": [1059, 420, 165, 28], "position": [1.529940128326416, -2.3494725227355957, 1.344860315322876]}, {"prefab_path": "1514019/Rearranged/Sneakers_3", "unique_id": 17, "index": 20, "bbox": [692, 615, 54, 44], "position": [2.9597437381744385, 1.212756872177124, 1.737614631652832]}, {"prefab_path": "clothing_store/models/prefab/trousers_4", "unique_id": 18, "index": 21, "bbox": [1879, 476, 257, 239], "position": [1.128000020980835, 0.2301410436630249, -2.175999879837036]}, {"prefab_path": "1514019/Rearranged/Jeans_Blue_V4", "unique_id": 19, "index": 22, "bbox": [1, 521, 267, 208], "position": [1.128291130065918, 0.24453043937683105, 2.251950979232788]}, {"prefab_path": "clothing_store/models/prefab/sneakers", "unique_id": 20, "index": 23, "bbox": [598, 691, 66, 57], "position": [2.184000015258789, 0.3309999704360962, 1.7599999904632568]}], "relationships": {"right": {"0": [4, 3, 15], "2": [1], "3": [15, 21, 1], "4": [1], "5": [3, 15, 21], "6": [20, 16, 18], "7": [3, 15, 4], "8": [18, 16, 13], "9": [18, 1], "11": [18, 1, 2], "13": [18, 1], "14": [18, 1, 2], "15": [1], "16": [18, 1, 2], "17": [13, 18, 1], "19": [2, 1, 21], "20": [16, 18, 17], "21": [1], "22": [21, 15, 3], "23": [21, 1, 15]}, "down": {"0": [22, 7, 19], "3": [19, 10], "4": [10, 19], "5": [23, 19, 10], "6": [19], "7": [22, 19, 10], "8": [11, 19], "13": [14, 11], "14": [11], "15": [10], "16": [17, 14, 11], "17": [11], "20": [19], "22": [19, 10], "23": [19]}, "left": {"1": [2, 23, 21], "2": [19, 23, 22], "3": [7, 0, 22], "4": [0, 7, 22], "12": [8], "13": [17, 8, 20], "14": [8], "15": [3, 7, 0], "16": [8, 20, 6], "17": [8, 20, 6], "18": [16, 17, 13], "20": [6], "21": [23, 22, 3]}, "up": {"7": [0], "10": [4, 3, 7], "11": [17, 16, 14], "14": [13, 16], "17": [16], "19": [7, 23, 5], "22": [0, 7], "23": [5]}}}]}