{"scenes": [{"objects": [{"prefab_path": "1498649_store/Prefabs/_itog039", "unique_id": 0, "index": 0, "bbox": [459, 242, 376, 216], "position": [1.1017653942108154, 1.8418116569519043, -2.220693349838257]}, {"prefab_path": "WomensCollection/Prefabs/Rearranged/blouse_2_15", "unique_id": 1, "index": 1, "bbox": [722, 261, 363, 71], "position": [0.6522972583770752, 1.8430695533752441, -2.2188401222229004]}, {"prefab_path": "MensCollection/Prefabs/Rearranged/long_coat_10 1", "unique_id": 2, "index": 2, "bbox": [867, 210, 464, 60], "position": [0.9054705500602722, 1.4082798957824707, -0.04540061950683594]}, {"prefab_path": "1498649_store/Prefabs/_itog031", "unique_id": 3, "index": 3, "bbox": [1078, 235, 419, 60], "position": [-0.15069369971752167, 1.8418116569519043, -2.2237656116485596]}, {"prefab_path": "1498649_store/Prefabs/_itog017", "unique_id": 4, "index": 4, "bbox": [1140, 233, 423, 72], "position": [-0.2986936867237091, 1.8418116569519043, -2.2177655696868896]}, {"prefab_path": "1498649_store/Prefabs/_itog044", "unique_id": 5, "index": 5, "bbox": [1206, 232, 426, 78], "position": [-0.4406937062740326, 1.8418116569519043, -2.2177655696868896]}, {"prefab_path": "WomensCollection/Prefabs/Rearranged/blouse_01_60", "unique_id": 6, "index": 6, "bbox": [1280, 270, 349, 73], "position": [-0.565678596496582, 1.8414485454559326, -2.2269110679626465]}, {"prefab_path": "MensCollection/Prefabs/Rearranged/jacket_3_02", "unique_id": 7, "index": 7, "bbox": [1432, 204, 451, 259], "position": [4.239826679229736, -2.788418769836426, -4.242184638977051]}, {"prefab_path": "MensCollection/Prefabs/Rearranged/jacket_1", "unique_id": 8, "index": 8, "bbox": [839, 229, 475, 42], "position": [-0.8558738827705383, -1.0859330892562866, -2.33416485786438]}, {"prefab_path": "WomensCollection/Prefabs/Rearranged/blouse_2_15", "unique_id": 1, "index": 9, "bbox": [909, 278, 368, 43], "position": [0.25629723072052, 1.8017897605895996, -2.2208402156829834]}, {"prefab_path": "clothing_store/models/prefab/trousers_5", "unique_id": 9, "index": 10, "bbox": [477, 689, 314, 204], "position": [1.128000020980835, 0.2301410436630249, -2.175999879837036]}, {"prefab_path": "clothing_store/models/prefab/trousers_5", "unique_id": 9, "index": 11, "bbox": [785, 689, 314, 198], "position": [0.36900001764297485, 0.23014092445373535, -2.2330000400543213]}, {"prefab_path": "1514019/Rearranged/Sport_Pants", "unique_id": 10, "index": 12, "bbox": [1102, 714, 289, 159], "position": [-0.35053396224975586, 0.2701929807662964, -2.224849224090576]}, {"prefab_path": "1514019/Rearranged/Jeans_Blue_V3", "unique_id": 11, "index": 13, "bbox": [1434, 717, 286, 204], "position": [-1.1225831508636475, 0.24665725231170654, -2.1808831691741943]}], "relationships": {"right": {"0": [1, 9, 3], "1": [9, 3, 4], "3": [4, 6, 5], "4": [6, 5], "5": [6], "7": [8, 13], "9": [3, 4, 6], "10": [11, 12, 13], "11": [12, 13], "12": [13]}, "down": {"0": [10, 11, 8], "1": [11, 10, 12], "3": [12, 11, 8], "4": [12, 8, 11], "5": [12, 8, 13], "6": [12, 8, 13], "9": [11, 12, 10], "12": [8], "13": [8]}, "left": {"1": [0], "3": [9, 1, 0], "4": [3, 9, 1], "5": [4, 3, 9], "6": [5, 4, 3], "8": [10, 7], "9": [1, 0], "11": [10], "12": [10, 11], "13": [12, 10, 11]}, "up": {"8": [13, 6, 12], "10": [0, 1, 9], "11": [9, 1, 3], "12": [4, 5, 3], "13": [6, 5, 4]}}}]}