{"scenes": [{"objects": [{"prefab_path": "1208725/Jacket_blue", "unique_id": 0, "index": 0, "bbox": [1, 1, 305, 129], "position": [-0.8708624243736267, 0.05314898490905762, 2.222773551940918]}, {"prefab_path": "1208725/Jacket_red", "unique_id": 1, "index": 1, "bbox": [81, 1, 302, 135], "position": [0.6355849504470825, 2.926980495452881, 4.1473388671875]}, {"prefab_path": "MensCollection/Prefabs/Rearranged/jacket_4_05", "unique_id": 2, "index": 2, "bbox": [288, 1, 326, 154], "position": [-0.395831823348999, 2.1888985633850098, -0.7621550559997559]}, {"prefab_path": "MensCollection/Prefabs/Rearranged/jacket_2_03", "unique_id": 3, "index": 3, "bbox": [398, 1, 309, 104], "position": [-1.158717393875122, -1.304472804069519, 0.1511850357055664]}, {"prefab_path": "MensCollection/Prefabs/Rearranged/jacket_4_05", "unique_id": 2, "index": 4, "bbox": [458, 1, 321, 118], "position": [-0.12283182144165039, 2.1888985633850098, -0.7631549835205078]}, {"prefab_path": "MensCollection/Prefabs/Rearranged/shirt_hung_up 1", "unique_id": 4, "index": 5, "bbox": [540, 1, 305, 76], "position": [0.5828999280929565, 1.8483308553695679, 2.2429840564727783]}, {"prefab_path": "MensCollection/Prefabs/Rearranged/long_coat_10 1", "unique_id": 5, "index": 6, "bbox": [666, 17, 305, 151], "position": [-1.0806877613067627, 1.4082798957824707, 2.825791835784912]}, {"prefab_path": "MensCollection/Prefabs/Rearranged/long_coat_10", "unique_id": 6, "index": 7, "bbox": [1464, 320, 38, 12], "position": [2.313519239425659, 0.8372488021850586, 0.1073007732629776]}, {"prefab_path": "MensCollection/Prefabs/Rearranged/long_coat_06", "unique_id": 7, "index": 8, "bbox": [1547, 322, 49, 28], "position": [2.64145827293396, -0.376015841960907, -1.2716560363769531]}, {"prefab_path": "MensCollection/Prefabs/Rearranged/jacket_4_09", "unique_id": 8, "index": 9, "bbox": [1378, 347, 36, 29], "position": [2.0726120471954346, 0.7281986474990845, 0.2669919431209564]}, {"prefab_path": "870230/hoodie03", "unique_id": 9, "index": 10, "bbox": [1335, 358, 37, 133], "position": [2.175859212875366, 1.0199635028839111, 0.24763691425323486]}, {"prefab_path": "MensCollection/Prefabs/Rearranged/jacket_3_06", "unique_id": 10, "index": 11, "bbox": [1397, 339, 42, 33], "position": [-1.550410270690918, -1.8049018383026123, 0.5246599316596985]}, {"prefab_path": "MensCollection/Prefabs/Rearranged/jacket_3_06", "unique_id": 10, "index": 12, "bbox": [1507, 345, 16, 4], "position": [4.394414901733398, -1.8049025535583496, 2.351105213165283]}, {"prefab_path": "MensCollection/Prefabs/Rearranged/long_coat_12", "unique_id": 11, "index": 13, "bbox": [1556, 329, 49, 15], "position": [1.3916592597961426, -0.5723289847373962, -0.914278507232666]}, {"prefab_path": "MensCollection/Prefabs/Rearranged/jacket_1", "unique_id": 12, "index": 14, "bbox": [1576, 343, 48, 37], "position": [0.8316617012023926, -2.089653491973877, 0.2610863447189331]}, {"prefab_path": "MensCollection/Prefabs/Rearranged/jacket_4_09", "unique_id": 8, "index": 15, "bbox": [1595, 341, 46, 35], "position": [2.0755579471588135, 0.7694785594940186, -0.225193589925766]}, {"prefab_path": "clothing_store/models/prefab/cap_3", "unique_id": 13, "index": 16, "bbox": [1279, 383, 73, 174], "position": [1.0043755769729614, 1.2384647130966187, 0.03372758626937866]}, {"prefab_path": "1514019/Rearranged/Hat_NY_PD", "unique_id": 14, "index": 17, "bbox": [1350, 374, 144, 204], "position": [1.7186505794525146, 0.4020347595214844, -0.03356998413801193]}, {"prefab_path": "1514019/Rearranged/Hat_NY_PD", "unique_id": 14, "index": 18, "bbox": [1491, 350, 101, 93], "position": [2.08988094329834, 0.4020347595214844, -0.43924179673194885]}, {"prefab_path": "clothing_store/models/prefab/trousers_3", "unique_id": 15, "index": 19, "bbox": [700, 347, 281, 138], "position": [1.128000020980835, 0.2301410436630249, 2.24706768989563]}, {"prefab_path": "clothing_store/models/prefab/cap_5", "unique_id": 16, "index": 20, "bbox": [1123, 459, 171, 349], "position": [0.41537535190582275, 1.238464593887329, -0.021272435784339905]}, {"prefab_path": "clothing_store/models/prefab/trousers_5", "unique_id": 17, "index": 21, "bbox": [1, 394, 394, 345], "position": [-0.34700000286102295, 0.23014092445373535, 2.201373815536499]}, {"prefab_path": "1514019/Rearranged/Jeans_Blue_V3", "unique_id": 18, "index": 22, "bbox": [430, 370, 362, 198], "position": [0.36929112672805786, 0.246657133102417, 2.194141149520874]}, {"prefab_path": "1514019/Rearranged/Hat_NY_PD", "unique_id": 14, "index": 23, "bbox": [816, 598, 190, 430], "position": [0.9099962711334229, 0.40357017517089844, -0.004425160586833954]}, {"prefab_path": "clothing_store/models/prefab/sneakers", "unique_id": 19, "index": 24, "bbox": [494, 744, 32, 62], "position": [0.4251544177532196, 0.03797274827957153, 2.1754260063171387]}], "relationships": {"up": {"0": [6, 5, 1], "3": [2, 20, 4], "9": [10], "11": [21, 20, 2], "13": [18, 15, 17], "14": [23, 16, 17], "17": [10], "18": [15], "19": [5, 1], "21": [5, 1], "22": [5, 1], "23": [16], "24": [22, 5, 1]}, "right": {"0": [23, 13, 17], "1": [10, 7, 9], "3": [13, 8], "5": [10, 7, 9], "6": [16, 20, 15], "9": [7], "11": [13, 8], "17": [18, 8], "19": [9, 7, 10], "21": [17, 18, 23], "22": [18, 17, 9], "23": [18, 8], "24": [18, 17, 8]}, "down": {"1": [22, 24, 21], "2": [3, 11, 14], "4": [3, 13, 11], "5": [22, 24, 21], "6": [0, 11], "7": [13, 14], "9": [14], "10": [9, 17, 14], "15": [18, 13, 14], "16": [23, 14, 13], "17": [14, 13], "18": [13, 14], "19": [14], "20": [14, 3, 11], "21": [11], "22": [24], "23": [14]}, "left": {"2": [6], "4": [6], "5": [6], "7": [9, 22, 19], "8": [24, 21, 22], "9": [22, 19, 24], "10": [22, 5, 19], "13": [0, 21, 24], "15": [22, 21, 24], "16": [6, 21, 0], "17": [21, 22, 24], "18": [17, 22, 21], "20": [6, 0, 21], "23": [0, 21, 22]}}}]}