{"Items":[{"name":"skirt_2_05(Clone)","prefabPath":"WomensCollection/Prefabs/Rearranged/skirt_2_05","bbox":[348,527,227,29],"position":[-3.8708136081695558,1.1980688571929932,-7.206905364990234]},{"name":"skirt_1_11(Clone)","prefabPath":"WomensCollection/Prefabs/Rearranged/skirt_1_11","bbox":[14,224,285,202],"position":[-3.266692876815796,2.185610055923462,-7.2926788330078129]},{"name":"_itog031(Clone)","prefabPath":"1498649_store/Prefabs/_itog031","bbox":[405,507,222,44],"position":[-4.065829277038574,1.3028117418289185,-7.216203689575195]},{"name":"long_coat_06(Clone)","prefabPath":"MensCollection/Prefabs/Rearranged/long_coat_06","bbox":[459,483,246,59],"position":[-3.480227470397949,0.12998414039611817,-6.3133697509765629]},{"name":"_itog049(Clone)","prefabPath":"1498649_store/Prefabs/_itog049","bbox":[388,272,226,153],"position":[-4.227234840393066,2.228811740875244,-7.292694091796875]},{"name":"skirt_3_14(Clone)","prefabPath":"WomensCollection/Prefabs/Rearranged/skirt_3_14","bbox":[524,614,91,35],"position":[-4.474813938140869,1.0848280191421509,-7.214543342590332]},{"name":"sweater_folded47(Clone)","prefabPath":"MensCollection/Prefabs/Rearranged/sweater_folded47","bbox":[673,720,106,210],"position":[-4.18902587890625,1.45332670211792,-4.924302101135254]},{"name":"sweater_folded09(Clone)","prefabPath":"WomensCollection/Prefabs/Rearranged/sweater_folded09","bbox":[1,590,107,197],"position":[-3.287428855895996,1.7506296634674073,-5.297238349914551]},{"name":"shirt_5_03(Clone)","prefabPath":"WomensCollection/Prefabs/Rearranged/shirt_5_03","bbox":[831,831,84,191],"position":[-4.479158878326416,1.151225209236145,-4.856212139129639]},{"name":"sweater_folded54(Clone)","prefabPath":"MensCollection/Prefabs/Rearranged/sweater_folded54","bbox":[703,872,43,169],"position":[-4.192704200744629,1.1727182865142823,-4.855172157287598]},{"name":"sweater_folded_5(Clone)","prefabPath":"WomensCollection/Prefabs/Rearranged/sweater_folded_5","bbox":[719,543,44,172],"position":[-4.479265213012695,1.7501674890518189,-5.293250560760498]},{"name":"sweater_folded04(Clone)","prefabPath":"WomensCollection/Prefabs/Rearranged/sweater_folded04","bbox":[999,878,37,113],"position":[-4.468654155731201,1.1731804609298707,-4.504074573516846]},{"name":"sweater_folded_1(Clone)","prefabPath":"WomensCollection/Prefabs/Rearranged/sweater_folded_1","bbox":[587,552,54,198],"position":[-4.192704200744629,1.7501674890518189,-5.293200492858887]},{"name":"sweater_folded_6(Clone)","prefabPath":"WomensCollection/Prefabs/Rearranged/sweater_folded_6","bbox":[174,802,113,320],"position":[-3.5691473484039308,1.45332670211792,-4.924302101135254]},{"name":"sweater_folded12(Clone)","prefabPath":"WomensCollection/Prefabs/Rearranged/sweater_folded12","bbox":[423,700,117,202],"position":[-3.876527786254883,1.4537888765335084,-5.291853904724121]},{"name":"shirt_3(Clone)","prefabPath":"MensCollection/Prefabs/Rearranged/shirt_3","bbox":[195,584,70,228],"position":[-3.590489149093628,1.72868013381958,-5.294228553771973]},{"name":"shirt_6_03(Clone)","prefabPath":"WomensCollection/Prefabs/Rearranged/shirt_6_03","bbox":[812,694,80,186],"position":[-4.482982158660889,1.4318336248397828,-4.925236701965332]},{"name":"shirt_5_03(Clone)","prefabPath":"WomensCollection/Prefabs/Rearranged/shirt_5_03","bbox":[440,569,55,176],"position":[-3.8818583488464357,1.7286744117736817,-5.294240474700928]},{"name":"sweater_folded63(Clone)","prefabPath":"WomensCollection/Prefabs/Rearranged/sweater_folded63","bbox":[167,738,153,272],"position":[-3.5823488235473635,1.4536418914794922,-5.290345191955566]},{"name":"sweater_folded_4(Clone)","prefabPath":"WomensCollection/Prefabs/Rearranged/sweater_folded_4","bbox":[586,677,92,196],"position":[-4.1832685470581059,1.45332670211792,-5.287816047668457]},{"name":"shirt_12(Clone)","prefabPath":"MensCollection/Prefabs/Rearranged/shirt_12","bbox":[483,764,143,230],"position":[-3.8768057823181154,1.4352387189865113,-4.9246506690979]},{"name":"camera","prefabPath":"camera","bbox":[-1,-1,-1,-1],"position":[-3.4443509578704836,2.0,-3.6890172958374025]},{"name":"camera_right","prefabPath":"camera","bbox":[-1,-1,-1,-1],"position":[-0.731353759765625,0.0,0.6819983720779419]},{"name":"camera_forward","prefabPath":"camera","bbox":[-1,-1,-1,-1],"position":[-0.6819983720779419,0.0,-0.731353759765625]},{"name":"camera_up","prefabPath":"camera","bbox":[-1,-1,-1,-1],"position":[0.0,1.0,0.0]}]}