{"Items":[{"name":"_itog031(Clone)","prefabPath":"1498649_store/Prefabs/_itog031","bbox":[1,493,328,126],"position":[-4.065829277038574,1.3028117418289185,-7.216203689575195]},{"name":"long_coat_06(Clone)","prefabPath":"MensCollection/Prefabs/Rearranged/long_coat_06","bbox":[1,451,378,201],"position":[-3.480227470397949,0.12998414039611817,-6.3133697509765629]},{"name":"_itog049(Clone)","prefabPath":"1498649_store/Prefabs/_itog049","bbox":[1,143,316,129],"position":[-4.227234840393066,2.228811740875244,-7.292694091796875]},{"name":"skirt_3_14(Clone)","prefabPath":"WomensCollection/Prefabs/Rearranged/skirt_3_14","bbox":[186,574,159,41],"position":[-4.474813938140869,1.0848280191421509,-7.214543342590332]},{"name":"sweater_folded47(Clone)","prefabPath":"MensCollection/Prefabs/Rearranged/sweater_folded47","bbox":[820,594,36,123],"position":[-4.18902587890625,1.45332670211792,-4.924302101135254]},{"name":"sweater_folded09(Clone)","prefabPath":"WomensCollection/Prefabs/Rearranged/sweater_folded09","bbox":[484,533,78,266],"position":[-3.287428855895996,1.7506296634674073,-5.297238349914551]},{"name":"shirt_3_05(Clone)","prefabPath":"WomensCollection/Prefabs/Rearranged/shirt_3_05","bbox":[981,681,41,118],"position":[-4.175924301147461,1.1849201917648316,-4.494473457336426]},{"name":"folded polo shirt00(Clone)","prefabPath":"MensCollection/Prefabs/Rearranged/folded polo shirt00","bbox":[1009,846,69,197],"position":[-3.259033203125,1.1720218658447266,-4.394421577453613]},{"name":"sweater_folded_5(Clone)","prefabPath":"WomensCollection/Prefabs/Rearranged/sweater_folded_5","bbox":[707,483,20,129],"position":[-4.479265213012695,1.7501674890518189,-5.293250560760498]},{"name":"sweater_folded02(Clone)","prefabPath":"MensCollection/Prefabs/Rearranged/sweater_folded02","bbox":[795,851,64,195],"position":[-3.2870891094207765,1.1752426624298096,-4.855172157287598]},{"name":"sweater_folded04(Clone)","prefabPath":"WomensCollection/Prefabs/Rearranged/sweater_folded04","bbox":[969,651,49,109],"position":[-4.468654155731201,1.1731804609298707,-4.504074573516846]},{"name":"sweater_folded45(Clone)","prefabPath":"MensCollection/Prefabs/Rearranged/sweater_folded45","bbox":[811,783,72,174],"position":[-3.590433120727539,1.1752426624298096,-4.855212211608887]},{"name":"sweater_folded_1(Clone)","prefabPath":"WomensCollection/Prefabs/Rearranged/sweater_folded_1","bbox":[675,492,29,148],"position":[-4.192704200744629,1.7501674890518189,-5.293200492858887]},{"name":"shirt_14(Clone)","prefabPath":"MensCollection/Prefabs/Rearranged/shirt_14","bbox":[997,787,67,160],"position":[-3.579094886779785,1.1512309312820435,-4.501043796539307]},{"name":"sweater_folded_6(Clone)","prefabPath":"WomensCollection/Prefabs/Rearranged/sweater_folded_6","bbox":[762,651,73,195],"position":[-3.5691473484039308,1.45332670211792,-4.924302101135254]},{"name":"sweater_folded12(Clone)","prefabPath":"WomensCollection/Prefabs/Rearranged/sweater_folded12","bbox":[639,614,45,166],"position":[-3.876527786254883,1.4537888765335084,-5.291853904724121]},{"name":"shirt_3(Clone)","prefabPath":"MensCollection/Prefabs/Rearranged/shirt_3","bbox":[601,522,30,181],"position":[-3.590489149093628,1.72868013381958,-5.294228553771973]},{"name":"shirt_6_03(Clone)","prefabPath":"WomensCollection/Prefabs/Rearranged/shirt_6_03","bbox":[836,577,25,105],"position":[-4.482982158660889,1.4318336248397828,-4.925236701965332]},{"name":"shirt_5_03(Clone)","prefabPath":"WomensCollection/Prefabs/Rearranged/shirt_5_03","bbox":[651,508,27,149],"position":[-3.8818583488464357,1.7286744117736817,-5.294240474700928]},{"name":"sweater_folded17(Clone)","prefabPath":"MensCollection/Prefabs/Rearranged/sweater_folded17","bbox":[986,727,60,140],"position":[-3.8732590675354006,1.1752426624298096,-4.500005722045898]},{"name":"sweater_folded63(Clone)","prefabPath":"WomensCollection/Prefabs/Rearranged/sweater_folded63","bbox":[569,651,76,223],"position":[-3.5823488235473635,1.4536418914794922,-5.290345191955566]},{"name":"shirt_10(Clone)","prefabPath":"MensCollection/Prefabs/Rearranged/shirt_10","bbox":[737,710,88,223],"position":[-3.2776718139648439,1.4318393468856812,-4.9252800941467289]},{"name":"sweater_folded_4(Clone)","prefabPath":"WomensCollection/Prefabs/Rearranged/sweater_folded_4","bbox":[680,592,39,145],"position":[-4.1832685470581059,1.45332670211792,-5.287816047668457]},{"name":"shirt_12(Clone)","prefabPath":"MensCollection/Prefabs/Rearranged/shirt_12","bbox":[809,624,32,136],"position":[-3.8768057823181154,1.4352387189865113,-4.9246506690979]},{"name":"camera","prefabPath":"camera","bbox":[-1,-1,-1,-1],"position":[-1.978240728378296,2.0,-4.800086975097656]},{"name":"camera_right","prefabPath":"camera","bbox":[-1,-1,-1,-1],"position":[0.017452498897910119,0.0,0.9998477697372437]},{"name":"camera_forward","prefabPath":"camera","bbox":[-1,-1,-1,-1],"position":[-0.9984774589538574,-0.0523359589278698,0.017428580671548845]},{"name":"camera_up","prefabPath":"camera","bbox":[-1,-1,-1,-1],"position":[-0.05232798680663109,0.9986295104026794,0.0009133927524089813]}]}