{"scenes": [{"objects": [{"prefab_path": "MensCollection/Prefabs/Rearranged/jacket_1", "unique_id": 0, "index": 0, "bbox": [830, 55, 31, 15], "position": [-5.155873775482178, -1.0446534156799316, 2.1258351802825928]}, {"prefab_path": "870230/hoodie09", "unique_id": 1, "index": 1, "bbox": [932, 18, 340, 38], "position": [-3.3381409645080566, 2.0665478706359863, 2.2442476749420166]}, {"prefab_path": "MensCollection/Prefabs/Rearranged/polo shirt 13", "unique_id": 2, "index": 2, "bbox": [1059, 1, 363, 249], "position": [-2.891413688659668, 1.8492279052734375, 2.2381553649902344]}, {"prefab_path": "MensCollection/Prefabs/Rearranged/jacket_1", "unique_id": 0, "index": 3, "bbox": [774, 47, 346, 98], "position": [-5.0438737869262695, -1.044653296470642, 2.1298351287841797]}, {"prefab_path": "MensCollection/Prefabs/Rearranged/jacket_4_05", "unique_id": 3, "index": 4, "bbox": [851, 60, 336, 100], "position": [-4.138832092285156, 2.1888985633850098, -0.7611551284790039]}, {"prefab_path": "1208725/Jacket_red", "unique_id": 4, "index": 5, "bbox": [563, 186, 188, 45], "position": [-7.029338836669922, 2.8897008895874023, 3.063584804534912]}, {"prefab_path": "MensCollection/Prefabs/Rearranged/jacket_1", "unique_id": 0, "index": 6, "bbox": [659, 116, 273, 89], "position": [-5.561873912811279, -1.044653296470642, 2.1318349838256836]}, {"prefab_path": "clothing_store/models/prefab/trousers_3", "unique_id": 5, "index": 7, "bbox": [561, 419, 252, 56], "position": [-5.106999397277832, 0.23014092445373535, 2.1661055088043213]}, {"prefab_path": "clothing_store/models/prefab/trousers", "unique_id": 6, "index": 8, "bbox": [687, 426, 304, 75], "position": [-4.373917579650879, 0.23014092445373535, 2.2122232913970947]}, {"prefab_path": "1514019/Rearranged/Jeans_Blue_V4", "unique_id": 7, "index": 9, "bbox": [854, 444, 344, 118], "position": [-3.613121747970581, 0.24453043937683105, 2.2062571048736572]}, {"prefab_path": "1514019/Rearranged/Jeans_Blue_V3", "unique_id": 8, "index": 10, "bbox": [1076, 465, 323, 166], "position": [-2.897573947906494, 0.246657133102417, 2.194141149520874]}, {"prefab_path": "clothing_store/models/prefab/sneakers_2", "unique_id": 9, "index": 11, "bbox": [572, 708, 41, 48], "position": [-5.091246128082275, 0.037972718477249146, 2.1207213401794434]}, {"prefab_path": "1514019/Rearranged/Shoes_Preppy", "unique_id": 10, "index": 12, "bbox": [696, 763, 25, 43], "position": [-5.053544044494629, 0.9293829202651978, 2.126868724822998]}], "relationships": {"up": {"0": [7, 11, 12], "3": [7, 11, 12], "6": [7, 11, 12], "7": [12, 5], "8": [1], "9": [1, 2], "10": [2, 1], "11": [7, 12, 5]}, "right": {"0": [3], "6": [0, 3], "7": [8, 9, 10], "8": [9, 10], "9": [10], "11": [8, 9, 10], "12": [9, 10, 2]}, "left": {"0": [6], "2": [12], "3": [0, 6], "8": [7, 11], "9": [8, 11, 7], "10": [9, 8, 11]}, "down": {"1": [9, 10, 8], "2": [10, 9], "5": [6, 0, 7], "7": [3, 11, 0], "8": [3, 0], "11": [3, 0, 6], "12": [11, 7, 3]}}}]}