{"scenes": [{"objects": [{"prefab_path": "WomensCollection/Prefabs/Rearranged/blouse_01_55", "unique_id": 0, "index": 0, "bbox": [229, 255, 226, 192], "position": [-2.371088743209839, 2.2284488677978516, -7.2926788330078125]}, {"prefab_path": "1498649_store/Prefabs/_itog054", "unique_id": 1, "index": 1, "bbox": [708, 340, 148, 75], "position": [-4.227234840393066, 2.228811740875244, -7.292694091796875]}, {"prefab_path": "WomensCollection/Prefabs/Rearranged/blouse_01_07", "unique_id": 2, "index": 2, "bbox": [292, 407, 177, 148], "position": [-1.4926784038543701, 1.6184489727020264, -5.275911331176758]}, {"prefab_path": "1498649_store/Prefabs/_itog030", "unique_id": 3, "index": 3, "bbox": [778, 500, 55, 51], "position": [-4.474829196929932, 1.2615317106246948, -7.216203689575195]}, {"prefab_path": "WomensCollection/Prefabs/Rearranged/sweater_folded_5", "unique_id": 4, "index": 4, "bbox": [1032, 529, 26, 77], "position": [-3.2870891094207764, 1.7501674890518188, -5.293200492858887]}, {"prefab_path": "MensCollection/Prefabs/Rearranged/sweater_folded47", "unique_id": 5, "index": 5, "bbox": [1028, 523, 18, 104], "position": [-3.590433120727539, 1.7501674890518188, -5.293240547180176]}, {"prefab_path": "WomensCollection/Prefabs/Rearranged/sweater_folded74", "unique_id": 6, "index": 6, "bbox": [1093, 507, 19, 100], "position": [-4.479532718658447, 1.7504826784133911, -5.295729637145996]}, {"prefab_path": "WomensCollection/Prefabs/Rearranged/shirt_3_05", "unique_id": 7, "index": 7, "bbox": [1085, 513, 16, 86], "position": [-4.192553997039795, 1.7286744117736816, -5.294184684753418]}, {"prefab_path": "MensCollection/Prefabs/Rearranged/shirt_folded_1_14", "unique_id": 8, "index": 8, "bbox": [1047, 508, 40, 106], "position": [-3.8819069862365723, 1.7034283876419067, -5.294238567352295]}, {"prefab_path": "1498649_store/Prefabs/_itog034", "unique_id": 9, "index": 9, "bbox": [1, 205, 710, 212], "position": [-1.2808018922805786, 1.5194456577301025, -5.276535511016846]}, {"prefab_path": "1498649_store/Prefabs/_itog017", "unique_id": 10, "index": 10, "bbox": [534, 277, 638, 630], "position": [-1.4926937818527222, 1.6188119649887085, -4.742765426635742]}, {"prefab_path": "MensCollection/Prefabs/Rearranged/shirt_8", "unique_id": 11, "index": 11, "bbox": [1192, 582, 22, 88], "position": [-4.483030796051025, 1.4318393468856812, -4.92523717880249]}, {"prefab_path": "MensCollection/Prefabs/Rearranged/shirt_folded_1_14", "unique_id": 8, "index": 12, "bbox": [1138, 609, 61, 109], "position": [-3.569089889526367, 1.4065876007080078, -4.925290107727051]}, {"prefab_path": "WomensCollection/Prefabs/Rearranged/shirt_2_05", "unique_id": 12, "index": 13, "bbox": [1175, 592, 22, 96], "position": [-4.188919544219971, 1.4318336248397827, -4.925292015075684]}, {"prefab_path": "WomensCollection/Prefabs/Rearranged/sweater_folded12", "unique_id": 13, "index": 14, "bbox": [1149, 597, 45, 112], "position": [-3.877284288406372, 1.4537888765335083, -4.928290367126465]}, {"prefab_path": "WomensCollection/Prefabs/Rearranged/shirt_5_03", "unique_id": 14, "index": 15, "bbox": [1153, 646, 37, 81], "position": [-3.2776236534118652, 1.4318336248397827, -4.925287246704102]}, {"prefab_path": "MensCollection/Prefabs/Rearranged/shirt_11", "unique_id": 15, "index": 16, "bbox": [1205, 670, 24, 86], "position": [-4.192602634429932, 1.1512309312820435, -4.856156826019287]}, {"prefab_path": "MensCollection/Prefabs/Rearranged/shirt_11", "unique_id": 15, "index": 17, "bbox": [1227, 657, 23, 72], "position": [-4.479207515716553, 1.1512309312820435, -4.856210231781006]}, {"prefab_path": "MensCollection/Prefabs/Rearranged/sweater_folded47", "unique_id": 5, "index": 18, "bbox": [1295, 668, 41, 108], "position": [-4.176054000854492, 1.2064132690429688, -4.493486404418945]}, {"prefab_path": "MensCollection/Prefabs/Rearranged/shirt_folded_1_03", "unique_id": 16, "index": 19, "bbox": [1301, 652, 25, 74], "position": [-4.468076705932617, 1.1259791851043701, -4.501043796539307]}, {"prefab_path": "MensCollection/Prefabs/Rearranged/shirt_8", "unique_id": 11, "index": 20, "bbox": [1159, 707, 51, 116], "position": [-3.590489149093628, 1.1512309312820435, -4.856200218200684]}, {"prefab_path": "WomensCollection/Prefabs/Rearranged/sweater_folded12", "unique_id": 13, "index": 21, "bbox": [1164, 681, 49, 121], "position": [-3.882484197616577, 1.1731804609298706, -4.859241008758545]}, {"prefab_path": "MensCollection/Prefabs/Rearranged/shirt_7", "unique_id": 17, "index": 22, "bbox": [1284, 701, 47, 119], "position": [-3.873157501220703, 1.1512309312820435, -4.500990390777588]}, {"prefab_path": "MensCollection/Prefabs/Rearranged/shirt_14", "unique_id": 18, "index": 23, "bbox": [1162, 743, 55, 95], "position": [-3.286987543106079, 1.1512309312820435, -4.856156826019287]}, {"prefab_path": "WomensCollection/Prefabs/Rearranged/sweater_folded19", "unique_id": 19, "index": 24, "bbox": [1252, 749, 95, 160], "position": [-3.2674105167388916, 1.1731804609298706, -4.5040435791015625]}, {"prefab_path": "WomensCollection/Prefabs/Rearranged/shirt_5_03", "unique_id": 14, "index": 25, "bbox": [1276, 727, 47, 131], "position": [-3.5790462493896484, 1.151225209236145, -4.5010457038879395]}], "relationships": {"right": {"0": [5, 4, 8], "1": [6, 7, 11], "2": [10], "3": [6, 11, 17], "4": [14, 22, 25], "5": [14, 18, 22], "7": [11, 19], "8": [13, 11, 18], "9": [10], "12": [22, 18], "13": [19], "14": [18, 19], "15": [25, 22], "16": [19, 18], "17": [19], "20": [22, 25, 18], "21": [18, 22, 19], "23": [25, 24, 22]}, "down": {"1": [3], "4": [23], "5": [20], "6": [17], "11": [17], "12": [20], "13": [16], "14": [21], "15": [23]}, "up": {"3": [1], "16": [13], "17": [11, 6], "20": [12, 5], "21": [14], "23": [15, 4]}, "left": {"4": [0], "5": [0], "6": [1, 0, 3], "7": [0, 1], "8": [0], "10": [9, 2], "11": [7, 8, 0], "12": [0], "13": [8, 0, 3], "14": [5, 4, 0], "15": [0], "16": [0, 3], "17": [3, 0, 1], "18": [21, 16, 14], "19": [16, 17, 13], "20": [0], "21": [0], "22": [20, 21, 12], "23": [0], "24": [23, 0], "25": [23, 20, 15]}}}]}