{"scenes": [{"objects": [{"prefab_path": "MensCollection/Prefabs/Rearranged/long_coat_10", "unique_id": 0, "index": 0, "bbox": [1314, 104, 275, 130], "position": [-2.892778158187866, 1.8822486400604248, 2.2210073471069336]}, {"prefab_path": "870230/hoodie03", "unique_id": 1, "index": 1, "bbox": [1031, 231, 121, 29], "position": [-5.130152225494385, 2.027683734893799, 2.2412538528442383]}, {"prefab_path": "MensCollection/Prefabs/Rearranged/long_coat_10 1", "unique_id": 2, "index": 2, "bbox": [1063, 193, 175, 65], "position": [-4.073207855224609, 1.4082798957824707, 4.4156880378723145]}, {"prefab_path": "MensCollection/Prefabs/Rearranged/long_coat_12", "unique_id": 3, "index": 3, "bbox": [1083, 186, 183, 57], "position": [-4.051217555999756, 0.4726707935333252, 1.4254016876220703]}, {"prefab_path": "MensCollection/Prefabs/Rearranged/long_coat_10 1", "unique_id": 2, "index": 4, "bbox": [1111, 192, 175, 33], "position": [-3.6342077255249023, 1.4082798957824707, 4.422687530517578]}, {"prefab_path": "MensCollection/Prefabs/Rearranged/long_coat_12", "unique_id": 3, "index": 5, "bbox": [1144, 181, 190, 82], "position": [-3.5212173461914062, 0.4726710319519043, 1.4154016971588135]}, {"prefab_path": "MensCollection/Prefabs/Rearranged/polo shirt 36", "unique_id": 4, "index": 6, "bbox": [1198, 175, 166, 59], "position": [-3.5916786193847656, 1.905760407447815, 2.244088649749756]}, {"prefab_path": "870230/hoodie09", "unique_id": 5, "index": 7, "bbox": [1167, 177, 169, 72], "position": [-3.800140857696533, 2.0665478706359863, 2.2432477474212646]}, {"prefab_path": "1208725/Jacket_gray", "unique_id": 6, "index": 8, "bbox": [1215, 161, 193, 50], "position": [-4.019626617431641, 0.05311131477355957, 2.8527581691741943]}, {"prefab_path": "MensCollection/Prefabs/Rearranged/long_coat_10", "unique_id": 0, "index": 9, "bbox": [602, 380, 37, 29], "position": [-3.876413345336914, 0.8372488021850586, -0.24939727783203125]}, {"prefab_path": "MensCollection/Prefabs/Rearranged/long_coat_10", "unique_id": 0, "index": 10, "bbox": [715, 376, 39, 18], "position": [-4.082259654998779, 0.8372488021850586, 0.0630977600812912]}, {"prefab_path": "MensCollection/Prefabs/Rearranged/long_coat_10 1", "unique_id": 2, "index": 11, "bbox": [774, 377, 37, 39], "position": [-3.231762409210205, 0.36327970027923584, 2.430154800415039]}, {"prefab_path": "MensCollection/Prefabs/Rearranged/jacket_4_09", "unique_id": 7, "index": 12, "bbox": [692, 398, 32, 7], "position": [-4.092991828918457, 0.7281986474990845, -0.015388412401080132]}, {"prefab_path": "1514019/Rearranged/Jeans_Grey", "unique_id": 8, "index": 13, "bbox": [1029, 387, 149, 30], "position": [-5.106708526611328, 0.27026891708374023, 2.1709887981414795]}, {"prefab_path": "1514019/Rearranged/Jeans_Grey", "unique_id": 8, "index": 14, "bbox": [1102, 393, 172, 40], "position": [-4.373626708984375, 0.27026891708374023, 2.217106580734253]}, {"prefab_path": "1208725/Jacket_gray", "unique_id": 6, "index": 15, "bbox": [744, 407, 266, 155], "position": [-3.8267436027526855, -0.991888701915741, 1.0189839601516724]}, {"prefab_path": "1514019/Rearranged/Jeans_Grey", "unique_id": 8, "index": 16, "bbox": [1195, 401, 209, 65], "position": [-3.613121747970581, 0.27026891708374023, 2.2062571048736572]}, {"prefab_path": "clothing_store/models/prefab/trousers_4", "unique_id": 9, "index": 17, "bbox": [1300, 405, 278, 130], "position": [-2.897865056991577, 0.23014092445373535, 2.189257860183716]}, {"prefab_path": "MensCollection/Prefabs/Rearranged/long_coat_10 1", "unique_id": 2, "index": 18, "bbox": [501, 381, 359, 152], "position": [-3.2771105766296387, 0.36327970027923584, 1.9500670433044434]}, {"prefab_path": "MensCollection/Prefabs/Rearranged/long_coat_10", "unique_id": 0, "index": 19, "bbox": [532, 383, 384, 177], "position": [-3.6967623233795166, 0.8372488021850586, -0.20933988690376282]}, {"prefab_path": "MensCollection/Prefabs/Rearranged/long_coat_10 1", "unique_id": 2, "index": 20, "bbox": [620, 383, 392, 95], "position": [-5.254687309265137, 0.36327970027923584, 1.4246461391448975]}, {"prefab_path": "MensCollection/Prefabs/Rearranged/long_coat_12", "unique_id": 3, "index": 21, "bbox": [706, 382, 376, 55], "position": [-2.7598166465759277, -0.5723289847373962, 0.4042286276817322]}, {"prefab_path": "MensCollection/Prefabs/Rearranged/vest04", "unique_id": 10, "index": 22, "bbox": [745, 415, 286, 87], "position": [-3.620422601699829, 0.7933619618415833, 0.14214761555194855]}, {"prefab_path": "clothing_store/models/prefab/sneakers", "unique_id": 11, "index": 23, "bbox": [1030, 549, 20, 24], "position": [-5.091246128082275, 0.037972718477249146, 2.1207213401794434]}], "relationships": {"down": {"0": [17, 11, 18], "1": [13, 23, 14], "3": [15], "5": [15], "6": [16, 18, 11], "7": [16, 18, 11], "10": [12, 15], "12": [15], "13": [23], "19": [15], "22": [21, 15]}, "left": {"0": [10, 12, 9], "2": [1, 13, 20], "3": [12, 10], "4": [1, 20, 13], "5": [12, 10, 22], "6": [10, 12, 9], "8": [14, 20, 23], "11": [3, 16, 18], "13": [20], "14": [20], "16": [3, 20, 12], "17": [18, 5, 12], "18": [5, 3, 12], "22": [9, 19], "23": [20]}, "right": {"1": [4, 2], "3": [11, 16, 18], "5": [18, 17, 11], "7": [4], "9": [22, 5, 17], "10": [5, 18, 17], "12": [5, 17, 18], "13": [8, 4, 2], "14": [8, 4], "16": [11], "18": [17, 11], "19": [22, 5, 17], "20": [14, 13, 8], "22": [5, 17, 18], "23": [8, 4, 2]}, "up": {"3": [7, 6], "5": [6, 7, 0], "8": [7, 6, 1], "11": [6, 0, 7], "12": [10], "13": [1], "14": [1, 7, 6], "15": [3, 5, 22], "16": [7, 6, 0], "17": [0, 6, 7], "18": [6, 7, 0], "20": [1], "21": [22, 0, 6], "23": [13, 1, 7]}}}]}