{"scenes": [{"objects": [{"prefab_path": "WomensCollection/Prefabs/Rearranged/dress_6_", "unique_id": 0, "index": 64, "bbox": [1631, 304, 64, 84], "position": [3.349193572998047, 1.7303247451782227, -5.1968159675598145]}, {"prefab_path": "MensCollection/Prefabs/Rearranged/shirt_hung_up24 1", "unique_id": 1, "index": 70, "bbox": [1695, 237, 196, 134], "position": [4.856438159942627, 2.329202175140381, -7.29610013961792]}, {"prefab_path": "MensCollection/Prefabs/Rearranged/jacket_3_02", "unique_id": 2, "index": 61, "bbox": [711, 274, 156, 101], "position": [7.978938579559326, -2.294332504272461, 3.207857608795166]}, {"prefab_path": "1498649_store/Prefabs/_itog030", "unique_id": 3, "index": 62, "bbox": [817, 290, 143, 85], "position": [6.281577110290527, 2.2776241302490234, -2.9190871715545654]}, {"prefab_path": "WomensCollection/Prefabs/Rearranged/blouse_01_16", "unique_id": 4, "index": 63, "bbox": [912, 303, 118, 88], "position": [6.281636714935303, 2.2791948318481445, -3.5239017009735107]}, {"prefab_path": "1514019/Rearranged/TShirt_Black", "unique_id": 5, "index": 71, "bbox": [118, 320, 202, 90], "position": [3.9249439239501953, 1.6581366062164307, -0.7013887166976929]}, {"prefab_path": "1514019/Rearranged/Jean_Jacket", "unique_id": 6, "index": 72, "bbox": [190, 328, 193, 175], "position": [4.541862487792969, 1.6269629001617432, -0.7172613739967346]}, {"prefab_path": "MensCollection/Prefabs/Rearranged/suit 1", "unique_id": 7, "index": 73, "bbox": [335, 322, 198, 104], "position": [5.266794204711914, 1.9562866687774658, -0.6450545787811279]}, {"prefab_path": "1498649_store/Prefabs/_itog022", "unique_id": 8, "index": 3, "bbox": [616, 446, 143, 89], "position": [6.281576633453369, 1.3086934089660645, -1.6769992113113403]}, {"prefab_path": "MensCollection/Prefabs/Rearranged/jacket_4_09", "unique_id": 9, "index": 4, "bbox": [710, 437, 159, 101], "position": [6.298229694366455, 1.281360149383545, -2.3138091564178467]}, {"prefab_path": "WomensCollection/Prefabs/Rearranged/leather_jacket_1_13", "unique_id": 10, "index": 67, "bbox": [1011, 445, 116, 80], "position": [6.39205265045166, 1.3859429359436035, -4.161492347717285]}, {"prefab_path": "WomensCollection/Prefabs/Rearranged/dress_4_16", "unique_id": 11, "index": 68, "bbox": [1351, 353, 378, 99], "position": [3.5569939613342285, 1.6074353456497192, -4.615874767303467]}, {"prefab_path": "WomensCollection/Prefabs/Rearranged/dress_6_04", "unique_id": 12, "index": 66, "bbox": [1396, 348, 354, 106], "position": [3.5461838245391846, 1.6233246326446533, -4.765816688537598]}, {"prefab_path": "WomensCollection/Prefabs/Rearranged/dress_3_", "unique_id": 13, "index": 74, "bbox": [1429, 369, 320, 85], "position": [3.781604290008545, 1.5532934665679932, -5.100273132324219]}, {"prefab_path": "WomensCollection/Prefabs/Rearranged/dress_3_", "unique_id": 13, "index": 65, "bbox": [1496, 319, 416, 161], "position": [3.202604293823242, 1.6472933292388916, -4.870358943939209]}, {"prefab_path": "WomensCollection/Prefabs/Rearranged/dress_4_04", "unique_id": 14, "index": 75, "bbox": [1686, 323, 432, 65], "position": [3.3858304023742676, 1.6322044134140015, -5.391881942749023]}, {"prefab_path": "clothing_store/models/prefab/trousers_2", "unique_id": 15, "index": 76, "bbox": [1719, 442, 205, 42], "position": [5.104000091552734, 0.8420000076293945, -7.349999904632568]}, {"prefab_path": "WomensCollection/Prefabs/Rearranged/dress_4_00", "unique_id": 16, "index": 69, "bbox": [1297, 373, 377, 95], "position": [3.57499361038208, 1.5484353303909302, -4.467875003814697]}, {"prefab_path": "WomensCollection/Prefabs/Rearranged/dress2_30", "unique_id": 17, "index": 58, "bbox": [1532, 312, 482, 177], "position": [3.0756044387817383, 1.606378197669983, -4.870816230773926]}, {"prefab_path": "1514019/Rearranged/Jeans_Blue_V3", "unique_id": 18, "index": 77, "bbox": [1838, 452, 229, 46], "position": [4.266709327697754, 0.8585162162780762, -7.354883193969727]}], "relationships": {"left": {"64": [65, 66, 68], "70": [73, 72, 62], "62": [73], "63": [62, 3, 73], "4": [3, 61], "67": [4, 3, 62], "68": [69, 71, 72], "66": [68, 69, 71], "74": [71, 69, 68], "65": [71, 72, 73], "75": [64, 66, 68], "76": [3, 4, 73], "69": [71, 72, 73], "58": [71, 72, 73], "77": [72, 74, 69]}, "right": {"64": [75, 77], "61": [76, 4, 67], "62": [63, 67, 70], "63": [70, 76, 77], "71": [66, 68, 69], "72": [74, 69, 68], "73": [70, 76, 62], "3": [4, 67, 76], "4": [67, 76, 70], "67": [76, 70, 77], "68": [66, 75, 64], "66": [75, 64, 77], "74": [77, 70], "65": [64, 75, 77], "75": [77], "69": [68, 66, 75], "58": [75, 77]}, "down": {"70": [76, 77], "62": [4], "63": [67]}, "up": {"76": [70], "4": [62], "67": [63], "77": [70]}}}]}