{"scenes": [{"objects": [{"prefab_path": "1498649_store/Prefabs/_itog028", "unique_id": 0, "index": 9, "bbox": [610, 237, 208, 39], "position": [-1.6200318336486816, 2.336531400680542, -2.7908644676208496]}, {"prefab_path": "MensCollection/Prefabs/Rearranged/long_coat_06", "unique_id": 1, "index": 1, "bbox": [628, 234, 215, 54], "position": [-0.0960777997970581, 1.2047967910766602, -3.6840240955352783]}, {"prefab_path": "MensCollection/Prefabs/Rearranged/long_coat_10 1", "unique_id": 2, "index": 2, "bbox": [676, 207, 244, 62], "position": [1.7248777151107788, 1.8536772727966309, -3.607541799545288]}, {"prefab_path": "1208725/Jacket_blue", "unique_id": 3, "index": 0, "bbox": [726, 201, 229, 99], "position": [0.2187138795852661, 0.5889616012573242, -2.3572545051574707]}, {"prefab_path": "1498649_store/Prefabs/_itog034", "unique_id": 4, "index": 10, "bbox": [30, 351, 93, 202], "position": [-0.8858019113540649, 1.5194456577301025, -4.742535591125488]}, {"prefab_path": "1208725/Jacket_gray", "unique_id": 5, "index": 33, "bbox": [101, 390, 21, 27], "position": [-1.0476264953613281, -0.16988825798034668, -4.134241580963135]}, {"prefab_path": "MensCollection/Prefabs/Rearranged/jacket_2_06", "unique_id": 6, "index": 8, "bbox": [554, 437, 158, 49], "position": [-6.45648193359375, -2.534677267074585, -1.160548210144043]}, {"prefab_path": "MensCollection/Prefabs/Rearranged/jacket_4_09", "unique_id": 7, "index": 6, "bbox": [636, 442, 199, 56], "position": [-0.9797554016113281, 1.3813602924346924, -2.882228374481201]}, {"prefab_path": "WomensCollection/Prefabs/Rearranged/dress_4_24", "unique_id": 8, "index": 46, "bbox": [1, 257, 658, 109], "position": [1.6200616359710693, 1.587395191192627, -4.616299629211426]}, {"prefab_path": "WomensCollection/Prefabs/Rearranged/blouse_01_21", "unique_id": 9, "index": 7, "bbox": [683, 466, 176, 56], "position": [-0.3940984010696411, 1.410264015197754, -2.8983631134033203]}, {"prefab_path": "WomensCollection/Prefabs/Rearranged/blouse_01_60", "unique_id": 10, "index": 5, "bbox": [766, 456, 195, 87], "position": [0.24349229037761688, 1.4666037559509277, -2.787947177886963]}, {"prefab_path": "WomensCollection/Prefabs/Rearranged/dress_6_", "unique_id": 11, "index": 45, "bbox": [190, 347, 568, 66], "position": [1.6351847648620605, 1.52032470703125, -4.467816352844238]}], "relationships": {"down": {"9": [6, 33], "5": [0], "10": [33]}, "right": {"1": [5, 0], "10": [1, 5, 7], "33": [0]}, "left": {"1": [10], "2": [10], "0": [33, 1, 10], "7": [10], "5": [1, 10]}, "up": {"0": [5], "33": [10, 9], "6": [9]}}}]}