{"scenes": [{"objects": [{"prefab_path": "WomensCollection/Prefabs/Rearranged/blouse_01_07", "unique_id": 0, "index": 3, "bbox": [139, 398, 208, 117], "position": [0.6443213820457458, 1.8414487838745117, -2.2199110984802246]}, {"prefab_path": "WomensCollection/Prefabs/Rearranged/blouse_01_62", "unique_id": 1, "index": 9, "bbox": [276, 383, 293, 124], "position": [-0.1506785899400711, 1.8414487838745117, -2.2229113578796387]}, {"prefab_path": "WomensCollection/Prefabs/Rearranged/blouse_01_07", "unique_id": 0, "index": 37, "bbox": [304, 379, 304, 131], "position": [-0.29867857694625854, 1.8414487838745117, -2.2169113159179688]}, {"prefab_path": "MensCollection/Prefabs/Rearranged/long_coat_12", "unique_id": 2, "index": 38, "bbox": [562, 292, 472, 121], "position": [-0.299402117729187, 0.4726707935333252, -1.8202168941497803]}, {"prefab_path": "1498649_store/Prefabs/_itog028", "unique_id": 3, "index": 22, "bbox": [1513, 84, 917, 371], "position": [-2.8984646797180176, 1.7424452304840088, -2.219802141189575]}, {"prefab_path": "1208725/Jacket_blue", "unique_id": 4, "index": 5, "bbox": [179, 423, 260, 87], "position": [-0.22018390893936157, 0.05314898490905762, -2.2483153343200684]}, {"prefab_path": "clothing_store/models/prefab/trousers", "unique_id": 5, "index": 16, "bbox": [112, 704, 290, 40], "position": [1.128000020980835, 0.2301410436630249, -2.175999879837036]}, {"prefab_path": "1514019/Rearranged/Jeans_Blue_V2", "unique_id": 6, "index": 39, "bbox": [364, 768, 235, 77], "position": [-0.3472910523414612, 1.0603033304214478, -2.2258834838867188]}, {"prefab_path": "1514019/Rearranged/Jeans_Blue_V4", "unique_id": 7, "index": 40, "bbox": [549, 828, 175, 135], "position": [-1.122583031654358, 0.24453043937683105, -2.1808831691741943]}], "relationships": {"right": {"3": [9, 37, 22], "9": [37, 22], "37": [22], "38": [40, 22], "5": [40], "16": [5, 40, 22], "39": [22]}, "down": {"3": [16, 5, 38], "9": [5, 39, 38], "37": [39, 5, 38], "39": [5, 38]}, "left": {"9": [3], "37": [9, 3], "22": [37, 9, 39], "5": [16], "40": [38, 5, 16]}, "up": {"38": [37, 39, 9], "5": [9, 37, 39], "16": [3], "39": [37, 9], "40": [37, 9]}}}]}