{"scenes": [{"objects": [{"prefab_path": "WomensCollection/Prefabs/Rearranged/leather_jacket_1_13", "unique_id": 0, "index": 64, "bbox": [1789, 268, 68, 40], "position": [-4.2926788330078125, 1.860787272453308, -2.2169113159179688]}, {"prefab_path": "MensCollection/Prefabs/Rearranged/long_coat_10", "unique_id": 1, "index": 58, "bbox": [878, 176, 581, 343], "position": [-2.9004533290863037, 1.8822486400604248, -2.2398266792297363]}, {"prefab_path": "WomensCollection/Prefabs/Rearranged/blouse_01_60", "unique_id": 2, "index": 65, "bbox": [1340, 271, 442, 195], "position": [-3.5386786460876465, 1.841448426246643, -2.2229113578796387]}, {"prefab_path": "1498649_store/Prefabs/_itog044", "unique_id": 3, "index": 6, "bbox": [1462, 229, 529, 221], "position": [-3.8116934299468994, 1.8418116569519043, -2.2227656841278076]}, {"prefab_path": "WomensCollection/Prefabs/Rearranged/blouse_01_21", "unique_id": 4, "index": 7, "bbox": [1330, 336, 390, 113], "position": [-3.384678363800049, 1.8414487838745117, -2.2209110260009766]}, {"prefab_path": "clothing_store/models/prefab/trousers_3", "unique_id": 5, "index": 62, "bbox": [926, 812, 191, 239], "position": [-2.897865056991577, 0.23014092445373535, -2.2330000400543213]}, {"prefab_path": "1514019/Rearranged/Jeans_Grey", "unique_id": 6, "index": 60, "bbox": [1318, 816, 187, 212], "position": [-3.613703966140747, 0.27026891708374023, -2.2258832454681396]}, {"prefab_path": "1514019/Rearranged/Sport_Pants", "unique_id": 7, "index": 66, "bbox": [1733, 803, 200, 151], "position": [-4.377451419830322, 0.2701929807662964, -2.2148489952087402]}], "relationships": {"left": {"64": [6, 65, 7], "65": [7, 58], "6": [65, 7, 58], "7": [58], "60": [62], "66": [60, 62]}, "down": {"64": [66, 60], "58": [62, 60], "65": [60, 62, 66], "6": [60, 66, 62], "7": [60, 62, 66]}, "right": {"58": [7, 65, 6], "65": [6, 64], "6": [64], "7": [65, 6, 64], "62": [60, 66], "60": [66]}, "up": {"62": [58, 7, 65], "60": [65, 6, 7], "66": [64, 6, 65]}}}]}