{"scenes": [{"objects": [{"prefab_path": "1208725/Jacket_blue", "unique_id": 0, "index": 84, "bbox": [950, 253, 124, 39], "position": [2.931684732437134, 0.6057009696960449, 2.839183807373047]}, {"prefab_path": "WomensCollection/Prefabs/Rearranged/tank_top_1_01", "unique_id": 1, "index": 86, "bbox": [1026, 280, 91, 22], "position": [4.314071178436279, 2.3851280212402344, 2.308269739151001]}, {"prefab_path": "MensCollection/Prefabs/Rearranged/shirt_hung_up24 1", "unique_id": 2, "index": 85, "bbox": [987, 261, 119, 34], "position": [3.6314737796783447, 2.4027538299560547, 2.3084213733673096]}, {"prefab_path": "1498649_store/Prefabs/_itog049", "unique_id": 3, "index": 2, "bbox": [1671, 250, 131, 34], "position": [5.038854122161865, 2.367363214492798, -2.2208611965179443]}, {"prefab_path": "MensCollection/Prefabs/Rearranged/long_coat_12", "unique_id": 4, "index": 0, "bbox": [1693, 221, 174, 48], "position": [5.2076873779296875, 0.9982225894927979, -1.8203847408294678]}, {"prefab_path": "1498649_store/Prefabs/_itog044", "unique_id": 5, "index": 1, "bbox": [1728, 220, 162, 50], "position": [3.748854160308838, 2.367363214492798, -2.2208611965179443]}, {"prefab_path": "WomensCollection/Prefabs/Rearranged/blouse_2_08 1", "unique_id": 6, "index": 18, "bbox": [828, 323, 146, 23], "position": [1.0958402156829834, 1.8430700302124023, 2.2492973804473877]}, {"prefab_path": "1208725/Jacket_gray", "unique_id": 7, "index": 11, "bbox": [349, 270, 287, 183], "position": [-0.495241641998291, 0.05311131477355957, 2.7776262760162354]}, {"prefab_path": "1498649_store/Prefabs/_itog018", "unique_id": 8, "index": 12, "bbox": [571, 314, 215, 44], "position": [-0.596693754196167, 1.8418114185333252, 2.242234468460083]}, {"prefab_path": "1498649_store/Prefabs/_itog040", "unique_id": 9, "index": 14, "bbox": [594, 291, 227, 75], "position": [-0.3296937048435211, 1.8418114185333252, 2.247234582901001]}, {"prefab_path": "WomensCollection/Prefabs/Rearranged/blouse_01_17", "unique_id": 10, "index": 13, "bbox": [572, 307, 193, 70], "position": [-0.45467859506607056, 1.8414487838745117, 2.238088846206665]}, {"prefab_path": "MensCollection/Prefabs/Rearranged/jacket_1", "unique_id": 11, "index": 15, "bbox": [601, 278, 250, 96], "position": [-1.4298739433288574, -1.044653296470642, 2.1318349838256836]}, {"prefab_path": "WomensCollection/Prefabs/Rearranged/blouse_01_62", "unique_id": 12, "index": 19, "bbox": [723, 348, 136, 26], "position": [0.1513213962316513, 1.8414487838745117, 2.243088722229004]}, {"prefab_path": "1498649_store/Prefabs/_itog017", "unique_id": 13, "index": 16, "bbox": [722, 303, 197, 47], "position": [0.2793063223361969, 1.8418116569519043, 2.244234323501587]}, {"prefab_path": "1498649_store/Prefabs/_itog017", "unique_id": 13, "index": 20, "bbox": [760, 308, 185, 49], "position": [0.578306257724762, 1.8418116569519043, 2.243234395980835]}, {"prefab_path": "MensCollection/Prefabs/Rearranged/jacket_4_09", "unique_id": 14, "index": 17, "bbox": [722, 292, 216, 73], "position": [0.408111572265625, 1.8144785165786743, 2.2603919506073]}, {"prefab_path": "WomensCollection/Prefabs/Rearranged/blouse_01_55", "unique_id": 15, "index": 89, "bbox": [944, 384, 102, 36], "position": [2.9010000228881836, 1.5369999408721924, 2.312999963760376]}, {"prefab_path": "MensCollection/Prefabs/Rearranged/jacket_2_06", "unique_id": 16, "index": 87, "bbox": [988, 376, 113, 28], "position": [-0.6223361492156982, -2.406008243560791, 4.05088996887207]}, {"prefab_path": "1208725/Tshirt_white", "unique_id": 17, "index": 88, "bbox": [1026, 379, 94, 19], "position": [3.914228916168213, 0.6782846450805664, 3.1272568702697754]}, {"prefab_path": "WomensCollection/Prefabs/Rearranged/dress_4_08", "unique_id": 18, "index": 96, "bbox": [1260, 461, 25, 9], "position": [2.853199005126953, 0.8728259801864624, 0.19671417772769928]}, {"prefab_path": "WomensCollection/Prefabs/Rearranged/dress2_", "unique_id": 19, "index": 3, "bbox": [1655, 381, 170, 42], "position": [4.980000019073486, 1.3409990072250366, -2.246000051498413]}, {"prefab_path": "WomensCollection/Prefabs/Rearranged/dress_6_08", "unique_id": 20, "index": 4, "bbox": [1680, 393, 162, 42], "position": [4.346580982208252, 1.3339463472366333, -2.246000289916992]}, {"prefab_path": "WomensCollection/Prefabs/Rearranged/dress_4_24", "unique_id": 21, "index": 5, "bbox": [1708, 389, 192, 51], "position": [3.738457202911377, 1.3420169353485107, -2.246483325958252]}, {"prefab_path": "WomensCollection/Prefabs/Rearranged/sweater_folded04", "unique_id": 22, "index": 104, "bbox": [993, 532, 18, 51], "position": [3.144883632659912, 0.8045907020568848, 1.9727058410644531]}, {"prefab_path": "WomensCollection/Prefabs/Rearranged/sweater_folded12", "unique_id": 23, "index": 105, "bbox": [975, 538, 19, 56], "position": [2.846571683883667, 0.8045907020568848, 1.9611036777496338]}, {"prefab_path": "MensCollection/Prefabs/Rearranged/sweater_folded47", "unique_id": 24, "index": 106, "bbox": [1027, 523, 11, 42], "position": [3.7408299446105957, 0.8041285276412964, 1.976757287979126]}, {"prefab_path": "WomensCollection/Prefabs/Rearranged/sweater_folded12", "unique_id": 23, "index": 107, "bbox": [1008, 526, 17, 49], "position": [3.4450652599334717, 0.8045907020568848, 1.9809248447418213]}, {"prefab_path": "WomensCollection/Prefabs/Rearranged/sweater_folded_1", "unique_id": 25, "index": 91, "bbox": [1050, 512, 13, 47], "position": [4.336914539337158, 0.8036502003669739, 1.9639487266540527]}, {"prefab_path": "MensCollection/Prefabs/Rearranged/sweater_folded74", "unique_id": 26, "index": 90, "bbox": [1039, 518, 11, 44], "position": [4.037914752960205, 0.8036502003669739, 1.9679487943649292]}, {"prefab_path": "WomensCollection/Prefabs/Rearranged/shirt_4_05", "unique_id": 27, "index": 108, "bbox": [1059, 540, 13, 49], "position": [3.1433346271514893, 0.7826354503631592, 1.478425145149231]}, {"prefab_path": "WomensCollection/Prefabs/Rearranged/sweater_folded12", "unique_id": 23, "index": 109, "bbox": [1070, 530, 18, 51], "position": [3.4395663738250732, 0.8045907020568848, 1.4698898792266846]}, {"prefab_path": "MensCollection/Prefabs/Rearranged/sweater_folded20", "unique_id": 28, "index": 110, "bbox": [1105, 517, 11, 43], "position": [4.336914539337158, 0.8066529035568237, 1.4899486303329468]}, {"prefab_path": "MensCollection/Prefabs/Rearranged/shirt_14", "unique_id": 29, "index": 111, "bbox": [1096, 522, 11, 42], "position": [4.0377516746521, 0.7826411724090576, 1.4949250221252441]}, {"prefab_path": "MensCollection/Prefabs/Rearranged/shirt_folded_1_03", "unique_id": 30, "index": 112, "bbox": [1082, 523, 19, 46], "position": [3.749751329421997, 0.757389485836029, 1.497925043106079]}, {"prefab_path": "WomensCollection/Prefabs/Rearranged/dress2_29", "unique_id": 31, "index": 95, "bbox": [1222, 469, 155, 26], "position": [2.8580000400543213, 0.797295868396759, 0.35800448060035706]}, {"prefab_path": "WomensCollection/Prefabs/Rearranged/dress_4_", "unique_id": 32, "index": 101, "bbox": [1203, 474, 141, 17], "position": [2.8791990280151367, 0.7698259353637695, 0.4947141408920288]}, {"prefab_path": "WomensCollection/Prefabs/Rearranged/dress_6_05", "unique_id": 33, "index": 97, "bbox": [1250, 472, 70, 48], "position": [2.504000186920166, 0.8899459838867188, 0.10057971626520157]}, {"prefab_path": "WomensCollection/Prefabs/Rearranged/dress_4_04", "unique_id": 34, "index": 99, "bbox": [1314, 448, 199, 33], "position": [2.646225929260254, 0.9798259735107422, -0.2110658884048462]}, {"prefab_path": "clothing_store/models/prefab/trousers_2", "unique_id": 35, "index": 51, "bbox": [831, 509, 170, 37], "position": [1.128000020980835, 0.2301410436630249, 2.24706768989563]}, {"prefab_path": "MensCollection/Prefabs/Rearranged/sweater_folded11", "unique_id": 36, "index": 113, "bbox": [1042, 546, 15, 54], "position": [2.8453385829925537, 0.8066529035568237, 1.4658385515213013]}, {"prefab_path": "WomensCollection/Prefabs/Rearranged/hanging_dress_1_12", "unique_id": 37, "index": 102, "bbox": [1239, 483, 139, 63], "position": [2.461535930633545, 1.0029672384262085, 0.10171833634376526]}, {"prefab_path": "WomensCollection/Prefabs/Rearranged/hanging_dress_1_26", "unique_id": 38, "index": 103, "bbox": [1234, 493, 123, 64], "position": [2.3025357723236084, 0.9589673280715942, 0.10171851515769958]}, {"prefab_path": "WomensCollection/Prefabs/Rearranged/dress_4_08", "unique_id": 18, "index": 98, "bbox": [1296, 472, 178, 49], "position": [3.071714162826538, 0.79982590675354, -0.12919890880584717]}, {"prefab_path": "WomensCollection/Prefabs/Rearranged/dress_6_08", "unique_id": 20, "index": 100, "bbox": [1352, 477, 183, 35], "position": [2.6915886402130127, 0.8739464282989502, -0.4299997389316559]}, {"prefab_path": "clothing_store/models/prefab/trousers_3", "unique_id": 39, "index": 44, "bbox": [730, 530, 219, 67], "position": [0.3689999580383301, 0.23014092445373535, 2.189257860183716]}, {"prefab_path": "1208725/Jacket_gray", "unique_id": 7, "index": 47, "bbox": [1238, 586, 37, 16], "position": [1.0229839086532593, -0.991888701915741, 0.004743680357933044]}, {"prefab_path": "clothing_store/models/prefab/trousers", "unique_id": 40, "index": 41, "bbox": [586, 555, 265, 110], "position": [-0.34700000286102295, 0.23014092445373535, 2.201373815536499]}, {"prefab_path": "MensCollection/Prefabs/Rearranged/jacket_4_09", "unique_id": 14, "index": 43, "bbox": [1057, 568, 304, 125], "position": [0.07680034637451172, 0.7694786190986633, 0.274419367313385]}, {"prefab_path": "1498649_store/Prefabs/_itog026", "unique_id": 41, "index": 42, "bbox": [1051, 558, 333, 149], "position": [0.00769801065325737, 0.6561655402183533, 0.25206458568573]}, {"prefab_path": "clothing_store/models/prefab/trousers_4", "unique_id": 42, "index": 36, "bbox": [375, 593, 325, 160], "position": [-1.1222920417785645, 0.2301410436630249, 2.24706768989563]}, {"prefab_path": "1514019/Rearranged/Sneakers_3", "unique_id": 43, "index": 52, "bbox": [738, 749, 42, 56], "position": [0.42489832639694214, 0.9197296500205994, 2.153040647506714]}, {"prefab_path": "WomensCollection/Prefabs/Rearranged/blouse_2_08 1", "unique_id": 6, "index": 38, "bbox": [1105, 628, 265, 76], "position": [-0.23336511850357056, 0.7980700731277466, 0.0771586000919342]}, {"prefab_path": "1498649_store/Prefabs/_itog011", "unique_id": 44, "index": 33, "bbox": [1166, 568, 387, 49], "position": [-0.24058842658996582, 0.6974455118179321, -0.02875397354364395]}, {"prefab_path": "1208725/Jacket_gray", "unique_id": 7, "index": 37, "bbox": [1200, 618, 344, 95], "position": [0.04252097010612488, -0.9918884634971619, 0.6339478492736816]}, {"prefab_path": "MensCollection/Prefabs/Rearranged/jacket_1", "unique_id": 11, "index": 45, "bbox": [1199, 589, 334, 181], "position": [-1.2264280319213867, -2.089653491973877, -0.3517504036426544]}, {"prefab_path": "1498649_store/Prefabs/_itog022", "unique_id": 45, "index": 80, "bbox": [1229, 613, 321, 113], "position": [-0.1103963553905487, 0.7968116998672485, -0.21613958477973938]}, {"prefab_path": "clothing_store/models/prefab/sneakers_3", "unique_id": 46, "index": 50, "bbox": [603, 833, 29, 59], "position": [-0.33875060081481934, 0.03797277808189392, 2.1859521865844727]}, {"prefab_path": "MensCollection/Prefabs/Rearranged/jacket_2_03", "unique_id": 47, "index": 27, "bbox": [804, 863, 113, 27], "position": [-4.442269325256348, -2.3494725227355957, 0.3690289258956909]}, {"prefab_path": "1498649_store/Prefabs/_itog034", "unique_id": 48, "index": 26, "bbox": [813, 808, 195, 175], "position": [-1.8858792781829834, 0.6974455118179321, 0.006643939763307571]}, {"prefab_path": "WomensCollection/Prefabs/Rearranged/leather_jacket_1_20", "unique_id": 49, "index": 28, "bbox": [680, 950, 53, 38], "position": [-2.006368637084961, 0.8157874345779419, 0.2176688313484192]}, {"prefab_path": "MensCollection/Prefabs/Rearranged/long_coat_10 1", "unique_id": 50, "index": 31, "bbox": [999, 937, 66, 43], "position": [-2.6177451610565186, 0.36327970027923584, 1.9625885486602783]}], "relationships": {"up": {"84": [89, 85, 86], "0": [2], "11": [14, 13, 12], "15": [36, 12, 13], "89": [85], "87": [11, 14, 19], "88": [86, 85], "3": [2], "4": [2], "5": [1], "104": [85, 89, 86], "105": [89, 85, 86], "106": [85, 86], "107": [85, 86], "91": [86, 85], "90": [86, 85], "108": [85, 86], "109": [85, 86], "110": [86, 85], "111": [86, 85], "112": [85, 86], "97": [102], "51": [18, 20, 17], "113": [85], "44": [20, 52, 17], "47": [103, 43, 102], "41": [14, 19, 13], "42": [43], "36": [12, 13, 14], "52": [20, 17, 16], "37": [43, 42, 38], "45": [33, 38, 80], "50": [41, 14, 19], "27": [31, 28, 26]}, "right": {"84": [112, 107, 109], "86": [2, 0, 3], "85": [2, 3, 0], "18": [5, 1, 102], "11": [50, 41, 44], "12": [43, 42, 38], "14": [43, 42, 38], "13": [43, 42, 38], "15": [37, 47, 45], "19": [5, 1, 103], "16": [5, 1, 103], "20": [5, 1, 103], "17": [5, 1, 103], "89": [3, 0, 109], "87": [47, 37, 45], "88": [91, 110, 90], "96": [98, 4, 5], "104": [109, 0, 108], "105": [108, 113, 109], "106": [111, 112, 110], "107": [112, 109, 111], "91": [110, 0, 3], "90": [110, 111, 0], "108": [0, 3, 98], "109": [0, 3, 4], "110": [0, 3, 4], "111": [0, 3, 4], "112": [0, 3, 4], "95": [98, 4, 5], "101": [98, 4, 5], "97": [100, 99, 5], "99": [100, 5, 4], "51": [100, 97, 103], "113": [101, 95, 98], "102": [99, 100, 5], "103": [100, 99, 5], "98": [4, 5, 3], "100": [5, 4, 3], "44": [103, 100, 97], "41": [42, 43, 33], "43": [5, 1, 4], "42": [5, 1, 4], "36": [42, 33, 43], "52": [103, 100, 102], "38": [80, 5, 1], "33": [80, 5, 4], "37": [47, 5, 4], "80": [5], "50": [42, 43, 47], "28": [26], "31": [26, 28, 33]}, "down": {"86": [90, 91, 106], "85": [107, 104, 106], "2": [3, 4, 0], "1": [5], "18": [51, 44, 52], "11": [87], "12": [36, 41, 15], "14": [41, 50, 36], "13": [41, 50, 36], "19": [50, 41, 52], "16": [52, 44, 50], "20": [52, 44, 50], "17": [52, 44, 50], "89": [105, 104, 84], "97": [47], "99": [47], "102": [97, 47], "103": [47], "41": [50, 15], "43": [42, 37, 45], "42": [37, 45], "36": [15], "52": [44, 50, 37], "38": [45, 37], "33": [45, 37], "80": [45, 37], "26": [45, 27], "28": [45, 27], "31": [27]}, "left": {"2": [89, 85, 18], "0": [109, 104, 107], "1": [18, 20, 17], "96": [113, 105, 51], "3": [89, 105, 113], "4": [96, 95, 98], "5": [102, 99, 103], "104": [84], "105": [84], "106": [84], "107": [84], "91": [88, 84], "90": [88, 84], "108": [105, 104, 84], "109": [104, 107, 84], "110": [90, 91, 106], "111": [106, 90, 107], "112": [107, 84, 106], "95": [113, 105, 51], "101": [113, 105, 51], "97": [51, 52, 18], "99": [102, 97, 103], "113": [105, 84], "102": [51, 52, 18], "103": [52, 51, 18], "98": [95, 96, 101], "100": [97, 99, 103], "44": [11], "47": [37, 50, 11], "41": [11], "43": [36, 41, 50], "42": [36, 41, 50], "38": [36, 41, 50], "33": [36, 41, 50], "37": [15, 50, 11], "45": [15, 87], "80": [38, 33, 36], "50": [11], "26": [28, 31], "28": [31]}}}]}