{"scenes": [{"objects": [{"prefab_path": "1498649_store/Prefabs/_itog029", "unique_id": 0, "index": 6, "bbox": [1, 1, 364, 189], "position": [-0.9989127516746521, 2.377624034881592, -2.898423194885254]}, {"prefab_path": "1498649_store/Prefabs/_itog040", "unique_id": 1, "index": 9, "bbox": [255, 34, 327, 66], "position": [0.24317502975463867, 2.377624034881592, -2.898423194885254]}, {"prefab_path": "MensCollection/Prefabs/Rearranged/long_coat_10", "unique_id": 2, "index": 8, "bbox": [143, 1, 401, 150], "position": [-0.3902970552444458, 2.4204483032226562, -2.8813223838806152]}, {"prefab_path": "MensCollection/Prefabs/Rearranged/polo shirt 44", "unique_id": 3, "index": 0, "bbox": [1398, 207, 173, 142], "position": [-0.5980890989303589, 2.2927606105804443, -7.2926788330078125]}, {"prefab_path": "1498649_store/Prefabs/_itog031", "unique_id": 4, "index": 19, "bbox": [322, 267, 98, 75], "position": [6.3919997215271, 2.33589768409729, -2.2975077629089355]}, {"prefab_path": "WomensCollection/Prefabs/Rearranged/blouse_01_07", "unique_id": 5, "index": 20, "bbox": [403, 285, 78, 69], "position": [6.281561851501465, 2.277261257171631, -2.9199414253234863]}, {"prefab_path": "MensCollection/Prefabs/Rearranged/jacket_3_06", "unique_id": 6, "index": 21, "bbox": [474, 274, 101, 72], "position": [8.430105209350586, -0.4380669593811035, -6.156577110290527]}, {"prefab_path": "WomensCollection/Prefabs/Rearranged/dress2_30", "unique_id": 7, "index": 22, "bbox": [733, 335, 20, 28], "position": [3.781604290008545, 1.5573782920837402, -5.099815845489502]}, {"prefab_path": "WomensCollection/Prefabs/Rearranged/dress2_16", "unique_id": 8, "index": 23, "bbox": [886, 316, 66, 24], "position": [1.4486041069030762, 1.6006742715835571, -5.40364408493042]}, {"prefab_path": "clothing_store/models/prefab/T_shirt_9", "unique_id": 9, "index": 24, "bbox": [903, 278, 88, 32], "position": [4.85699987411499, 1.9040002822875977, -7.301000118255615]}, {"prefab_path": "1498649_store/Prefabs/_itog039", "unique_id": 10, "index": 25, "bbox": [998, 259, 95, 35], "position": [3.053765296936035, 2.3418116569519043, -7.292694091796875]}, {"prefab_path": "MensCollection/Prefabs/Rearranged/long_coat_10 1", "unique_id": 11, "index": 1, "bbox": [1239, 211, 187, 94], "position": [-1.8056879043579102, 1.7952799797058105, -6.7082085609436035]}, {"prefab_path": "WomensCollection/Prefabs/Rearranged/dress_4_11", "unique_id": 12, "index": 26, "bbox": [697, 325, 149, 59], "position": [3.203087568283081, 1.652395248413086, -4.870358943939209]}, {"prefab_path": "WomensCollection/Prefabs/Rearranged/dress_4_", "unique_id": 13, "index": 27, "bbox": [761, 312, 154, 10], "position": [3.344830274581909, 1.7342042922973633, -5.184882164001465]}, {"prefab_path": "WomensCollection/Prefabs/Rearranged/dress_4_00", "unique_id": 14, "index": 28, "bbox": [857, 298, 197, 22], "position": [1.4106675386428833, 1.7584353685379028, -5.196783065795898]}, {"prefab_path": "WomensCollection/Prefabs/Rearranged/blouse_01_16", "unique_id": 15, "index": 29, "bbox": [1166, 344, 43, 30], "position": [-0.8886784315109253, 1.6184489727020264, -5.275911331176758]}, {"prefab_path": "1498649_store/Prefabs/_itog054", "unique_id": 16, "index": 30, "bbox": [1195, 315, 80, 105], "position": [-1.0836937427520752, 1.6188119649887085, -5.2767653465271]}, {"prefab_path": "WomensCollection/Prefabs/Rearranged/blouse_01_55", "unique_id": 17, "index": 14, "bbox": [250, 397, 58, 21], "position": [0.24349229037761688, 1.4666039943695068, -2.787947177886963]}, {"prefab_path": "1498649_store/Prefabs/_itog030", "unique_id": 18, "index": 31, "bbox": [240, 393, 84, 83], "position": [6.281576633453369, 1.308693289756775, -1.6769992113113403]}, {"prefab_path": "1498649_store/Prefabs/_itog015", "unique_id": 19, "index": 32, "bbox": [328, 380, 99, 76], "position": [6.2811431884765625, 1.3086934089660645, -2.2970423698425293]}, {"prefab_path": "MensCollection/Prefabs/Rearranged/long_coat_10 1", "unique_id": 11, "index": 33, "bbox": [407, 370, 112, 75], "position": [5.697091579437256, 0.8751614093780518, -5.097540855407715]}, {"prefab_path": "WomensCollection/Prefabs/Rearranged/dress2_30", "unique_id": 7, "index": 34, "bbox": [676, 329, 157, 20], "position": [3.5566043853759766, 1.5863782167434692, -4.615816116333008]}, {"prefab_path": "WomensCollection/Prefabs/Rearranged/dress_4_11", "unique_id": 12, "index": 35, "bbox": [655, 343, 146, 21], "position": [3.575061798095703, 1.528395175933838, -4.468299865722656]}, {"prefab_path": "WomensCollection/Prefabs/Rearranged/hanging_dress_1_12", "unique_id": 20, "index": 18, "bbox": [717, 342, 189, 29], "position": [1.6363226175308228, 1.6783455610275269, -4.552351951599121]}, {"prefab_path": "WomensCollection/Prefabs/Rearranged/hanging_dress_1_12", "unique_id": 20, "index": 36, "bbox": [709, 335, 140, 47], "position": [3.1601402759552, 1.7573455572128296, -4.872097969055176]}, {"prefab_path": "WomensCollection/Prefabs/Rearranged/dress_6_08", "unique_id": 21, "index": 37, "bbox": [695, 333, 135, 12], "position": [3.5461854934692383, 1.6233246326446533, -4.765816688537598]}, {"prefab_path": "WomensCollection/Prefabs/Rearranged/dress_6_", "unique_id": 22, "index": 16, "bbox": [768, 323, 188, 23], "position": [1.609184741973877, 1.6233246326446533, -4.765816688537598]}, {"prefab_path": "WomensCollection/Prefabs/Rearranged/hanging_dress_1_26", "unique_id": 23, "index": 17, "bbox": [744, 331, 187, 30], "position": [1.618322730064392, 1.737345576286316, -4.700351715087891]}, {"prefab_path": "WomensCollection/Prefabs/Rearranged/dress2_16", "unique_id": 8, "index": 15, "bbox": [779, 309, 213, 74], "position": [1.2655997276306152, 1.6166741847991943, -4.870816230773926]}, {"prefab_path": "WomensCollection/Prefabs/Rearranged/dress2_30", "unique_id": 7, "index": 38, "bbox": [787, 310, 233, 83], "position": [1.1386042833328247, 1.606378197669983, -4.870816230773926]}, {"prefab_path": "WomensCollection/Prefabs/Rearranged/blouse_01_55", "unique_id": 17, "index": 11, "bbox": [853, 383, 171, 53], "position": [-0.11567853391170502, 1.6184489727020264, -4.7419114112854]}, {"prefab_path": "1498649_store/Prefabs/_itog056", "unique_id": 24, "index": 39, "bbox": [938, 320, 299, 88], "position": [-0.7196937799453735, 1.6188119649887085, -4.742765426635742]}, {"prefab_path": "870230/hoodie04", "unique_id": 25, "index": 12, "bbox": [894, 332, 264, 128], "position": [-0.5080221891403198, 1.8420377969741821, -4.74136209487915]}, {"prefab_path": "MensCollection/Prefabs/Rearranged/jacket_1", "unique_id": 26, "index": 40, "bbox": [953, 292, 370, 184], "position": [-2.1228737831115723, -1.267652988433838, -4.854165077209473]}, {"prefab_path": "1498649_store/Prefabs/_itog044", "unique_id": 27, "index": 41, "bbox": [1008, 313, 347, 159], "position": [-1.0836938619613647, 1.6188119649887085, -4.742765426635742]}, {"prefab_path": "1498649_store/Prefabs/_itog056", "unique_id": 24, "index": 42, "bbox": [1288, 323, 353, 153], "position": [-1.492693543434143, 1.6188119649887085, -5.2767653465271]}, {"prefab_path": "1498649_store/Prefabs/_itog054", "unique_id": 16, "index": 4, "bbox": [1436, 401, 165, 46], "position": [-0.5996938943862915, 1.3028117418289185, -7.289765357971191]}, {"prefab_path": "WomensCollection/Prefabs/Rearranged/blouse_2_08 1", "unique_id": 28, "index": 43, "bbox": [1135, 323, 381, 162], "position": [-1.4847028255462646, 1.620070219039917, -4.740840435028076]}, {"prefab_path": "1498649_store/Prefabs/_itog038", "unique_id": 29, "index": 5, "bbox": [1503, 405, 211, 82], "position": [-1.008693814277649, 1.3028117418289185, -7.289765357971191]}, {"prefab_path": "WomensCollection/Prefabs/Rearranged/blouse_01_55", "unique_id": 17, "index": 13, "bbox": [52, 463, 452, 197], "position": [-0.998058557510376, 1.4083304405212402, -2.8984382152557373]}], "relationships": {"right": {"6": [43, 42, 41], "9": [1, 12, 30], "8": [43, 42, 41], "19": [20, 25, 24], "20": [25, 24, 22], "22": [25, 4, 0], "23": [4, 0, 5], "26": [25, 4, 0], "27": [25, 4, 0], "28": [4, 0, 5], "29": [1, 5], "30": [1, 5], "14": [30, 39, 41], "31": [32, 22, 37], "32": [22, 33, 25], "33": [24, 25], "34": [37, 27, 26], "35": [34, 37, 26], "18": [17, 16, 28], "36": [25, 4, 0], "37": [27, 25, 4], "16": [28, 23, 4], "17": [28, 23, 4], "15": [4, 0, 5], "38": [4, 5, 0], "11": [29, 5, 1], "39": [30, 29, 1], "12": [1, 29, 30], "41": [42, 30, 1], "42": [1], "43": [42, 1], "13": [43, 42, 41]}, "down": {"6": [13, 40], "9": [14], "8": [13, 40], "0": [4, 5, 40], "19": [32, 31], "20": [32], "12": [40], "41": [40], "42": [40], "43": [40], "1": [40], "29": [40], "30": [40], "36": [26], "17": [16], "11": [40], "39": [40]}, "left": {"0": [38, 15, 18], "20": [19], "22": [31, 32, 19], "23": [16, 17, 18], "24": [20, 33, 19], "25": [19, 20, 22], "1": [39, 30, 12], "26": [35, 34, 31], "27": [37, 34, 35], "28": [17, 16, 18], "29": [39, 12, 14], "30": [39, 14, 41], "32": [31], "33": [32, 31, 20], "34": [35, 31, 32], "35": [31, 32, 19], "18": [31, 32, 19], "36": [34, 35, 31], "37": [34, 35, 31], "16": [18, 31, 32], "17": [18, 31, 32], "15": [18, 31, 32], "38": [18, 31, 32], "11": [14, 9, 31], "39": [14, 9, 8], "12": [14, 9, 8], "41": [14, 9, 13], "42": [41, 43, 14], "4": [38, 15, 18], "43": [13, 14, 8], "5": [11, 38, 15]}, "up": {"40": [42, 43, 30], "4": [0], "5": [0], "13": [6, 8], "26": [36], "14": [9], "31": [19], "32": [19, 20], "16": [17]}}}]}