{"scenes": [{"objects": [{"prefab_path": "1498649_store/Prefabs/_itog044", "unique_id": 0, "index": 6, "bbox": [865, 324, 139, 47], "position": [-3.8116934299468994, 1.8418116569519043, -2.2227656841278076]}, {"prefab_path": "1498649_store/Prefabs/_itog015", "unique_id": 1, "index": 8, "bbox": [918, 330, 124, 37], "position": [-4.559693813323975, 1.8418116569519043, -2.2227656841278076]}, {"prefab_path": "WomensCollection/Prefabs/Rearranged/leather_jacket_1_17", "unique_id": 2, "index": 93, "bbox": [187, 259, 321, 110], "position": [-0.1506785899400711, 1.860787272453308, -2.2229113578796387]}, {"prefab_path": "WomensCollection/Prefabs/Rearranged/blouse_2_07", "unique_id": 3, "index": 71, "bbox": [273, 268, 292, 118], "position": [-0.5215688943862915, 1.869157075881958, -2.914325714111328]}, {"prefab_path": "WomensCollection/Prefabs/Rearranged/blouse_2_07", "unique_id": 3, "index": 72, "bbox": [346, 273, 278, 83], "position": [-0.6465688943862915, 1.8691571950912476, -2.924325466156006]}, {"prefab_path": "MensCollection/Prefabs/Rearranged/jacket_4_05", "unique_id": 4, "index": 117, "bbox": [482, 260, 281, 103], "position": [1.8831543922424316, 2.1888985633850098, -2.7678310871124268]}, {"prefab_path": "MensCollection/Prefabs/Rearranged/long_coat_10", "unique_id": 5, "index": 58, "bbox": [798, 319, 178, 29], "position": [-2.9004533290863037, 1.8822486400604248, -2.2398266792297363]}, {"prefab_path": "WomensCollection/Prefabs/Rearranged/blouse_01_60", "unique_id": 6, "index": 65, "bbox": [865, 355, 101, 29], "position": [-3.5386786460876465, 1.841448426246643, -2.2229113578796387]}, {"prefab_path": "WomensCollection/Prefabs/Rearranged/blouse_01_21", "unique_id": 7, "index": 7, "bbox": [865, 357, 102, 18], "position": [-3.384678363800049, 1.8414487838745117, -2.2209110260009766]}, {"prefab_path": "1498649_store/Prefabs/_itog038", "unique_id": 8, "index": 10, "bbox": [1649, 337, 148, 46], "position": [-4.327693939208984, 1.8418116569519043, 2.243234395980835]}, {"prefab_path": "MensCollection/Prefabs/Rearranged/jacket_4_05", "unique_id": 4, "index": 70, "bbox": [1, 255, 430, 145], "position": [-0.29883188009262085, 2.1476187705993652, -5.227154731750488]}, {"prefab_path": "WomensCollection/Prefabs/Rearranged/blouse_01_60", "unique_id": 6, "index": 92, "bbox": [92, 334, 281, 64], "position": [0.12567850947380066, 1.8001686334609985, -2.2240889072418213]}, {"prefab_path": "1514019/Rearranged/Jeans_Blue_V4", "unique_id": 9, "index": 24, "bbox": [1666, 534, 3, 2], "position": [-4.373626708984375, 0.24453043937683105, 2.217106580734253]}, {"prefab_path": "clothing_store/models/prefab/trousers_3", "unique_id": 10, "index": 62, "bbox": [802, 512, 172, 31], "position": [-2.897865056991577, 0.23014092445373535, -2.2330000400543213]}, {"prefab_path": "1514019/Rearranged/Jeans_Grey", "unique_id": 11, "index": 60, "bbox": [867, 503, 146, 17], "position": [-3.613703966140747, 0.27026891708374023, -2.2258832454681396]}, {"prefab_path": "1514019/Rearranged/Sport_Pants", "unique_id": 12, "index": 66, "bbox": [919, 489, 131, 11], "position": [-4.377451419830322, 0.2701929807662964, -2.2148489952087402]}, {"prefab_path": "WomensCollection/Prefabs/Rearranged/blouse_2_08", "unique_id": 13, "index": 25, "bbox": [1135, 569, 31, 36], "position": [-1.4836769104003906, 0.7980695962905884, 0.6071568131446838]}, {"prefab_path": "MensCollection/Prefabs/Rearranged/jacket_2_03", "unique_id": 14, "index": 21, "bbox": [1256, 558, 34, 36], "position": [-2.974766969680786, -2.3494725227355957, -2.196302890777588]}, {"prefab_path": "MensCollection/Prefabs/Rearranged/jacket_2_06", "unique_id": 15, "index": 22, "bbox": [1243, 552, 33, 22], "position": [-0.8431825637817383, -3.146559000015259, -4.1515045166015625]}, {"prefab_path": "clothing_store/models/prefab/trousers_3", "unique_id": 10, "index": 23, "bbox": [1590, 503, 157, 31], "position": [-5.106999397277832, 0.23014092445373535, 2.1661055088043213]}, {"prefab_path": "clothing_store/models/prefab/sneakers", "unique_id": 16, "index": 115, "bbox": [920, 641, 9, 12], "position": [-4.374825954437256, 0.03797273337841034, -2.2530136108398438]}, {"prefab_path": "WomensCollection/Prefabs/Rearranged/leather_jacket_1", "unique_id": 17, "index": 63, "bbox": [1136, 581, 39, 22], "position": [-2.10014009475708, 0.8157879114151001, -0.2440505474805832]}, {"prefab_path": "MensCollection/Prefabs/Rearranged/long_coat_10 1", "unique_id": 18, "index": 31, "bbox": [1066, 547, 285, 151], "position": [-2.6177451610565186, 0.36327970027923584, 1.9625885486602783]}, {"prefab_path": "1498649_store/Prefabs/_itog044", "unique_id": 0, "index": 34, "bbox": [1213, 574, 244, 142], "position": [-2.1273717880249023, 0.7968116998672485, 0.25362512469291687]}, {"prefab_path": "1514019/Rearranged/Jeans_Blue_V4", "unique_id": 9, "index": 30, "bbox": [1708, 551, 212, 37], "position": [-3.613121747970581, 0.24453043937683105, 2.2062571048736572]}, {"prefab_path": "clothing_store/models/prefab/trousers_3", "unique_id": 10, "index": 74, "bbox": [503, 578, 304, 122], "position": [-1.122291922569275, 0.2301410436630249, -2.175999879837036]}, {"prefab_path": "clothing_store/models/prefab/sneakers_2", "unique_id": 19, "index": 116, "bbox": [806, 713, 30, 23], "position": [-2.8629331588745117, 0.03797277808189392, -2.261931896209717]}, {"prefab_path": "1498649_store/Prefabs/_itog034", "unique_id": 20, "index": 26, "bbox": [1182, 542, 323, 35], "position": [-1.8858792781829834, 0.6974455118179321, 0.006643939763307571]}, {"prefab_path": "WomensCollection/Prefabs/Rearranged/leather_jacket_1_13", "unique_id": 21, "index": 32, "bbox": [1114, 595, 227, 81], "position": [-1.9106076955795288, 0.8157875537872314, -0.11398184299468994]}, {"prefab_path": "MensCollection/Prefabs/Rearranged/jacket_2_03", "unique_id": 14, "index": 27, "bbox": [1202, 572, 289, 79], "position": [-4.442269325256348, -2.3494725227355957, 0.3690289258956909]}, {"prefab_path": "WomensCollection/Prefabs/Rearranged/leather_jacket_1_20", "unique_id": 22, "index": 28, "bbox": [1212, 598, 239, 120], "position": [-2.006368637084961, 0.8157874345779419, 0.2176688313484192]}, {"prefab_path": "clothing_store/models/prefab/trousers_4", "unique_id": 23, "index": 29, "bbox": [1767, 579, 254, 81], "position": [-2.897865056991577, 0.23014092445373535, 2.189257860183716]}, {"prefab_path": "clothing_store/models/prefab/trousers_3", "unique_id": 10, "index": 75, "bbox": [233, 631, 372, 208], "position": [-0.34700000286102295, 0.23014092445373535, -2.2209999561309814]}, {"prefab_path": "1208725/Jacket_gray", "unique_id": 24, "index": 37, "bbox": [983, 788, 67, 60], "position": [0.04252097010612488, -0.9918884634971619, 0.6339478492736816]}, {"prefab_path": "1498649_store/Prefabs/_itog011", "unique_id": 25, "index": 33, "bbox": [1041, 710, 234, 74], "position": [-0.24058842658996582, 0.6974455118179321, -0.02875397354364395]}, {"prefab_path": "1514019/Rearranged/Jeans_Blue_V4", "unique_id": 9, "index": 76, "bbox": [1, 726, 277, 106], "position": [0.36870890855789185, 0.24453043937683105, -2.2378833293914795]}, {"prefab_path": "MensCollection/Prefabs/Rearranged/jacket_1", "unique_id": 26, "index": 45, "bbox": [778, 795, 208, 293], "position": [-1.2264280319213867, -2.089653491973877, -0.3517504036426544]}, {"prefab_path": "WomensCollection/Prefabs/Rearranged/blouse_2_08 1", "unique_id": 27, "index": 38, "bbox": [1109, 823, 100, 96], "position": [-0.23336511850357056, 0.7980700731277466, 0.0771586000919342]}, {"prefab_path": "1498649_store/Prefabs/_itog049", "unique_id": 28, "index": 46, "bbox": [766, 872, 131, 287], "position": [0.12022599577903748, 0.7968116998672485, -0.21055829524993896]}, {"prefab_path": "MensCollection/Prefabs/Rearranged/jacket_4_09", "unique_id": 29, "index": 43, "bbox": [1219, 891, 107, 90], "position": [0.07680034637451172, 0.7694786190986633, 0.274419367313385]}, {"prefab_path": "1498649_store/Prefabs/_itog026", "unique_id": 30, "index": 42, "bbox": [1070, 837, 166, 368], "position": [0.00769801065325737, 0.6561655402183533, 0.25206458568573]}, {"prefab_path": "1514019/Rearranged/Sneakers_3", "unique_id": 31, "index": 78, "bbox": [402, 979, 24, 66], "position": [-0.3888784945011139, 0.9197296500205994, -2.2579185962677]}, {"prefab_path": "1208725/Jacket_gray", "unique_id": 24, "index": 47, "bbox": [932, 948, 55, 37], "position": [1.0229839086532593, -0.991888701915741, 0.004743680357933044]}], "relationships": {"right": {"6": [10, 23, 24], "8": [10, 23, 24], "93": [25, 28, 38], "71": [28, 32, 34], "72": [28, 32, 34], "117": [43, 46, 42], "58": [10, 24, 23], "65": [10, 23, 24], "7": [10, 23, 24], "70": [72, 71, 10], "92": [25, 38, 33], "62": [24, 23, 30], "60": [23, 24, 30], "66": [23, 24, 10], "25": [31, 29, 30], "21": [27, 23, 24], "22": [21, 45, 27], "115": [23, 24, 30], "63": [34, 28, 31], "31": [29], "34": [31, 29, 30], "74": [29, 31, 26], "116": [24, 23, 30], "26": [28, 34, 31], "32": [28, 34, 31], "28": [31, 29, 30], "75": [31, 25, 29], "33": [31, 29, 30], "76": [33, 38, 42], "38": [31, 29, 30], "46": [43, 42, 38], "43": [31, 29], "42": [31, 29], "78": [25, 28, 26], "47": [37]}, "left": {"6": [70], "8": [70], "93": [70], "71": [70], "72": [70], "58": [70], "65": [70], "7": [70], "10": [58, 7, 65], "92": [70], "24": [62, 116, 60], "62": [70], "60": [70], "25": [78, 75, 76], "21": [22], "23": [60, 62, 116], "63": [74, 78, 75], "31": [74, 26, 28], "34": [32, 63, 26], "30": [74, 63, 34], "74": [70], "116": [70], "26": [74, 78, 75], "32": [74, 78, 75], "27": [21, 22, 70], "28": [32, 26, 63], "29": [74, 31, 26], "37": [47, 76], "33": [76, 78, 75], "45": [22], "38": [46, 76, 78], "46": [76, 78, 92], "43": [46, 76, 92], "42": [46, 76, 75], "78": [70]}, "down": {"6": [60, 21, 62], "8": [66, 115, 60], "93": [76, 78, 75], "71": [78, 75, 76], "72": [75, 78, 74], "58": [62, 116, 21], "65": [21, 60, 62], "7": [21, 62, 116], "10": [24, 30, 23], "70": [22], "92": [76, 75, 47], "62": [116, 21], "60": [21], "66": [115, 21], "25": [45, 37], "115": [21], "63": [45], "34": [45], "74": [45, 22], "116": [21], "26": [45], "32": [45], "28": [45], "75": [22], "33": [37, 47, 45], "38": [37, 47, 45], "46": [47, 37, 45], "43": [37, 47, 45], "42": [37, 47, 45], "78": [75, 45, 22]}, "up": {"24": [10], "62": [58, 7, 65], "60": [6, 65, 7], "66": [8, 6, 65], "21": [65, 7, 60], "22": [70, 72, 71], "23": [10], "115": [66, 8, 6], "30": [10], "74": [72, 71], "116": [62, 58, 7], "27": [10, 8, 6], "29": [10], "75": [78, 93, 71], "37": [42, 43, 38], "76": [92, 93, 71], "45": [32, 63, 26], "78": [93, 71, 72], "47": [46, 43, 42]}}}]}