{"scenes": [{"objects": [{"prefab_path": "1498649_store/Prefabs/_itog022", "unique_id": 0, "index": 2, "bbox": [539, 40, 391, 159], "position": [4.385854244232178, 2.367363214492798, -2.2208611965179443]}, {"prefab_path": "1498649_store/Prefabs/_itog040", "unique_id": 1, "index": 0, "bbox": [716, 1, 432, 217], "position": [3.748854160308838, 2.367363214492798, -2.2208611965179443]}, {"prefab_path": "1208725/Jacket_blue", "unique_id": 2, "index": 1, "bbox": [390, 108, 320, 147], "position": [5.063315391540527, 0.5787005424499512, -2.7620298862457275]}, {"prefab_path": "WomensCollection/Prefabs/Rearranged/dress2_", "unique_id": 3, "index": 6, "bbox": [452, 430, 426, 97], "position": [4.980000019073486, 1.3409990072250366, -2.246000051498413]}, {"prefab_path": "WomensCollection/Prefabs/Rearranged/dress_4_", "unique_id": 4, "index": 7, "bbox": [591, 438, 501, 112], "position": [4.352198600769043, 1.337825894355774, -2.2572858333587646]}, {"prefab_path": "WomensCollection/Prefabs/Rearranged/hanging_dress_1_12", "unique_id": 5, "index": 8, "bbox": [755, 469, 509, 163], "position": [3.73671817779541, 1.4919672012329102, -2.330535888671875]}], "relationships": {"right": {"2": [0], "6": [7, 8], "7": [8]}, "down": {"2": [7, 8, 6], "0": [8, 7]}, "left": {"0": [2], "7": [6], "8": [7, 6]}, "up": {"1": [2], "6": [2], "7": [2, 0], "8": [0, 2]}}}]}