{"scenes": [{"objects": [{"prefab_path": "MensCollection/Prefabs/Rearranged/long_coat_12", "unique_id": 0, "index": 23, "bbox": [153, 1, 458, 304], "position": [2.1343131065368652, 1.0252225399017334, 1.897538661956787]}, {"prefab_path": "MensCollection/Prefabs/Rearranged/jacket_4_09", "unique_id": 1, "index": 15, "bbox": [656, 163, 275, 121], "position": [4.331303596496582, 2.367030143737793, 2.329209804534912]}, {"prefab_path": "MensCollection/Prefabs/Rearranged/jacket_2_06", "unique_id": 2, "index": 17, "bbox": [674, 424, 239, 99], "position": [0.07466411590576172, -2.406008243560791, 4.05088996887207]}, {"prefab_path": "MensCollection/Prefabs/Rearranged/polo shirt 04", "unique_id": 3, "index": 19, "bbox": [479, 419, 288, 166], "position": [3.5940001010894775, 1.544778823852539, 2.312999963760376]}, {"prefab_path": "WomensCollection/Prefabs/Rearranged/leather_jacket_1_17", "unique_id": 4, "index": 24, "bbox": [180, 456, 337, 260], "position": [2.9010000228881836, 1.5563387870788574, 2.312999963760376]}, {"prefab_path": "WomensCollection/Prefabs/Rearranged/shirt_6_03", "unique_id": 5, "index": 25, "bbox": [698, 760, 48, 118], "position": [4.037703037261963, 0.7821571230888367, 1.968921422958374]}, {"prefab_path": "WomensCollection/Prefabs/Rearranged/sweater_folded12", "unique_id": 6, "index": 20, "bbox": [753, 724, 57, 115], "position": [4.336999893188477, 0.8041123747825623, 1.9679999351501465]}, {"prefab_path": "MensCollection/Prefabs/Rearranged/shirt_14", "unique_id": 7, "index": 21, "bbox": [875, 755, 47, 105], "position": [4.336751461029053, 0.7826411724090576, 1.4909249544143677]}, {"prefab_path": "MensCollection/Prefabs/Rearranged/sweater_folded74", "unique_id": 8, "index": 26, "bbox": [623, 785, 62, 134], "position": [3.7408299446105957, 0.8041285276412964, 1.976757287979126]}, {"prefab_path": "WomensCollection/Prefabs/Rearranged/sweater_folded64", "unique_id": 9, "index": 22, "bbox": [804, 776, 72, 142], "position": [4.037914752960205, 0.8044437170028687, 1.4964420795440674]}, {"prefab_path": "MensCollection/Prefabs/Rearranged/shirt_folded_1_14", "unique_id": 10, "index": 27, "bbox": [539, 835, 51, 145], "position": [3.4453139305114746, 0.757389485836029, 1.9839997291564941]}, {"prefab_path": "MensCollection/Prefabs/Rearranged/folded polo shirt00", "unique_id": 11, "index": 28, "bbox": [741, 816, 81, 153], "position": [3.7485222816467285, 0.8034321069717407, 1.3910683393478394]}, {"prefab_path": "MensCollection/Prefabs/Rearranged/shirt_1", "unique_id": 12, "index": 29, "bbox": [434, 874, 84, 167], "position": [3.145132303237915, 0.7826411724090576, 1.975780725479126]}, {"prefab_path": "WomensCollection/Prefabs/Rearranged/shirt_2_05", "unique_id": 13, "index": 30, "bbox": [678, 870, 83, 158], "position": [3.4392690658569336, 0.7826354503631592, 1.4668112993240356]}, {"prefab_path": "WomensCollection/Prefabs/Rearranged/dress2_29", "unique_id": 14, "index": 31, "bbox": [1005, 877, 126, 84], "position": [2.875999927520752, 0.73829585313797, 0.5060044527053833]}, {"prefab_path": "WomensCollection/Prefabs/Rearranged/dress_4_08", "unique_id": 15, "index": 32, "bbox": [1110, 855, 118, 58], "position": [2.861198902130127, 0.8288259506225586, 0.34671416878700256]}, {"prefab_path": "WomensCollection/Prefabs/Rearranged/dress_4_", "unique_id": 16, "index": 33, "bbox": [1242, 851, 128, 37], "position": [2.853199005126953, 0.8728259801864624, 0.19671417772769928]}, {"prefab_path": "WomensCollection/Prefabs/Rearranged/dress_4_16", "unique_id": 17, "index": 34, "bbox": [1365, 886, 111, 255], "position": [3.331941604614258, 0.7310570478439331, -0.12638947367668152]}, {"prefab_path": "WomensCollection/Prefabs/Rearranged/sweater_folded06", "unique_id": 18, "index": 35, "bbox": [293, 914, 89, 211], "position": [2.846571683883667, 0.8045907020568848, 1.9611036777496338]}, {"prefab_path": "MensCollection/Prefabs/Rearranged/folded polo shirt22", "unique_id": 19, "index": 36, "bbox": [560, 913, 90, 209], "position": [3.138524055480957, 0.8034321069717407, 1.3716739416122437]}], "relationships": {"right": {"23": [32, 33, 31], "17": [31, 34, 32], "24": [28, 34, 32], "25": [21, 22], "20": [21], "26": [22, 28, 21], "27": [28, 30, 22], "29": [30, 28, 36], "30": [34], "31": [34], "32": [33, 34], "33": [34], "35": [36, 30, 28], "36": [34]}, "down": {"15": [20, 25, 26], "19": [27, 26, 29], "24": [35, 29]}, "up": {"25": [15], "20": [15], "21": [15], "26": [19, 15], "22": [15], "27": [19, 15], "28": [15], "29": [24, 19, 15], "30": [15], "35": [24]}, "left": {"21": [25, 20, 26], "22": [26, 25, 27], "28": [27, 29, 26], "30": [29, 27, 35], "31": [23, 35, 17], "32": [23, 35, 24], "33": [32, 23, 35], "34": [31, 32, 33], "36": [35, 29, 23]}}}]}