{"scenes": [{"objects": [{"prefab_path": "1208725/Jacket_blue", "unique_id": 0, "index": 84, "bbox": [873, 81, 412, 250], "position": [2.931684732437134, 0.6057009696960449, 2.839183807373047]}, {"prefab_path": "MensCollection/Prefabs/Rearranged/shirt_hung_up24 1", "unique_id": 1, "index": 85, "bbox": [1141, 128, 378, 189], "position": [3.6314737796783447, 2.4027538299560547, 2.3084213733673096]}, {"prefab_path": "WomensCollection/Prefabs/Rearranged/tank_top_1_01", "unique_id": 2, "index": 86, "bbox": [1367, 201, 275, 115], "position": [4.314071178436279, 2.3851280212402344, 2.308269739151001]}, {"prefab_path": "MensCollection/Prefabs/Rearranged/jacket_2_06", "unique_id": 3, "index": 87, "bbox": [1137, 499, 377, 173], "position": [-0.6223361492156982, -2.406008243560791, 4.05088996887207]}, {"prefab_path": "1208725/Tshirt_white", "unique_id": 4, "index": 88, "bbox": [1362, 500, 303, 112], "position": [3.914228916168213, 0.6782846450805664, 3.1272568702697754]}, {"prefab_path": "WomensCollection/Prefabs/Rearranged/blouse_01_55", "unique_id": 5, "index": 89, "bbox": [846, 517, 371, 238], "position": [2.9010000228881836, 1.5369999408721924, 2.312999963760376]}, {"prefab_path": "MensCollection/Prefabs/Rearranged/sweater_folded74", "unique_id": 6, "index": 90, "bbox": [1391, 972, 31, 128], "position": [4.037914752960205, 0.8036502003669739, 1.9679487943649292]}, {"prefab_path": "WomensCollection/Prefabs/Rearranged/sweater_folded_1", "unique_id": 7, "index": 91, "bbox": [1463, 940, 63, 205], "position": [4.336914539337158, 0.8036502003669739, 1.9639487266540527]}], "relationships": {"up": {"84": [89, 85], "88": [85, 86], "90": [86, 85], "91": [86, 85]}, "right": {"84": [91, 90], "85": [86], "87": [90, 91, 88], "89": [90, 91], "90": [91]}, "down": {"85": [90, 91, 88], "86": [91, 90, 88], "89": [84]}, "left": {"86": [85], "88": [87], "90": [84, 89, 87], "91": [90, 84, 89]}}}]}