{"scenes": [{"objects": [{"prefab_path": "1498649_store/Prefabs/_itog015", "unique_id": 0, "index": 58, "bbox": [1297, 365, 134, 54], "position": [2.956145763397217, 2.3943631649017334, 2.2980151176452637]}, {"prefab_path": "WomensCollection/Prefabs/Rearranged/blouse_2_15", "unique_id": 1, "index": 59, "bbox": [1362, 381, 112, 40], "position": [3.6330714225769043, 2.3956212997436523, 2.3050241470336914]}, {"prefab_path": "WomensCollection/Prefabs/Rearranged/leather_jacket_1_04", "unique_id": 2, "index": 60, "bbox": [1413, 389, 102, 45], "position": [4.313000202178955, 2.4133388996124268, 2.312999963760376]}, {"prefab_path": "1498649_store/Prefabs/_itog045", "unique_id": 3, "index": 47, "bbox": [20, 386, 299, 239], "position": [-2.890559434890747, 1.8418114185333252, 2.238140344619751]}, {"prefab_path": "WomensCollection/Prefabs/Rearranged/blouse_01_01", "unique_id": 4, "index": 61, "bbox": [658, 436, 182, 133], "position": [-1.1029112339019775, 1.841448426246643, 2.240678310394287]}, {"prefab_path": "1498649_store/Prefabs/_itog029", "unique_id": 5, "index": 62, "bbox": [838, 423, 208, 33], "position": [-0.596693754196167, 1.8418116569519043, 2.242234468460083]}, {"prefab_path": "WomensCollection/Prefabs/Rearranged/blouse_01_01", "unique_id": 4, "index": 63, "bbox": [869, 443, 164, 53], "position": [-0.32967859506607056, 1.841448426246643, 2.248088836669922]}, {"prefab_path": "WomensCollection/Prefabs/Rearranged/blouse_01_17", "unique_id": 6, "index": 64, "bbox": [988, 447, 151, 47], "position": [0.27932143211364746, 1.8414487838745117, 2.245088577270508]}, {"prefab_path": "1498649_store/Prefabs/_itog030", "unique_id": 7, "index": 65, "bbox": [1006, 433, 182, 54], "position": [0.42430630326271057, 1.8418114185333252, 2.241234540939331]}, {"prefab_path": "1498649_store/Prefabs/_itog018", "unique_id": 8, "index": 66, "bbox": [1024, 434, 178, 61], "position": [0.578306257724762, 1.8418114185333252, 2.243234395980835]}, {"prefab_path": "WomensCollection/Prefabs/Rearranged/blouse_01_07", "unique_id": 9, "index": 67, "bbox": [1111, 452, 136, 53], "position": [1.0969111919403076, 1.8414487838745117, 2.241321563720703]}, {"prefab_path": "WomensCollection/Prefabs/Rearranged/blouse_2_07 1", "unique_id": 10, "index": 68, "bbox": [1296, 502, 121, 45], "position": [2.9020707607269287, 1.538621187210083, 2.3050241470336914]}, {"prefab_path": "MensCollection/Prefabs/Rearranged/polo shirt 44", "unique_id": 11, "index": 69, "bbox": [1354, 504, 110, 54], "position": [3.5940001010894775, 1.6013116836547852, 2.312999963760376]}, {"prefab_path": "1498649_store/Prefabs/_itog034", "unique_id": 12, "index": 70, "bbox": [1414, 485, 148, 41], "position": [4.290375709533691, 1.4379966259002686, 2.3101234436035156]}, {"prefab_path": "WomensCollection/Prefabs/Rearranged/dress_6_08", "unique_id": 13, "index": 14, "bbox": [1715, 624, 37, 31], "position": [2.847581148147583, 0.8689463138580322, 0.2079998105764389]}, {"prefab_path": "MensCollection/Prefabs/Rearranged/shirt_6", "unique_id": 14, "index": 71, "bbox": [1355, 683, 15, 67], "position": [3.145132303237915, 0.7826411724090576, 1.975780725479126]}, {"prefab_path": "MensCollection/Prefabs/Rearranged/shirt_1", "unique_id": 15, "index": 72, "bbox": [1328, 688, 15, 69], "position": [2.8469247817993164, 0.7826411724090576, 1.9641683101654053]}, {"prefab_path": "MensCollection/Prefabs/Rearranged/sweater_folded54", "unique_id": 16, "index": 73, "bbox": [1407, 671, 16, 65], "position": [3.7408299446105957, 0.8041285276412964, 1.976757287979126]}, {"prefab_path": "MensCollection/Prefabs/Rearranged/sweater_folded17", "unique_id": 17, "index": 74, "bbox": [1380, 674, 16, 67], "position": [3.445150852203369, 0.8066529035568237, 1.984976053237915]}, {"prefab_path": "WomensCollection/Prefabs/Rearranged/shirt_1_04", "unique_id": 18, "index": 75, "bbox": [1460, 662, 15, 58], "position": [4.336702823638916, 0.7821571230888367, 1.9649213552474976]}, {"prefab_path": "MensCollection/Prefabs/Rearranged/sweater_folded29", "unique_id": 19, "index": 76, "bbox": [1433, 666, 15, 64], "position": [4.037914752960205, 0.8036502003669739, 1.9679487943649292]}, {"prefab_path": "WomensCollection/Prefabs/Rearranged/shirt_1_04", "unique_id": 18, "index": 77, "bbox": [1507, 678, 17, 68], "position": [4.037703037261963, 0.7826354503631592, 1.494921326637268]}, {"prefab_path": "MensCollection/Prefabs/Rearranged/shirt_3", "unique_id": 20, "index": 78, "bbox": [1484, 682, 18, 70], "position": [3.749751329421997, 0.7826411724090576, 1.497925043106079]}, {"prefab_path": "WomensCollection/Prefabs/Rearranged/shirt_1_04", "unique_id": 18, "index": 79, "bbox": [1466, 689, 19, 68], "position": [3.4392690658569336, 0.7826354503631592, 1.4668112993240356]}, {"prefab_path": "MensCollection/Prefabs/Rearranged/shirt_12", "unique_id": 21, "index": 80, "bbox": [1529, 673, 18, 68], "position": [4.336751461029053, 0.7860405445098877, 1.4903372526168823]}, {"prefab_path": "clothing_store/models/prefab/trousers_4", "unique_id": 22, "index": 81, "bbox": [1111, 633, 195, 58], "position": [1.128000020980835, 0.2301410436630249, 2.24706768989563]}, {"prefab_path": "MensCollection/Prefabs/Rearranged/shirt_folded_1_03", "unique_id": 23, "index": 82, "bbox": [1407, 694, 34, 77], "position": [2.8451755046844482, 0.757389485836029, 1.4668148756027222]}, {"prefab_path": "MensCollection/Prefabs/Rearranged/sweater_folded45", "unique_id": 24, "index": 83, "bbox": [1434, 693, 20, 75], "position": [3.1435132026672363, 0.8066529035568237, 1.4774458408355713]}, {"prefab_path": "WomensCollection/Prefabs/Rearranged/dress_6_08", "unique_id": 13, "index": 17, "bbox": [1624, 637, 218, 43], "position": [2.8735811710357666, 0.7659463882446289, 0.5059998035430908]}, {"prefab_path": "WomensCollection/Prefabs/Rearranged/dress_6_04", "unique_id": 25, "index": 18, "bbox": [1661, 629, 223, 43], "position": [2.8555796146392822, 0.824946403503418, 0.3579998016357422]}, {"prefab_path": "WomensCollection/Prefabs/Rearranged/dress_4_16", "unique_id": 26, "index": 12, "bbox": [1816, 606, 281, 68], "position": [2.6490633487701416, 1.0040570497512817, -0.222966730594635]}, {"prefab_path": "clothing_store/models/prefab/trousers_3", "unique_id": 27, "index": 84, "bbox": [839, 659, 243, 112], "position": [-0.34700000286102295, 0.23014092445373535, 2.201373815536499]}, {"prefab_path": "clothing_store/models/prefab/trousers_5", "unique_id": 28, "index": 85, "bbox": [988, 646, 218, 83], "position": [0.3689999580383301, 0.23014092445373535, 2.189257860183716]}, {"prefab_path": "WomensCollection/Prefabs/Rearranged/dress_4_24", "unique_id": 29, "index": 15, "bbox": [1665, 621, 275, 139], "position": [2.504483222961426, 0.8980169296264648, 0.10345739126205444]}, {"prefab_path": "WomensCollection/Prefabs/Rearranged/hanging_dress_1_26", "unique_id": 30, "index": 19, "bbox": [1668, 641, 256, 106], "position": [2.461535930633545, 1.0029672384262085, 0.10171851515769958]}, {"prefab_path": "WomensCollection/Prefabs/Rearranged/dress_4_", "unique_id": 31, "index": 20, "bbox": [1658, 641, 306, 91], "position": [2.229285717010498, 0.804826021194458, 0.10619890689849854]}, {"prefab_path": "WomensCollection/Prefabs/Rearranged/hanging_dress_1_12", "unique_id": 32, "index": 11, "bbox": [1797, 647, 242, 87], "position": [2.9984641075134277, 0.9539672136306763, -0.12471833825111389]}, {"prefab_path": "clothing_store/models/prefab/trousers_4", "unique_id": 22, "index": 86, "bbox": [658, 675, 271, 132], "position": [-1.1222920417785645, 0.2301410436630249, 2.24706768989563]}, {"prefab_path": "WomensCollection/Prefabs/Rearranged/blouse_2_15", "unique_id": 1, "index": 87, "bbox": [1309, 760, 97, 96], "position": [0.08927623927593231, 0.7980697154998779, 0.24681049585342407]}, {"prefab_path": "1498649_store/Prefabs/_itog031", "unique_id": 33, "index": 88, "bbox": [1409, 748, 140, 51], "position": [0.23246800899505615, 0.7968116998672485, 0.0942782610654831]}, {"prefab_path": "1498649_store/Prefabs/_itog054", "unique_id": 34, "index": 89, "bbox": [1421, 755, 149, 105], "position": [0.25762516260147095, 0.7968116998672485, 0.0013716556131839752]}, {"prefab_path": "1498649_store/Prefabs/_itog040", "unique_id": 35, "index": 90, "bbox": [1426, 768, 129, 190], "position": [0.2209576964378357, 0.7968116998672485, -0.11915792524814606]}, {"prefab_path": "clothing_store/models/prefab/trousers", "unique_id": 36, "index": 52, "bbox": [22, 738, 265, 226], "position": [-2.897865056991577, 0.23014092445373535, 2.189257860183716]}, {"prefab_path": "clothing_store/models/prefab/sneakers_3", "unique_id": 37, "index": 91, "bbox": [989, 881, 26, 54], "position": [0.4251544177532196, 0.03797274827957153, 2.1754260063171387]}, {"prefab_path": "1498649_store/Prefabs/_itog011", "unique_id": 38, "index": 53, "bbox": [360, 876, 126, 98], "position": [-2.2175838947296143, 0.6974455118179321, 0.22954314947128296]}, {"prefab_path": "WomensCollection/Prefabs/Rearranged/leather_jacket_1_17", "unique_id": 39, "index": 92, "bbox": [1422, 828, 175, 150], "position": [-0.10998187959194183, 0.8157875537872314, -0.21539252996444702]}, {"prefab_path": "1514019/Rearranged/Shoes_Preppy", "unique_id": 40, "index": 93, "bbox": [679, 953, 49, 96], "position": [-1.780704140663147, 0.9293829202651978, 2.172046184539795]}], "relationships": {"right": {"58": [59, 60], "59": [60], "47": [61, 87, 88], "61": [62, 63, 64], "62": [63, 64, 65], "63": [64, 65, 66], "64": [65, 66, 67], "65": [66, 67, 18], "66": [67, 18, 14], "67": [68, 82, 83], "68": [69, 70, 80], "69": [70], "14": [11], "71": [77, 78, 74], "72": [78, 79, 71], "73": [80, 76, 77], "74": [80, 77, 73], "76": [75, 80], "77": [80], "78": [77, 80], "79": [77, 80], "81": [82, 83, 17], "82": [83, 79, 78], "83": [79, 78, 77], "84": [85, 91, 17], "85": [81, 17, 18], "15": [11], "19": [11, 12], "20": [15, 12, 11], "86": [84, 20, 15], "87": [88, 89, 12], "88": [12, 20, 19], "89": [12, 20, 19], "90": [12, 11], "52": [87, 88, 89], "91": [17, 18, 14], "53": [92, 90, 89], "92": [12, 11], "93": [12, 20, 19]}, "left": {"58": [66, 65, 64], "59": [58, 67, 66], "60": [59, 58, 67], "61": [47], "62": [61, 47], "63": [62, 61, 47], "64": [63, 62, 61], "65": [64, 63, 62], "66": [65, 64, 63], "67": [66, 65, 64], "68": [67, 66, 65], "69": [68, 67, 66], "70": [69, 68, 67], "14": [84, 85, 86], "71": [72, 81, 67], "72": [81, 85, 91], "73": [74, 71, 72], "74": [71, 72, 81], "75": [76, 73, 74], "76": [73, 74, 71], "77": [71, 74, 78], "78": [72, 71, 74], "79": [72, 83, 71], "80": [74, 73, 77], "81": [85, 84, 86], "82": [81, 85, 91], "83": [82, 72, 81], "17": [85, 84, 91], "18": [84, 85, 86], "12": [19, 20, 93], "84": [86, 52], "85": [84, 86, 93], "15": [20, 93, 86], "19": [93, 86, 84], "20": [93, 86, 84], "11": [15, 19, 14], "86": [52], "87": [52, 93, 47], "88": [87, 52, 93], "89": [87, 52, 93], "90": [52, 93, 53], "91": [84, 86, 52], "92": [53, 52, 93]}, "down": {"58": [68, 72, 71], "59": [69, 73, 74], "60": [70, 75, 76], "47": [52], "61": [86, 93, 84], "62": [84, 86, 85], "63": [84, 85, 91], "64": [85, 91, 84], "65": [91, 85, 81], "66": [91, 85, 81], "67": [81, 91, 85], "68": [72, 71], "69": [74, 73, 71], "70": [75, 76], "85": [91], "19": [15]}, "up": {"68": [58], "69": [59], "70": [60, 59], "71": [58, 68, 69], "72": [68, 58, 59], "73": [59, 69, 60], "74": [69, 59, 58], "75": [70, 60, 59], "76": [70, 60, 59], "77": [60, 59], "78": [59, 60, 58], "79": [59, 58, 60], "80": [60, 59], "81": [67, 66, 65], "82": [58, 59], "83": [58, 59], "84": [63, 62, 64], "85": [65, 64, 66], "15": [19], "86": [61, 62, 63], "52": [47], "91": [85, 65, 64], "93": [61]}}}]}