{"scenes": [{"objects": [{"prefab_path": "MensCollection/Prefabs/Rearranged/jacket_4_05", "unique_id": 0, "index": 10, "bbox": [825, 1, 360, 192], "position": [-5.280021667480469, 2.782984733581543, -2.4825198650360107]}, {"prefab_path": "1498649_store/Prefabs/_itog015", "unique_id": 1, "index": 7, "bbox": [991, 1, 332, 255], "position": [-1.6204921007156372, 2.4358975887298584, -2.7880003452301025]}, {"prefab_path": "1498649_store/Prefabs/_itog029", "unique_id": 2, "index": 6, "bbox": [1236, 1, 363, 648], "position": [-0.9989127516746521, 2.377624034881592, -2.898423194885254]}, {"prefab_path": "WomensCollection/Prefabs/Rearranged/sweater_folded04", "unique_id": 3, "index": 48, "bbox": [105, 570, 36, 144], "position": [-4.468654155731201, 1.1731804609298706, -4.504074573516846]}, {"prefab_path": "MensCollection/Prefabs/Rearranged/sweater_folded54", "unique_id": 4, "index": 49, "bbox": [1, 609, 37, 89], "position": [-4.192704200744629, 1.1727182865142822, -4.855172157287598]}, {"prefab_path": "WomensCollection/Prefabs/Rearranged/shirt_5_03", "unique_id": 5, "index": 50, "bbox": [1, 594, 23, 105], "position": [-4.479158878326416, 1.151225209236145, -4.856212139129639]}, {"prefab_path": "MensCollection/Prefabs/Rearranged/sweater_folded17", "unique_id": 6, "index": 51, "bbox": [44, 615, 47, 170], "position": [-3.8732590675354004, 1.1752426624298096, -4.500005722045898]}, {"prefab_path": "WomensCollection/Prefabs/Rearranged/shirt_3_05", "unique_id": 7, "index": 52, "bbox": [81, 589, 37, 153], "position": [-4.175924301147461, 1.1849201917648315, -4.494473457336426]}, {"prefab_path": "MensCollection/Prefabs/Rearranged/shirt_14", "unique_id": 8, "index": 53, "bbox": [1, 649, 51, 197], "position": [-3.579094886779785, 1.1512309312820435, -4.501043796539307]}, {"prefab_path": "MensCollection/Prefabs/Rearranged/folded polo shirt00", "unique_id": 9, "index": 54, "bbox": [1, 672, 88, 177], "position": [-3.259033203125, 1.1720218658447266, -4.394421577453613]}, {"prefab_path": "WomensCollection/Prefabs/Rearranged/blouse_01_55", "unique_id": 10, "index": 13, "bbox": [1211, 519, 396, 582], "position": [-0.998058557510376, 1.4083304405212402, -2.8984382152557373]}], "relationships": {"left": {"7": [54, 53, 51], "6": [54, 53, 51], "48": [50], "51": [49, 50], "52": [50, 49], "53": [49, 50], "54": [49, 50], "13": [54, 53, 51]}, "down": {"7": [13], "6": [13]}, "right": {"48": [7, 13, 6], "49": [51, 52, 53], "50": [52, 48, 51], "51": [13, 7, 6], "52": [7, 13, 6], "53": [13, 7, 6], "54": [13, 7, 6]}, "up": {"13": [6, 7]}}}]}