{"scenes": [{"objects": [{"prefab_path": "1498649_store/Prefabs/_itog038", "unique_id": 0, "index": 0, "bbox": [1683, 142, 310, 158], "position": [3.631146192550659, 2.3943631649017334, 2.3130149841308594]}, {"prefab_path": "clothing_store/models/prefab/T_shirt_6", "unique_id": 1, "index": 1, "bbox": [794, 281, 433, 255], "position": [1.097999930381775, 1.4249999523162842, 2.241000175476074]}, {"prefab_path": "MensCollection/Prefabs/Rearranged/long_coat_10", "unique_id": 2, "index": 2, "bbox": [26, 226, 586, 236], "position": [-0.3468266725540161, 1.8822486400604248, 2.24945330619812]}, {"prefab_path": "WomensCollection/Prefabs/Rearranged/leather_jacket_1", "unique_id": 3, "index": 3, "bbox": [150, 300, 447, 138], "position": [-0.19567859172821045, 1.8607878684997559, 2.244088649749756]}, {"prefab_path": "1498649_store/Prefabs/_itog054", "unique_id": 4, "index": 4, "bbox": [471, 279, 488, 93], "position": [0.2793063223361969, 1.8418116569519043, 2.244234323501587]}, {"prefab_path": "1498649_store/Prefabs/_itog041", "unique_id": 5, "index": 5, "bbox": [559, 282, 480, 75], "position": [0.42430630326271057, 1.8418114185333252, 2.241234540939331]}, {"prefab_path": "1498649_store/Prefabs/_itog026", "unique_id": 6, "index": 6, "bbox": [658, 252, 541, 42], "position": [0.58119797706604, 1.7424452304840088, 2.243464469909668]}, {"prefab_path": "clothing_store/models/prefab/T_shirt_8", "unique_id": 7, "index": 7, "bbox": [1660, 430, 323, 167], "position": [3.5929112434387207, 1.1205511093139648, 2.313321352005005]}, {"prefab_path": "clothing_store/models/prefab/trousers_2", "unique_id": 8, "index": 8, "bbox": [840, 762, 241, 193], "position": [1.128000020980835, 0.2301410436630249, 2.24706768989563]}, {"prefab_path": "1514019/Rearranged/Jeans_Blue_V4", "unique_id": 9, "index": 9, "bbox": [18, 836, 167, 268], "position": [-0.34670889377593994, 0.24453043937683105, 2.2062571048736572]}, {"prefab_path": "clothing_store/models/prefab/trousers_5", "unique_id": 10, "index": 10, "bbox": [456, 799, 204, 236], "position": [0.3689999580383301, 0.23014092445373535, 2.189257860183716]}, {"prefab_path": "MensCollection/Prefabs/Rearranged/folded polo shirt34", "unique_id": 11, "index": 11, "bbox": [1631, 894, 97, 238], "position": [3.1463613510131836, 0.8034321069717407, 2.0826375484466553]}, {"prefab_path": "MensCollection/Prefabs/Rearranged/shirt_1", "unique_id": 12, "index": 12, "bbox": [1742, 887, 77, 142], "position": [3.4453139305114746, 0.7826411724090576, 1.9839997291564941]}, {"prefab_path": "MensCollection/Prefabs/Rearranged/folded polo shirt34", "unique_id": 11, "index": 13, "bbox": [1542, 911, 92, 238], "position": [2.8517839908599854, 0.8034321069717407, 2.0709214210510254]}], "relationships": {"left": {"0": [5, 4, 6], "1": [6, 5, 4], "3": [2], "4": [3, 2], "5": [4, 3, 2], "6": [5, 4, 3], "7": [1, 6, 5], "8": [10, 9], "10": [9], "11": [13, 8, 1], "12": [11, 13, 8], "13": [8, 1, 10]}, "down": {"0": [7, 12, 11], "1": [8, 10], "2": [9, 10], "3": [9, 10], "4": [10, 9, 8], "5": [10, 8, 9], "6": [10, 8, 9]}, "right": {"1": [13, 11, 12], "2": [3, 4, 5], "3": [4, 5, 6], "4": [5, 6, 1], "5": [6, 1, 0], "6": [1, 7, 0], "8": [13, 12, 11], "9": [10, 8, 13], "10": [8, 13, 12], "11": [12], "13": [12, 11]}, "up": {"7": [0], "8": [1, 6, 5], "9": [2, 3, 4], "10": [5, 4, 6], "11": [0], "12": [0], "13": [0]}}}]}