{"scenes": [{"objects": [{"prefab_path": "MensCollection/Prefabs/Rearranged/long_coat_06", "unique_id": 0, "index": 0, "bbox": [445, 261, 76, 37], "position": [0.4749074876308441, 0.4459843635559082, -4.37393045425415]}, {"prefab_path": "WomensCollection/Prefabs/Rearranged/blouse_2_08", "unique_id": 1, "index": 1, "bbox": [118, 215, 238, 178], "position": [0.5348296165466309, 2.230069875717163, -7.294210433959961]}, {"prefab_path": "1498649_store/Prefabs/_itog015", "unique_id": 2, "index": 2, "bbox": [785, 314, 109, 48], "position": [-3.257234573364258, 2.228811740875244, -7.292694091796875]}, {"prefab_path": "1498649_store/Prefabs/_itog011", "unique_id": 3, "index": 3, "bbox": [1103, 273, 187, 172], "position": [-1.2808020114898682, 1.5194456577301025, -4.742535591125488]}, {"prefab_path": "MensCollection/Prefabs/Rearranged/long_coat_06", "unique_id": 0, "index": 4, "bbox": [285, 447, 61, 19], "position": [-0.014092564582824707, 0.12998414039611816, -6.386931419372559]}, {"prefab_path": "MensCollection/Prefabs/Rearranged/folded polo shirt13", "unique_id": 4, "index": 5, "bbox": [1286, 515, 16, 45], "position": [-4.176286220550537, 1.4526302814483643, -4.8191819190979]}, {"prefab_path": "MensCollection/Prefabs/Rearranged/shirt_folded_1_03", "unique_id": 5, "index": 6, "bbox": [1287, 508, 24, 48], "position": [-4.483030796051025, 1.4065876007080078, -4.92523717880249]}, {"prefab_path": "MensCollection/Prefabs/Rearranged/folded polo shirt22", "unique_id": 6, "index": 7, "bbox": [1286, 523, 20, 35], "position": [-3.8689069747924805, 1.4526302814483643, -4.818668365478516]}, {"prefab_path": "870230/hoodie03", "unique_id": 7, "index": 8, "bbox": [294, 266, 649, 611], "position": [-0.10674607753753662, 1.841963768005371, -4.737847805023193]}, {"prefab_path": "1498649_store/Prefabs/_itog054", "unique_id": 8, "index": 9, "bbox": [1148, 360, 428, 141], "position": [-1.4926937818527222, 1.6188119649887085, -4.742765426635742]}, {"prefab_path": "WomensCollection/Prefabs/Rearranged/shirt_4_05", "unique_id": 9, "index": 10, "bbox": [1288, 560, 18, 58], "position": [-4.479158878326416, 1.151225209236145, -4.856212139129639]}, {"prefab_path": "MensCollection/Prefabs/Rearranged/shirt_11", "unique_id": 10, "index": 11, "bbox": [1289, 571, 19, 52], "position": [-4.192602634429932, 1.1512309312820435, -4.856156826019287]}, {"prefab_path": "MensCollection/Prefabs/Rearranged/shirt_folded_1_09", "unique_id": 11, "index": 12, "bbox": [1344, 563, 36, 79], "position": [-4.175972938537598, 1.1596741676330566, -4.494472980499268]}, {"prefab_path": "WomensCollection/Prefabs/Rearranged/shirt_6_03", "unique_id": 12, "index": 13, "bbox": [1335, 587, 25, 84], "position": [-3.8731088638305664, 1.151225209236145, -4.50098991394043]}, {"prefab_path": "WomensCollection/Prefabs/Rearranged/leather_jacket_1_04", "unique_id": 13, "index": 14, "bbox": [835, 356, 558, 271], "position": [-0.5106785893440247, 1.6377875804901123, -4.7419114112854]}, {"prefab_path": "870230/hoodie09", "unique_id": 14, "index": 15, "bbox": [826, 344, 570, 353], "position": [-0.7101410627365112, 1.843548059463501, -4.740752696990967]}, {"prefab_path": "WomensCollection/Prefabs/Rearranged/sweater_folded74", "unique_id": 15, "index": 16, "bbox": [1306, 609, 41, 112], "position": [-3.2672274112701416, 1.1730334758758545, -4.5024943351745605]}, {"prefab_path": "WomensCollection/Prefabs/Rearranged/shirt_5_03", "unique_id": 16, "index": 17, "bbox": [1328, 599, 22, 89], "position": [-3.5790462493896484, 1.151225209236145, -4.5010457038879395]}, {"prefab_path": "1498649_store/Prefabs/_itog018", "unique_id": 17, "index": 18, "bbox": [92, 484, 337, 84], "position": [-0.4046936631202698, 1.302811622619629, -7.289765357971191]}], "relationships": {"up": {"0": [8], "10": [6], "11": [5], "4": [1]}, "right": {"1": [15, 9, 3], "2": [6, 5, 10], "4": [3, 9, 16], "7": [12], "11": [12], "18": [9, 3, 16]}, "down": {"8": [0], "1": [4], "5": [11], "6": [10]}, "left": {"3": [18, 1, 4], "5": [2, 18, 1], "6": [2, 18, 1], "7": [2, 18, 1], "8": [1], "9": [18, 1, 4], "10": [2, 18, 1], "11": [2, 18, 1], "12": [11, 7, 2], "13": [18, 2, 1], "14": [1, 18], "15": [1, 18], "16": [18, 1, 4], "17": [18, 2, 1]}}}]}