{"scenes": [{"objects": [{"prefab_path": "MensCollection/Prefabs/Rearranged/long_coat_10", "unique_id": 0, "index": 58, "bbox": [331, 327, 285, 103], "position": [-2.9004533290863037, 1.8822486400604248, -2.2398266792297363]}, {"prefab_path": "1498649_store/Prefabs/_itog044", "unique_id": 1, "index": 6, "bbox": [495, 367, 186, 93], "position": [-3.8116934299468994, 1.8418116569519043, -2.2227656841278076]}, {"prefab_path": "WomensCollection/Prefabs/Rearranged/blouse_01_60", "unique_id": 2, "index": 65, "bbox": [507, 408, 138, 43], "position": [-3.5386786460876465, 1.841448426246643, -2.2229113578796387]}, {"prefab_path": "WomensCollection/Prefabs/Rearranged/blouse_01_21", "unique_id": 3, "index": 7, "bbox": [491, 407, 144, 35], "position": [-3.384678363800049, 1.8414487838745117, -2.2209110260009766]}, {"prefab_path": "1498649_store/Prefabs/_itog015", "unique_id": 4, "index": 8, "bbox": [610, 378, 158, 60], "position": [-4.559693813323975, 1.8418116569519043, -2.2227656841278076]}, {"prefab_path": "MensCollection/Prefabs/Rearranged/jacket_4_05", "unique_id": 5, "index": 81, "bbox": [678, 400, 132, 14], "position": [-2.11684513092041, 2.1888985633850098, -2.769831418991089]}, {"prefab_path": "MensCollection/Prefabs/Rearranged/long_coat_10", "unique_id": 0, "index": 9, "bbox": [1457, 368, 202, 58], "position": [-4.468826770782471, 1.8822486400604248, 2.24945330619812]}, {"prefab_path": "1498649_store/Prefabs/_itog038", "unique_id": 6, "index": 10, "bbox": [1470, 392, 175, 44], "position": [-4.327693939208984, 1.8418116569519043, 2.243234395980835]}, {"prefab_path": "MensCollection/Prefabs/Rearranged/polo shirt 25", "unique_id": 7, "index": 55, "bbox": [1523, 392, 187, 61], "position": [-3.809678554534912, 1.8492279052734375, 2.242088794708252]}, {"prefab_path": "WomensCollection/Prefabs/Rearranged/blouse_2_1", "unique_id": 8, "index": 79, "bbox": [1736, 375, 248, 56], "position": [-2.892484664916992, 1.8430697917938232, 2.246131181716919]}, {"prefab_path": "clothing_store/models/prefab/trousers_4", "unique_id": 9, "index": 83, "bbox": [682, 557, 154, 20], "position": [-5.107000350952148, 0.23014092445373535, -2.2569997310638428]}, {"prefab_path": "1514019/Rearranged/Jeans_Blue_V4", "unique_id": 10, "index": 24, "bbox": [1492, 624, 4, 2], "position": [-4.373626708984375, 0.24453043937683105, 2.217106580734253]}, {"prefab_path": "1514019/Rearranged/Sport_Pants", "unique_id": 11, "index": 66, "bbox": [606, 581, 183, 35], "position": [-4.377451419830322, 0.2701929807662964, -2.2148489952087402]}, {"prefab_path": "clothing_store/models/prefab/trousers_3", "unique_id": 12, "index": 23, "bbox": [1413, 580, 182, 25], "position": [-5.106999397277832, 0.23014092445373535, 2.1661055088043213]}, {"prefab_path": "1514019/Rearranged/Jeans_Grey", "unique_id": 13, "index": 60, "bbox": [499, 607, 218, 54], "position": [-3.613703966140747, 0.27026891708374023, -2.2258832454681396]}, {"prefab_path": "clothing_store/models/prefab/sneakers_2", "unique_id": 14, "index": 114, "bbox": [688, 738, 12, 15], "position": [-5.062593936920166, 0.037972718477249146, -2.259033203125]}, {"prefab_path": "MensCollection/Prefabs/Rearranged/jacket_2_03", "unique_id": 15, "index": 21, "bbox": [973, 714, 53, 52], "position": [-2.974766969680786, -2.3494725227355957, -2.196302890777588]}, {"prefab_path": "MensCollection/Prefabs/Rearranged/jacket_2_06", "unique_id": 16, "index": 22, "bbox": [957, 702, 53, 37], "position": [-0.8431825637817383, -3.146559000015259, -4.1515045166015625]}, {"prefab_path": "clothing_store/models/prefab/trousers_3", "unique_id": 12, "index": 62, "bbox": [344, 630, 291, 104], "position": [-2.897865056991577, 0.23014092445373535, -2.2330000400543213]}, {"prefab_path": "clothing_store/models/prefab/sneakers", "unique_id": 17, "index": 115, "bbox": [612, 779, 32, 34], "position": [-4.374825954437256, 0.03797273337841034, -2.2530136108398438]}, {"prefab_path": "WomensCollection/Prefabs/Rearranged/leather_jacket_1", "unique_id": 18, "index": 63, "bbox": [773, 770, 52, 42], "position": [-2.10014009475708, 0.8157879114151001, -0.2440505474805832]}, {"prefab_path": "WomensCollection/Prefabs/Rearranged/blouse_2_08", "unique_id": 19, "index": 25, "bbox": [817, 729, 45, 43], "position": [-1.4836769104003906, 0.7980695962905884, 0.6071568131446838]}, {"prefab_path": "WomensCollection/Prefabs/Rearranged/blouse_2_07 1", "unique_id": 20, "index": 61, "bbox": [915, 740, 37, 8], "position": [-2.3797595500946045, 0.756790041923523, 0.008797280490398407]}, {"prefab_path": "1514019/Rearranged/Jeans_Blue_V4", "unique_id": 10, "index": 30, "bbox": [1562, 651, 276, 42], "position": [-3.613121747970581, 0.24453043937683105, 2.2062571048736572]}, {"prefab_path": "WomensCollection/Prefabs/Rearranged/leather_jacket_1_13", "unique_id": 21, "index": 32, "bbox": [792, 795, 74, 46], "position": [-1.9106076955795288, 0.8157875537872314, -0.11398184299468994]}, {"prefab_path": "MensCollection/Prefabs/Rearranged/long_coat_10 1", "unique_id": 22, "index": 31, "bbox": [658, 712, 291, 257], "position": [-2.6177451610565186, 0.36327970027923584, 1.9625885486602783]}, {"prefab_path": "1498649_store/Prefabs/_itog034", "unique_id": 23, "index": 26, "bbox": [824, 709, 294, 84], "position": [-1.8858792781829834, 0.6974455118179321, 0.006643939763307571]}, {"prefab_path": "MensCollection/Prefabs/Rearranged/jacket_2_03", "unique_id": 15, "index": 27, "bbox": [892, 756, 247, 89], "position": [-4.442269325256348, -2.3494725227355957, 0.3690289258956909]}, {"prefab_path": "WomensCollection/Prefabs/Rearranged/leather_jacket_1_20", "unique_id": 24, "index": 28, "bbox": [908, 791, 212, 161], "position": [-2.006368637084961, 0.8157874345779419, 0.2176688313484192]}, {"prefab_path": "1498649_store/Prefabs/_itog044", "unique_id": 1, "index": 34, "bbox": [915, 746, 255, 204], "position": [-2.1273717880249023, 0.7968116998672485, 0.25362512469291687]}, {"prefab_path": "clothing_store/models/prefab/trousers_4", "unique_id": 9, "index": 29, "bbox": [1655, 700, 303, 115], "position": [-2.897865056991577, 0.23014092445373535, 2.189257860183716]}, {"prefab_path": "clothing_store/models/prefab/sneakers_2", "unique_id": 14, "index": 116, "bbox": [361, 923, 63, 77], "position": [-2.8629331588745117, 0.03797277808189392, -2.261931896209717]}], "relationships": {"right": {"58": [55, 10, 9], "6": [9, 10, 55], "65": [9, 10, 55], "7": [10, 9, 55], "8": [9, 10, 23], "81": [79, 55, 10], "83": [23, 24, 9], "66": [23, 24, 30], "60": [24, 23, 30], "114": [23, 24, 30], "21": [27, 30, 24], "22": [27, 29, 31], "62": [30, 24, 29], "115": [23, 24, 30], "63": [34, 28, 61], "25": [31, 29], "61": [31, 29, 30], "32": [28, 34, 31], "26": [28, 34, 31], "28": [31, 29, 79], "34": [31, 29, 79], "116": [30, 24, 29]}, "down": {"58": [116, 62, 21], "6": [60, 21, 66], "65": [60, 21, 62], "7": [21, 60, 62], "8": [66, 115, 114], "81": [116, 62, 21], "9": [24, 30, 23], "10": [24, 30, 23], "55": [30, 24, 29], "79": [29, 31, 30], "83": [114, 21], "24": [27], "66": [115, 21], "23": [27], "60": [21], "62": [116, 21], "115": [21], "63": [21], "116": [21]}, "left": {"9": [65, 7, 6], "10": [7, 65, 6], "55": [58, 7, 65], "79": [81, 58, 63], "24": [60, 62, 116], "23": [66, 115, 60], "63": [62, 81], "25": [81], "61": [63, 62, 116], "30": [62, 116, 61], "32": [81], "31": [61, 34, 63], "26": [81], "27": [21, 22], "28": [32, 26, 63], "34": [63, 32, 26], "29": [61, 63, 34]}, "up": {"83": [8], "24": [9, 10, 55], "66": [8, 6, 65], "23": [9, 10], "60": [6, 65, 7], "114": [83, 8], "21": [7, 62, 116], "22": [81, 58, 7], "62": [58, 7, 65], "115": [66, 8, 6], "30": [55, 10, 9], "31": [79, 55], "27": [23, 24, 9], "29": [79, 55], "116": [62, 58, 7]}}}]}