{"scenes": [{"objects": [{"prefab_path": "1498649_store/Prefabs/_itog049", "unique_id": 0, "index": 55, "bbox": [1, 143, 316, 129], "position": [-4.227234840393066, 2.228811740875244, -7.292694091796875]}, {"prefab_path": "WomensCollection/Prefabs/Rearranged/sweater_folded_5", "unique_id": 1, "index": 67, "bbox": [707, 483, 20, 129], "position": [-4.479265213012695, 1.7501674890518188, -5.293250560760498]}, {"prefab_path": "MensCollection/Prefabs/Rearranged/shirt_3", "unique_id": 2, "index": 76, "bbox": [601, 522, 30, 181], "position": [-3.590489149093628, 1.72868013381958, -5.294228553771973]}, {"prefab_path": "WomensCollection/Prefabs/Rearranged/sweater_folded_1", "unique_id": 3, "index": 68, "bbox": [675, 492, 29, 148], "position": [-4.192704200744629, 1.7501674890518188, -5.293200492858887]}, {"prefab_path": "WomensCollection/Prefabs/Rearranged/shirt_5_03", "unique_id": 4, "index": 69, "bbox": [651, 508, 27, 149], "position": [-3.8818583488464355, 1.7286744117736816, -5.294240474700928]}, {"prefab_path": "WomensCollection/Prefabs/Rearranged/sweater_folded09", "unique_id": 5, "index": 70, "bbox": [484, 533, 78, 266], "position": [-3.287428855895996, 1.7506296634674072, -5.297238349914551]}, {"prefab_path": "WomensCollection/Prefabs/Rearranged/shirt_6_03", "unique_id": 6, "index": 61, "bbox": [836, 577, 25, 105], "position": [-4.482982158660889, 1.4318336248397827, -4.925236701965332]}, {"prefab_path": "MensCollection/Prefabs/Rearranged/long_coat_06", "unique_id": 7, "index": 77, "bbox": [1, 451, 378, 201], "position": [-3.480227470397949, 0.12998414039611816, -6.3133697509765625]}, {"prefab_path": "WomensCollection/Prefabs/Rearranged/sweater_folded12", "unique_id": 8, "index": 71, "bbox": [639, 614, 45, 166], "position": [-3.876527786254883, 1.4537888765335083, -5.291853904724121]}, {"prefab_path": "WomensCollection/Prefabs/Rearranged/sweater_folded_4", "unique_id": 9, "index": 72, "bbox": [680, 592, 39, 145], "position": [-4.1832685470581055, 1.45332670211792, -5.287816047668457]}, {"prefab_path": "MensCollection/Prefabs/Rearranged/sweater_folded47", "unique_id": 10, "index": 60, "bbox": [820, 594, 36, 123], "position": [-4.18902587890625, 1.45332670211792, -4.924302101135254]}, {"prefab_path": "MensCollection/Prefabs/Rearranged/shirt_12", "unique_id": 11, "index": 73, "bbox": [809, 624, 32, 136], "position": [-3.8768057823181152, 1.4352387189865112, -4.9246506690979]}, {"prefab_path": "1498649_store/Prefabs/_itog031", "unique_id": 12, "index": 78, "bbox": [1, 493, 328, 126], "position": [-4.065829277038574, 1.3028117418289185, -7.216203689575195]}, {"prefab_path": "WomensCollection/Prefabs/Rearranged/sweater_folded63", "unique_id": 13, "index": 74, "bbox": [569, 651, 76, 223], "position": [-3.5823488235473633, 1.4536418914794922, -5.290345191955566]}, {"prefab_path": "WomensCollection/Prefabs/Rearranged/sweater_folded_6", "unique_id": 14, "index": 59, "bbox": [762, 651, 73, 195], "position": [-3.5691473484039307, 1.45332670211792, -4.924302101135254]}, {"prefab_path": "WomensCollection/Prefabs/Rearranged/sweater_folded04", "unique_id": 15, "index": 48, "bbox": [969, 651, 49, 109], "position": [-4.468654155731201, 1.1731804609298706, -4.504074573516846]}, {"prefab_path": "WomensCollection/Prefabs/Rearranged/shirt_3_05", "unique_id": 16, "index": 52, "bbox": [981, 681, 41, 118], "position": [-4.175924301147461, 1.1849201917648315, -4.494473457336426]}, {"prefab_path": "MensCollection/Prefabs/Rearranged/shirt_10", "unique_id": 17, "index": 75, "bbox": [737, 710, 88, 223], "position": [-3.2776718139648438, 1.4318393468856812, -4.9252800941467285]}, {"prefab_path": "MensCollection/Prefabs/Rearranged/sweater_folded17", "unique_id": 18, "index": 51, "bbox": [986, 727, 60, 140], "position": [-3.8732590675354004, 1.1752426624298096, -4.500005722045898]}, {"prefab_path": "MensCollection/Prefabs/Rearranged/sweater_folded45", "unique_id": 19, "index": 63, "bbox": [811, 783, 72, 174], "position": [-3.590433120727539, 1.1752426624298096, -4.855212211608887]}, {"prefab_path": "MensCollection/Prefabs/Rearranged/shirt_14", "unique_id": 20, "index": 53, "bbox": [997, 787, 67, 160], "position": [-3.579094886779785, 1.1512309312820435, -4.501043796539307]}, {"prefab_path": "MensCollection/Prefabs/Rearranged/sweater_folded02", "unique_id": 21, "index": 62, "bbox": [795, 851, 64, 195], "position": [-3.2870891094207764, 1.1752426624298096, -4.855172157287598]}, {"prefab_path": "MensCollection/Prefabs/Rearranged/folded polo shirt00", "unique_id": 22, "index": 54, "bbox": [1009, 846, 69, 197], "position": [-3.259033203125, 1.1720218658447266, -4.394421577453613]}], "relationships": {"right": {"55": [68, 67, 69], "67": [48], "76": [59, 53, 54], "68": [52], "69": [51], "70": [54], "61": [48], "77": [53, 63, 62], "71": [73, 51, 52], "72": [60, 52, 51], "60": [52], "73": [51], "78": [51, 52, 73], "74": [59, 63, 53], "59": [53], "75": [54], "63": [53, 54], "62": [54]}, "down": {"55": [78, 77], "76": [74, 77], "68": [72, 77], "69": [71, 77], "70": [77], "59": [63], "75": [62]}, "left": {"67": [55, 78], "76": [78, 55], "68": [78, 55], "69": [78, 55], "70": [78, 55], "61": [78, 55], "71": [78, 55], "72": [78, 55], "60": [72, 78, 55], "73": [71, 78, 55], "74": [78, 55], "59": [74, 76, 78], "48": [61, 72, 78], "52": [78, 60, 72], "75": [78, 55], "51": [78, 73, 71], "63": [74, 78, 77], "53": [63, 59, 74], "62": [78, 77, 55], "54": [62, 75, 63]}, "up": {"77": [76, 70, 69], "71": [69], "72": [68], "78": [55], "74": [76], "63": [59], "62": [75]}}}]}