{"scenes": [{"objects": [{"prefab_path": "1498649_store/Prefabs/_itog038", "unique_id": 0, "index": 0, "bbox": [513, 173, 280, 161], "position": [3.631146192550659, 2.3943631649017334, 2.3130149841308594]}, {"prefab_path": "MensCollection/Prefabs/Rearranged/shirt_hung_up10", "unique_id": 1, "index": 33, "bbox": [701, 212, 246, 127], "position": [4.311895847320557, 2.4008827209472656, 2.3084213733673096]}, {"prefab_path": "clothing_store/models/prefab/T_shirt_8", "unique_id": 2, "index": 7, "bbox": [498, 432, 300, 171], "position": [3.5929112434387207, 1.1205511093139648, 2.313321352005005]}, {"prefab_path": "WomensCollection/Prefabs/Rearranged/blouse_2_29", "unique_id": 3, "index": 34, "bbox": [715, 458, 213, 96], "position": [4.292070388793945, 1.538620948791504, 2.3050241470336914]}, {"prefab_path": "MensCollection/Prefabs/Rearranged/folded polo shirt00", "unique_id": 4, "index": 35, "bbox": [777, 761, 54, 122], "position": [4.335522651672363, 0.8029537796974182, 1.8580684661865234]}, {"prefab_path": "MensCollection/Prefabs/Rearranged/sweater_folded21", "unique_id": 5, "index": 36, "bbox": [632, 805, 62, 126], "position": [3.7408299446105957, 0.8041285276412964, 1.976757287979126]}, {"prefab_path": "MensCollection/Prefabs/Rearranged/shirt_5", "unique_id": 6, "index": 37, "bbox": [716, 784, 51, 113], "position": [4.0377516746521, 0.7821628451347351, 1.96892511844635]}, {"prefab_path": "MensCollection/Prefabs/Rearranged/sweater_folded74", "unique_id": 7, "index": 38, "bbox": [804, 816, 67, 131], "position": [4.037914752960205, 0.8041285276412964, 1.4939486980438232]}, {"prefab_path": "WomensCollection/Prefabs/Rearranged/sweater_folded04", "unique_id": 8, "index": 39, "bbox": [872, 784, 71, 125], "position": [4.336999893188477, 0.8045907020568848, 1.4939998388290405]}, {"prefab_path": "MensCollection/Prefabs/Rearranged/shirt_1", "unique_id": 9, "index": 12, "bbox": [540, 840, 66, 131], "position": [3.4453139305114746, 0.7826411724090576, 1.9839997291564941]}, {"prefab_path": "MensCollection/Prefabs/Rearranged/shirt_8", "unique_id": 10, "index": 40, "bbox": [727, 851, 73, 138], "position": [3.749751329421997, 0.7826411724090576, 1.497925043106079]}, {"prefab_path": "MensCollection/Prefabs/Rearranged/folded polo shirt34", "unique_id": 11, "index": 11, "bbox": [413, 866, 97, 173], "position": [3.1463613510131836, 0.8034321069717407, 2.0826375484466553]}, {"prefab_path": "WomensCollection/Prefabs/Rearranged/sweater_folded12", "unique_id": 12, "index": 41, "bbox": [625, 879, 114, 164], "position": [3.4395663738250732, 0.8045907020568848, 1.4698898792266846]}, {"prefab_path": "MensCollection/Prefabs/Rearranged/folded polo shirt34", "unique_id": 11, "index": 13, "bbox": [276, 912, 91, 191], "position": [2.8517839908599854, 0.8034321069717407, 2.0709214210510254]}, {"prefab_path": "WomensCollection/Prefabs/Rearranged/sweater_folded06", "unique_id": 13, "index": 42, "bbox": [501, 920, 83, 181], "position": [3.1437363624572754, 0.8045907020568848, 1.4814918041229248]}, {"prefab_path": "WomensCollection/Prefabs/Rearranged/dress2_29", "unique_id": 14, "index": 43, "bbox": [808, 943, 60, 141], "position": [2.8580000400543213, 0.797295868396759, 0.35800448060035706]}], "relationships": {"down": {"0": [7, 12, 36], "33": [34, 37, 35], "34": [37, 35]}, "up": {"7": [0, 33], "34": [33], "35": [33, 34, 0], "36": [0, 33], "37": [33, 34, 0], "38": [33, 0], "39": [33, 0], "12": [0, 33], "40": [0, 33], "11": [0, 33], "41": [0, 33], "13": [0], "42": [0]}, "right": {"7": [39, 37, 38], "36": [38, 39], "37": [39, 35], "12": [40, 38, 39], "11": [40, 12, 41], "13": [41, 42, 40]}, "left": {"35": [37, 7], "37": [7], "38": [36, 12, 11], "39": [37, 36, 7], "12": [11], "40": [11, 12, 13], "41": [13, 11], "42": [13]}}}]}