{"scenes": [{"objects": [{"prefab_path": "1208725/Jacket_red", "unique_id": 0, "index": 63, "bbox": [690, 263, 211, 98], "position": [2.481750011444092, 3.4525322914123535, -1.389582872390747]}, {"prefab_path": "WomensCollection/Prefabs/Rearranged/blouse_2_1", "unique_id": 1, "index": 14, "bbox": [786, 249, 213, 75], "position": [3.7469289302825928, 2.368621349334717, -2.2128703594207764]}, {"prefab_path": "MensCollection/Prefabs/Rearranged/jacket_2_06", "unique_id": 2, "index": 15, "bbox": [1599, 219, 617, 285], "position": [5.317246437072754, -2.101559638977051, -3.9585683345794678]}, {"prefab_path": "WomensCollection/Prefabs/Rearranged/dress_6_04", "unique_id": 3, "index": 64, "bbox": [652, 490, 218, 46], "position": [4.977579593658447, 1.3339463472366333, -2.246000289916992]}, {"prefab_path": "WomensCollection/Prefabs/Rearranged/hanging_dress_1_12", "unique_id": 4, "index": 65, "bbox": [719, 492, 240, 55], "position": [4.347718238830566, 1.4919672012329102, -2.330535888671875]}, {"prefab_path": "WomensCollection/Prefabs/Rearranged/dress_4_16", "unique_id": 5, "index": 24, "bbox": [794, 487, 298, 74], "position": [3.738389492034912, 1.3620569705963135, -2.246058464050293]}, {"prefab_path": "WomensCollection/Prefabs/Rearranged/dress2_16", "unique_id": 6, "index": 67, "bbox": [1, 794, 209, 112], "position": [2.6459999084472656, 0.9482958316802979, -0.2228279709815979]}, {"prefab_path": "WomensCollection/Prefabs/Rearranged/hanging_dress_1_12", "unique_id": 4, "index": 68, "bbox": [240, 846, 157, 42], "position": [2.7051315307617188, 1.031967282295227, -0.34700363874435425]}], "relationships": {"down": {"63": [68, 67, 15], "14": [24, 65, 15], "64": [15], "65": [15], "24": [15]}, "up": {"15": [64, 65, 24], "65": [14], "24": [14], "67": [63], "68": [63]}}}]}