{"scenes": [{"objects": [{"prefab_path": "MensCollection/Prefabs/Rearranged/long_coat_12", "unique_id": 0, "index": 23, "bbox": [1182, 89, 295, 171], "position": [2.1343131065368652, 1.0252225399017334, 1.897538661956787]}, {"prefab_path": "MensCollection/Prefabs/Rearranged/jacket_4_09", "unique_id": 1, "index": 15, "bbox": [1550, 83, 293, 211], "position": [4.331303596496582, 2.367030143737793, 2.329209804534912]}, {"prefab_path": "1498649_store/Prefabs/_itog029", "unique_id": 2, "index": 61, "bbox": [261, 284, 198, 80], "position": [-1.1037654876708984, 1.8418116569519043, 2.2406933307647705]}, {"prefab_path": "WomensCollection/Prefabs/Rearranged/blouse_01_60", "unique_id": 3, "index": 57, "bbox": [361, 300, 174, 60], "position": [-0.596678614616394, 1.841448426246643, 2.243088722229004]}, {"prefab_path": "1498649_store/Prefabs/_itog045", "unique_id": 4, "index": 58, "bbox": [423, 283, 213, 52], "position": [-0.3296937048435211, 1.8418114185333252, 2.247234582901001]}, {"prefab_path": "1208725/Jacket_gray", "unique_id": 5, "index": 59, "bbox": [459, 283, 213, 46], "position": [-0.7326265573501587, 0.05311131477355957, 2.8517582416534424]}, {"prefab_path": "WomensCollection/Prefabs/Rearranged/leather_jacket_1_20", "unique_id": 6, "index": 60, "bbox": [535, 294, 186, 46], "position": [0.1513213962316513, 1.8607873916625977, 2.243088722229004]}, {"prefab_path": "WomensCollection/Prefabs/Rearranged/leather_jacket_1", "unique_id": 7, "index": 37, "bbox": [564, 294, 187, 72], "position": [0.27932143211364746, 1.8607878684997559, 2.245088577270508]}, {"prefab_path": "WomensCollection/Prefabs/Rearranged/leather_jacket_1_04", "unique_id": 8, "index": 38, "bbox": [597, 294, 188, 62], "position": [0.42432141304016113, 1.8607873916625977, 2.242088794708252]}, {"prefab_path": "WomensCollection/Prefabs/Rearranged/blouse_01_60", "unique_id": 3, "index": 39, "bbox": [628, 297, 183, 48], "position": [0.5783213973045349, 1.841448426246643, 2.244088649749756]}, {"prefab_path": "WomensCollection/Prefabs/Rearranged/leather_jacket_1_17", "unique_id": 9, "index": 24, "bbox": [1162, 383, 182, 143], "position": [2.9010000228881836, 1.5563387870788574, 2.312999963760376]}, {"prefab_path": "MensCollection/Prefabs/Rearranged/polo shirt 04", "unique_id": 10, "index": 19, "bbox": [1345, 359, 221, 164], "position": [3.5940001010894775, 1.544778823852539, 2.312999963760376]}, {"prefab_path": "MensCollection/Prefabs/Rearranged/jacket_2_06", "unique_id": 11, "index": 17, "bbox": [1536, 363, 243, 183], "position": [0.07466411590576172, -2.406008243560791, 4.05088996887207]}, {"prefab_path": "clothing_store/models/prefab/trousers_5", "unique_id": 12, "index": 72, "bbox": [1, 514, 199, 40], "position": [-2.897865056991577, 0.23014092445373535, 2.189257860183716]}, {"prefab_path": "clothing_store/models/prefab/trousers", "unique_id": 13, "index": 64, "bbox": [285, 521, 215, 87], "position": [-1.1222920417785645, 0.2301410436630249, 2.24706768989563]}, {"prefab_path": "clothing_store/models/prefab/trousers_3", "unique_id": 14, "index": 62, "bbox": [429, 528, 224, 97], "position": [-0.34700000286102295, 0.23014092445373535, 2.201373815536499]}, {"prefab_path": "1514019/Rearranged/Jeans_Blue_V2", "unique_id": 15, "index": 48, "bbox": [579, 535, 231, 91], "position": [0.3692910075187683, 1.0603033304214478, 2.194141387939453]}, {"prefab_path": "1514019/Rearranged/Jeans_Blue_V2", "unique_id": 15, "index": 46, "bbox": [753, 537, 234, 90], "position": [1.128291130065918, 1.0603034496307373, 2.251951217651367]}, {"prefab_path": "WomensCollection/Prefabs/Rearranged/sweater_folded06", "unique_id": 16, "index": 35, "bbox": [1184, 669, 52, 88], "position": [2.846571683883667, 0.8045907020568848, 1.9611036777496338]}, {"prefab_path": "1208725/Jacket_red", "unique_id": 17, "index": 49, "bbox": [37, 693, 57, 45], "position": [1.642374038696289, 1.8819808959960938, 1.6224184036254883]}, {"prefab_path": "WomensCollection/Prefabs/Rearranged/dress2_29", "unique_id": 18, "index": 31, "bbox": [1253, 687, 85, 139], "position": [2.875999927520752, 0.73829585313797, 0.5060044527053833]}, {"prefab_path": "MensCollection/Prefabs/Rearranged/shirt_1", "unique_id": 19, "index": 29, "bbox": [1266, 681, 38, 91], "position": [3.145132303237915, 0.7826411724090576, 1.975780725479126]}, {"prefab_path": "WomensCollection/Prefabs/Rearranged/dress_4_08", "unique_id": 20, "index": 32, "bbox": [1288, 674, 68, 125], "position": [2.861198902130127, 0.8288259506225586, 0.34671416878700256]}, {"prefab_path": "MensCollection/Prefabs/Rearranged/shirt_folded_1_14", "unique_id": 21, "index": 27, "bbox": [1348, 692, 24, 103], "position": [3.4453139305114746, 0.757389485836029, 1.9839997291564941]}, {"prefab_path": "MensCollection/Prefabs/Rearranged/sweater_folded74", "unique_id": 22, "index": 26, "bbox": [1431, 686, 44, 119], "position": [3.7408299446105957, 0.8041285276412964, 1.976757287979126]}, {"prefab_path": "WomensCollection/Prefabs/Rearranged/shirt_6_03", "unique_id": 23, "index": 25, "bbox": [1522, 690, 48, 126], "position": [4.037703037261963, 0.7821571230888367, 1.968921422958374]}, {"prefab_path": "WomensCollection/Prefabs/Rearranged/sweater_folded12", "unique_id": 24, "index": 20, "bbox": [1606, 690, 59, 152], "position": [4.336999893188477, 0.8041123747825623, 1.9679999351501465]}, {"prefab_path": "clothing_store/models/prefab/sneakers_5", "unique_id": 25, "index": 73, "bbox": [465, 772, 30, 26], "position": [-0.33875060081481934, 0.03797277808189392, 2.1859521865844727]}, {"prefab_path": "MensCollection/Prefabs/Rearranged/shirt_folded_1_15", "unique_id": 26, "index": 41, "bbox": [1221, 714, 78, 68], "position": [2.8451755046844482, 0.757389485836029, 1.4668148756027222]}, {"prefab_path": "MensCollection/Prefabs/Rearranged/folded polo shirt00", "unique_id": 27, "index": 28, "bbox": [1497, 737, 70, 156], "position": [3.7485222816467285, 0.8034321069717407, 1.3910683393478394]}, {"prefab_path": "WomensCollection/Prefabs/Rearranged/sweater_folded64", "unique_id": 28, "index": 22, "bbox": [1586, 741, 73, 187], "position": [4.037914752960205, 0.8044437170028687, 1.4964420795440674]}, {"prefab_path": "MensCollection/Prefabs/Rearranged/shirt_14", "unique_id": 29, "index": 21, "bbox": [1710, 752, 67, 174], "position": [4.336751461029053, 0.7826411724090576, 1.4909249544143677]}, {"prefab_path": "MensCollection/Prefabs/Rearranged/jacket_2_06", "unique_id": 11, "index": 50, "bbox": [1, 682, 321, 259], "position": [-4.14750337600708, -3.146559000015259, -1.2828181982040405]}, {"prefab_path": "1514019/Rearranged/Shoes_Preppy", "unique_id": 30, "index": 74, "bbox": [610, 784, 33, 82], "position": [-0.29187464714050293, 0.9293829202651978, 2.149195671081543]}, {"prefab_path": "WomensCollection/Prefabs/Rearranged/dress2_", "unique_id": 31, "index": 43, "bbox": [1098, 690, 313, 59], "position": [2.377000093460083, 0.851999044418335, 0.10299999266862869]}, {"prefab_path": "WomensCollection/Prefabs/Rearranged/dress_4_", "unique_id": 32, "index": 40, "bbox": [1171, 678, 325, 56], "position": [2.5152857303619385, 0.8938260078430176, 0.10619890689849854]}, {"prefab_path": "WomensCollection/Prefabs/Rearranged/dress_4_", "unique_id": 32, "index": 33, "bbox": [1306, 681, 322, 231], "position": [2.853199005126953, 0.8728259801864624, 0.19671417772769928]}, {"prefab_path": "WomensCollection/Prefabs/Rearranged/blouse_01_07", "unique_id": 33, "index": 75, "bbox": [1, 759, 244, 203], "position": [0.2332884818315506, 0.7964487671852112, 0.09451651573181152]}, {"prefab_path": "WomensCollection/Prefabs/Rearranged/dress_4_08", "unique_id": 20, "index": 47, "bbox": [1003, 721, 282, 37], "position": [2.229285717010498, 0.804826021194458, 0.10619890689849854]}, {"prefab_path": "WomensCollection/Prefabs/Rearranged/hanging_dress_1_20", "unique_id": 34, "index": 42, "bbox": [1188, 758, 245, 407], "position": [2.664604663848877, 1.1339671611785889, -0.13949349522590637]}, {"prefab_path": "WomensCollection/Prefabs/Rearranged/hanging_dress_1", "unique_id": 35, "index": 44, "bbox": [1630, 890, 113, 124], "position": [2.9984641075134277, 0.9539666771888733, -0.12423799932003021]}, {"prefab_path": "WomensCollection/Prefabs/Rearranged/dress_4_11", "unique_id": 36, "index": 45, "bbox": [1482, 939, 64, 64], "position": [2.6899993419647217, 0.8820168972015381, -0.4295240044593811]}], "relationships": {"right": {"23": [35, 29, 26], "61": [57, 58, 60], "57": [58, 60, 37], "58": [60, 37, 38], "59": [35, 29, 27], "60": [37, 38, 39], "37": [38, 39, 24], "38": [39, 24, 19], "39": [24, 19, 15], "24": [19, 15, 20], "72": [64, 59, 62], "64": [62, 73, 48], "62": [46, 35, 29], "48": [46, 24, 23], "46": [23, 24, 19], "35": [29, 27, 26], "49": [19, 15, 24], "31": [28, 21, 22], "29": [27, 26, 25], "32": [21, 22], "27": [26, 25, 20], "26": [25, 20], "25": [20], "73": [46, 35, 29], "41": [22, 21, 28], "28": [21, 22, 20], "22": [21], "50": [31, 47, 32], "74": [48, 46, 23], "43": [33, 40, 32], "40": [33, 32, 44], "33": [21], "75": [31, 32, 47], "47": [43, 33, 40], "42": [44, 21], "45": [44]}, "left": {"23": [46, 48, 74], "15": [49, 39, 38], "57": [61, 72], "58": [57, 61, 72], "59": [72], "60": [58, 57, 61], "37": [60, 58, 57], "38": [37, 60, 58], "39": [38, 37, 60], "24": [39, 38, 37], "19": [24, 39, 49], "64": [72], "62": [64, 72], "48": [74, 61, 64], "46": [48, 74, 58], "35": [23, 46, 48], "49": [38, 37, 60], "31": [75, 47, 43], "29": [35, 23, 46], "32": [47, 75, 43], "27": [29, 35, 23], "26": [27, 29, 35], "25": [26, 27, 29], "20": [25, 26, 27], "73": [64, 72], "41": [75, 46, 48], "28": [41, 75, 31], "22": [28, 41, 35], "21": [28, 22, 41], "74": [72], "43": [47, 75, 72], "40": [43, 47, 75], "33": [43, 40, 47], "47": [75, 72, 50], "42": [75, 72, 50], "44": [42, 45, 40], "45": [75, 72, 50]}, "down": {"15": [20, 25, 21], "61": [64, 62, 73], "57": [74, 62, 73], "58": [74, 62, 73], "74": [62, 73], "60": [48, 74, 62], "37": [48, 74, 62], "38": [48, 62, 73], "39": [48, 46, 73], "24": [35, 29, 27], "19": [26, 27, 25], "62": [73]}, "up": {"74": [58, 57, 60], "59": [57, 61, 58], "17": [60, 58, 37], "64": [61, 57, 58], "62": [74, 58, 57], "48": [37, 38, 60], "46": [39], "35": [24], "29": [24, 19], "27": [19, 24, 15], "26": [19, 15], "25": [15, 19], "20": [15], "73": [62, 74, 58], "28": [15], "22": [15], "21": [15]}}}]}