{"scenes": [{"objects": [{"prefab_path": "WomensCollection/Prefabs/Rearranged/blouse_01_07", "unique_id": 0, "index": 68, "bbox": [1, 179, 264, 262], "position": [-2.371088743209839, 2.2284488677978516, -7.2926788330078125]}, {"prefab_path": "1498649_store/Prefabs/_itog015", "unique_id": 1, "index": 2, "bbox": [384, 217, 243, 149], "position": [-3.257234573364258, 2.228811740875244, -7.292694091796875]}, {"prefab_path": "MensCollection/Prefabs/Rearranged/long_coat_10", "unique_id": 2, "index": 69, "bbox": [618, 243, 223, 101], "position": [-4.2294535636901855, 2.2692489624023438, -7.309826850891113]}, {"prefab_path": "WomensCollection/Prefabs/Rearranged/shirt_3_05", "unique_id": 3, "index": 74, "bbox": [968, 484, 22, 112], "position": [-3.8818583488464355, 1.7286744117736816, -5.294240474700928]}, {"prefab_path": "WomensCollection/Prefabs/Rearranged/sweater_folded04", "unique_id": 4, "index": 75, "bbox": [1032, 468, 28, 105], "position": [-4.479784965515137, 1.7506296634674072, -5.297269344329834]}, {"prefab_path": "WomensCollection/Prefabs/Rearranged/sweater_folded63", "unique_id": 5, "index": 76, "bbox": [995, 475, 25, 122], "position": [-4.1928606033325195, 1.7504826784133911, -5.295689105987549]}, {"prefab_path": "1498649_store/Prefabs/_itog011", "unique_id": 6, "index": 71, "bbox": [655, 426, 238, 75], "position": [-4.262937068939209, 1.2034454345703125, -7.215973854064941]}, {"prefab_path": "1498649_store/Prefabs/_itog049", "unique_id": 7, "index": 77, "bbox": [718, 461, 177, 48], "position": [-4.474829196929932, 1.2615318298339844, -7.216203689575195]}, {"prefab_path": "WomensCollection/Prefabs/Rearranged/sweater_folded58", "unique_id": 8, "index": 78, "bbox": [834, 496, 40, 175], "position": [-3.287245750427246, 1.7504826784133911, -5.295689105987549]}, {"prefab_path": "WomensCollection/Prefabs/Rearranged/shirt_2_05", "unique_id": 9, "index": 79, "bbox": [925, 490, 24, 121], "position": [-3.5904409885406494, 1.7286744117736816, -5.294235706329346]}, {"prefab_path": "MensCollection/Prefabs/Rearranged/long_coat_12", "unique_id": 10, "index": 70, "bbox": [580, 438, 245, 91], "position": [-3.4703526496887207, -0.0663290023803711, -8.038036346435547]}, {"prefab_path": "1498649_store/Prefabs/_itog039", "unique_id": 11, "index": 80, "bbox": [648, 457, 195, 56], "position": [-4.065829277038574, 1.3028117418289185, -7.216203689575195]}, {"prefab_path": "WomensCollection/Prefabs/Rearranged/sweater_folded04", "unique_id": 4, "index": 81, "bbox": [957, 563, 39, 125], "position": [-3.876527786254883, 1.4537888765335083, -5.291853904724121]}, {"prefab_path": "MensCollection/Prefabs/Rearranged/sweater_folded33", "unique_id": 12, "index": 82, "bbox": [1007, 555, 27, 103], "position": [-4.1832685470581055, 1.4558510780334473, -5.287816047668457]}, {"prefab_path": "MensCollection/Prefabs/Rearranged/folded polo shirt13", "unique_id": 13, "index": 5, "bbox": [1099, 564, 33, 124], "position": [-4.176286220550537, 1.4526302814483643, -4.8191819190979]}, {"prefab_path": "MensCollection/Prefabs/Rearranged/shirt_folded_1_03", "unique_id": 14, "index": 6, "bbox": [1129, 544, 47, 103], "position": [-4.483030796051025, 1.4065876007080078, -4.92523717880249]}, {"prefab_path": "MensCollection/Prefabs/Rearranged/shirt_11", "unique_id": 15, "index": 83, "bbox": [911, 587, 41, 120], "position": [-3.582023859024048, 1.4318393468856812, -5.288854122161865]}, {"prefab_path": "MensCollection/Prefabs/Rearranged/shirt_folded_1_03", "unique_id": 14, "index": 84, "bbox": [1026, 589, 62, 145], "position": [-3.569089889526367, 1.4065876007080078, -4.925290107727051]}, {"prefab_path": "MensCollection/Prefabs/Rearranged/folded polo shirt22", "unique_id": 16, "index": 7, "bbox": [1073, 580, 49, 128], "position": [-3.8689069747924805, 1.4526302814483643, -4.818668365478516]}, {"prefab_path": "WomensCollection/Prefabs/Rearranged/shirt_4_05", "unique_id": 17, "index": 10, "bbox": [1156, 628, 36, 92], "position": [-4.479158878326416, 1.151225209236145, -4.856212139129639]}, {"prefab_path": "WomensCollection/Prefabs/Rearranged/sweater_folded_4", "unique_id": 18, "index": 85, "bbox": [959, 616, 75, 193], "position": [-3.277615785598755, 1.45332670211792, -4.924292087554932]}, {"prefab_path": "MensCollection/Prefabs/Rearranged/shirt_11", "unique_id": 15, "index": 11, "bbox": [1124, 650, 40, 112], "position": [-4.192602634429932, 1.1512309312820435, -4.856156826019287]}, {"prefab_path": "MensCollection/Prefabs/Rearranged/shirt_13", "unique_id": 19, "index": 86, "bbox": [1098, 674, 44, 121], "position": [-3.8819069862365723, 1.1512309312820435, -4.856210231781006]}, {"prefab_path": "MensCollection/Prefabs/Rearranged/shirt_folded_1_09", "unique_id": 20, "index": 12, "bbox": [1237, 644, 71, 123], "position": [-4.175972938537598, 1.1596741676330566, -4.494472980499268]}, {"prefab_path": "WomensCollection/Prefabs/Rearranged/sweater_folded04", "unique_id": 4, "index": 87, "bbox": [1259, 634, 48, 106], "position": [-4.468654155731201, 1.1731804609298706, -4.504074573516846]}, {"prefab_path": "WomensCollection/Prefabs/Rearranged/sweater_folded58", "unique_id": 8, "index": 88, "bbox": [1039, 691, 72, 168], "position": [-3.5909829139709473, 1.1730334758758545, -4.857644081115723]}, {"prefab_path": "WomensCollection/Prefabs/Rearranged/shirt_6_03", "unique_id": 21, "index": 13, "bbox": [1213, 693, 59, 137], "position": [-3.8731088638305664, 1.151225209236145, -4.50098991394043]}, {"prefab_path": "WomensCollection/Prefabs/Rearranged/sweater_folded12", "unique_id": 22, "index": 89, "bbox": [995, 724, 105, 176], "position": [-3.287428855895996, 1.1731804609298706, -4.859210014343262]}, {"prefab_path": "WomensCollection/Prefabs/Rearranged/shirt_5_03", "unique_id": 23, "index": 17, "bbox": [1189, 727, 68, 157], "position": [-3.5790462493896484, 1.151225209236145, -4.5010457038879395]}, {"prefab_path": "WomensCollection/Prefabs/Rearranged/sweater_folded74", "unique_id": 24, "index": 16, "bbox": [1139, 760, 125, 207], "position": [-3.2672274112701416, 1.1730334758758545, -4.5024943351745605]}], "relationships": {"right": {"68": [79, 78, 74], "2": [75, 76, 74], "69": [75, 76, 6], "74": [5, 87, 12], "76": [87], "71": [75, 6, 10], "77": [75, 6, 10], "78": [7, 13, 5], "79": [7, 5, 12], "70": [10, 87, 11], "80": [75, 6, 10], "81": [5, 7, 87], "82": [6, 5, 10], "5": [87], "83": [7, 84, 5], "84": [13, 12], "7": [12], "10": [87], "85": [17, 13], "11": [87, 12], "86": [12, 13, 87], "88": [13, 17, 12], "89": [17, 16, 13]}, "down": {"68": [70], "2": [70], "69": [71, 80, 77], "74": [81, 86], "75": [10], "76": [82, 11], "78": [89], "79": [83, 88], "80": [70], "5": [11], "6": [10], "84": [88], "7": [86], "85": [89]}, "left": {"74": [68, 2], "75": [2, 80, 69], "76": [2, 68, 80], "78": [68, 2], "79": [68, 2], "81": [68, 2, 80], "82": [2, 80, 68], "5": [81, 82, 74], "6": [82, 81, 80], "83": [68, 2], "84": [83, 68, 2], "7": [83, 81, 79], "10": [82, 81, 80], "85": [68, 2], "11": [81, 83, 80], "86": [83, 68, 2], "12": [86, 11, 83], "87": [11, 10, 5], "88": [68, 2, 70], "13": [88, 86, 84], "89": [68, 2], "17": [89, 88, 85], "16": [89, 68, 2]}, "up": {"71": [69], "77": [69], "70": [2, 80, 69], "80": [69], "81": [74], "82": [76], "83": [79], "10": [6, 75], "11": [5, 76], "86": [7, 74], "88": [84, 79], "89": [85, 78]}}}]}