{"scenes": [{"objects": [{"prefab_path": "MensCollection/Prefabs/Rearranged/long_coat_12", "unique_id": 0, "index": 38, "bbox": [715, 123, 548, 330], "position": [-0.299402117729187, 0.4726707935333252, -1.8202168941497803]}, {"prefab_path": "WomensCollection/Prefabs/Rearranged/blouse_01_62", "unique_id": 1, "index": 9, "bbox": [147, 180, 518, 172], "position": [-0.1506785899400711, 1.8414487838745117, -2.2229113578796387]}, {"prefab_path": "WomensCollection/Prefabs/Rearranged/blouse_01_07", "unique_id": 2, "index": 37, "bbox": [275, 183, 508, 170], "position": [-0.29867857694625854, 1.8414487838745117, -2.2169113159179688]}, {"prefab_path": "1498649_store/Prefabs/_itog028", "unique_id": 3, "index": 22, "bbox": [1628, 167, 488, 170], "position": [-2.8984646797180176, 1.7424452304840088, -2.219802141189575]}, {"prefab_path": "clothing_store/models/prefab/trousers_4", "unique_id": 4, "index": 33, "bbox": [1583, 662, 341, 139], "position": [-2.897865056991577, 0.23014092445373535, -2.2330000400543213]}, {"prefab_path": "1514019/Rearranged/Jeans_Blue_V2", "unique_id": 5, "index": 39, "bbox": [324, 763, 240, 254], "position": [-0.3472910523414612, 1.0603033304214478, -2.2258834838867188]}, {"prefab_path": "1514019/Rearranged/Jeans_Blue_V4", "unique_id": 6, "index": 40, "bbox": [793, 739, 264, 199], "position": [-1.122583031654358, 0.24453043937683105, -2.1808831691741943]}], "relationships": {"up": {"38": [37, 9, 39], "33": [22], "39": [37, 9], "40": [37, 9]}, "right": {"38": [33, 22], "9": [37, 22, 33], "37": [22, 33], "39": [22, 33], "40": [33]}, "down": {"9": [39, 38, 40], "37": [39, 38, 40], "22": [33], "39": [38]}, "left": {"37": [9], "22": [37, 9, 39], "33": [40, 38, 39]}}}]}