{"scenes": [{"objects": [{"prefab_path": "1498649_store/Prefabs/_itog028", "unique_id": 0, "index": 9, "bbox": [1068, 41, 450, 177], "position": [-1.6200318336486816, 2.336531400680542, -2.7908644676208496]}, {"prefab_path": "MensCollection/Prefabs/Rearranged/long_coat_06", "unique_id": 1, "index": 1, "bbox": [1237, 1, 508, 326], "position": [-0.0960777997970581, 1.2047967910766602, -3.6840240955352783]}, {"prefab_path": "MensCollection/Prefabs/Rearranged/long_coat_10 1", "unique_id": 2, "index": 2, "bbox": [1582, 1, 530, 302], "position": [1.7248777151107788, 1.8536772727966309, -3.607541799545288]}, {"prefab_path": "1498649_store/Prefabs/_itog034", "unique_id": 3, "index": 10, "bbox": [1, 211, 673, 368], "position": [-0.8858019113540649, 1.5194456577301025, -4.742535591125488]}, {"prefab_path": "MensCollection/Prefabs/Rearranged/jacket_2_06", "unique_id": 4, "index": 8, "bbox": [897, 471, 321, 146], "position": [-6.45648193359375, -2.534677267074585, -1.160548210144043]}, {"prefab_path": "MensCollection/Prefabs/Rearranged/jacket_4_09", "unique_id": 5, "index": 6, "bbox": [1237, 474, 441, 343], "position": [-0.9797554016113281, 1.3813602924346924, -2.882228374481201]}, {"prefab_path": "WomensCollection/Prefabs/Rearranged/blouse_01_21", "unique_id": 6, "index": 7, "bbox": [1599, 582, 333, 285], "position": [-0.3940984010696411, 1.410264015197754, -2.8983631134033203]}], "relationships": {"down": {"9": [6]}, "left": {"1": [10], "2": [10], "7": [10]}, "right": {"10": [1, 7, 2]}, "up": {"6": [9]}}}]}