{"scenes": [{"objects": [{"prefab_path": "1498649_store/Prefabs/_itog018", "unique_id": 0, "index": 0, "bbox": [984, 257, 181, 86], "position": [2.956145763397217, 2.3943631649017334, 2.2980151176452637]}, {"prefab_path": "WomensCollection/Prefabs/Rearranged/blouse_01_16", "unique_id": 1, "index": 1, "bbox": [1084, 288, 136, 75], "position": [3.63200044631958, 2.3940000534057617, 2.312999963760376]}, {"prefab_path": "WomensCollection/Prefabs/Rearranged/blouse_01_62", "unique_id": 2, "index": 2, "bbox": [1172, 300, 126, 65], "position": [4.313000202178955, 2.3940000534057617, 2.312999963760376]}, {"prefab_path": "1498649_store/Prefabs/_itog049", "unique_id": 3, "index": 3, "bbox": [1, 310, 347, 50], "position": [-0.596693754196167, 1.8418116569519043, 2.242234468460083]}, {"prefab_path": "MensCollection/Prefabs/Rearranged/jacket_2_03", "unique_id": 4, "index": 4, "bbox": [41, 297, 350, 72], "position": [-1.8927173614501953, -1.3044729232788086, 0.14418506622314453]}, {"prefab_path": "MensCollection/Prefabs/Rearranged/jacket_4_09", "unique_id": 5, "index": 5, "bbox": [101, 297, 371, 92], "position": [-0.3458884060382843, 1.8144785165786743, 2.2663919925689697]}, {"prefab_path": "WomensCollection/Prefabs/Rearranged/blouse_2_07 1", "unique_id": 6, "index": 6, "bbox": [186, 337, 278, 61], "position": [-0.1877027153968811, 1.8430700302124023, 2.245159387588501]}, {"prefab_path": "WomensCollection/Prefabs/Rearranged/blouse_2_15", "unique_id": 7, "index": 7, "bbox": [338, 345, 258, 41], "position": [0.15929727256298065, 1.8430695533752441, 2.244159698486328]}, {"prefab_path": "WomensCollection/Prefabs/Rearranged/leather_jacket_1_17", "unique_id": 8, "index": 8, "bbox": [383, 351, 244, 44], "position": [0.27932143211364746, 1.860787272453308, 2.245088577270508]}, {"prefab_path": "1498649_store/Prefabs/_itog022", "unique_id": 9, "index": 9, "bbox": [484, 339, 269, 44], "position": [0.578306257724762, 1.8418116569519043, 2.243234395980835]}, {"prefab_path": "MensCollection/Prefabs/Rearranged/long_coat_10 1", "unique_id": 10, "index": 10, "bbox": [577, 330, 265, 156], "position": [-1.0806877613067627, 1.4082798957824707, 2.825791835784912]}, {"prefab_path": "1498649_store/Prefabs/_itog056", "unique_id": 11, "index": 11, "bbox": [972, 431, 182, 86], "position": [2.9001457691192627, 1.5373629331588745, 2.3130149841308594]}, {"prefab_path": "WomensCollection/Prefabs/Rearranged/tank_top_1_37", "unique_id": 12, "index": 12, "bbox": [1086, 444, 140, 60], "position": [3.595071315765381, 1.528127670288086, 2.308269739151001]}, {"prefab_path": "clothing_store/models/prefab/T_shirt_4", "unique_id": 13, "index": 13, "bbox": [1164, 428, 160, 70], "position": [4.289911270141602, 1.1205511093139648, 2.313321352005005]}, {"prefab_path": "WomensCollection/Prefabs/Rearranged/dress_4_", "unique_id": 14, "index": 14, "bbox": [1366, 613, 51, 61], "position": [2.861198902130127, 0.8288259506225586, 0.34671416878700256]}, {"prefab_path": "MensCollection/Prefabs/Rearranged/sweater_folded17", "unique_id": 15, "index": 15, "bbox": [1013, 680, 30, 84], "position": [2.846794843673706, 0.8066529035568237, 1.9651496410369873]}, {"prefab_path": "MensCollection/Prefabs/Rearranged/shirt_folded_1_06", "unique_id": 16, "index": 16, "bbox": [1072, 676, 18, 66], "position": [3.145132303237915, 0.757389485836029, 1.975780725479126]}, {"prefab_path": "MensCollection/Prefabs/Rearranged/sweater_folded38", "unique_id": 17, "index": 17, "bbox": [1101, 663, 26, 80], "position": [3.445150852203369, 0.8041285276412964, 1.984976053237915]}, {"prefab_path": "MensCollection/Prefabs/Rearranged/sweater_folded29", "unique_id": 18, "index": 18, "bbox": [1143, 655, 24, 77], "position": [3.7408299446105957, 0.8041285276412964, 1.976757287979126]}, {"prefab_path": "MensCollection/Prefabs/Rearranged/shirt_2", "unique_id": 19, "index": 19, "bbox": [1184, 649, 23, 72], "position": [4.0377516746521, 0.7821628451347351, 1.96892511844635]}, {"prefab_path": "WomensCollection/Prefabs/Rearranged/sweater_folded_5", "unique_id": 20, "index": 20, "bbox": [1212, 639, 27, 83], "position": [4.336914539337158, 0.8036502003669739, 1.9639487266540527]}, {"prefab_path": "MensCollection/Prefabs/Rearranged/shirt_folded_1_14", "unique_id": 21, "index": 21, "bbox": [1256, 660, 41, 67], "position": [4.0377516746521, 0.757389485836029, 1.4949250221252441]}, {"prefab_path": "MensCollection/Prefabs/Rearranged/shirt_9", "unique_id": 22, "index": 22, "bbox": [1220, 675, 28, 83], "position": [3.749751329421997, 0.7826411724090576, 1.497925043106079]}, {"prefab_path": "WomensCollection/Prefabs/Rearranged/dress_6_", "unique_id": 23, "index": 23, "bbox": [1312, 639, 67, 55], "position": [2.8735804557800293, 0.7659463882446289, 0.5059998035430908]}, {"prefab_path": "MensCollection/Prefabs/Rearranged/shirt_folded_1_09", "unique_id": 24, "index": 24, "bbox": [1292, 652, 27, 53], "position": [4.336751461029053, 0.757389485836029, 1.4909249544143677]}, {"prefab_path": "WomensCollection/Prefabs/Rearranged/hanging_dress_1", "unique_id": 25, "index": 25, "bbox": [1363, 639, 87, 117], "position": [2.588535785675049, 1.047966718673706, 0.10123802721500397]}, {"prefab_path": "MensCollection/Prefabs/Rearranged/shirt_8", "unique_id": 26, "index": 26, "bbox": [1087, 707, 36, 94], "position": [2.8451755046844482, 0.7826411724090576, 1.4668148756027222]}, {"prefab_path": "WomensCollection/Prefabs/Rearranged/sweater_folded64", "unique_id": 27, "index": 27, "bbox": [1126, 691, 40, 105], "position": [3.1435978412628174, 0.8044437170028687, 1.4799377918243408]}, {"prefab_path": "MensCollection/Prefabs/Rearranged/sweater_folded20", "unique_id": 28, "index": 28, "bbox": [1180, 684, 32, 89], "position": [3.439480781555176, 0.8066529035568237, 1.4658386707305908]}, {"prefab_path": "1514019/Rearranged/Jeans_Grey", "unique_id": 29, "index": 29, "bbox": [619, 636, 258, 103], "position": [1.128291130065918, 0.27026891708374023, 2.251950979232788]}, {"prefab_path": "WomensCollection/Prefabs/Rearranged/hanging_dress_1_20", "unique_id": 30, "index": 30, "bbox": [1407, 626, 330, 76], "position": [2.848237991333008, 1.0269670486450195, 0.12346428632736206]}, {"prefab_path": "WomensCollection/Prefabs/Rearranged/dress2_", "unique_id": 31, "index": 31, "bbox": [1517, 591, 412, 123], "position": [2.6459999084472656, 0.9829990863800049, -0.22300000488758087]}, {"prefab_path": "clothing_store/models/prefab/trousers_3", "unique_id": 32, "index": 32, "bbox": [358, 653, 332, 186], "position": [0.3689999580383301, 0.23014092445373535, 2.189257860183716]}, {"prefab_path": "WomensCollection/Prefabs/Rearranged/dress_6_04", "unique_id": 33, "index": 33, "bbox": [1303, 689, 314, 109], "position": [2.2180001735687256, 0.8009464740753174, 0.10057958215475082]}, {"prefab_path": "WomensCollection/Prefabs/Rearranged/dress2_", "unique_id": 31, "index": 34, "bbox": [1313, 633, 370, 176], "position": [2.377000093460083, 0.851999044418335, 0.10299999266862869]}, {"prefab_path": "WomensCollection/Prefabs/Rearranged/dress_4_16", "unique_id": 34, "index": 35, "bbox": [1512, 688, 315, 189], "position": [3.0829415321350098, 0.8240569829940796, -0.12638947367668152]}, {"prefab_path": "WomensCollection/Prefabs/Rearranged/hanging_dress_1", "unique_id": 25, "index": 36, "bbox": [1630, 679, 324, 120], "position": [2.7056045532226562, 1.0319666862487793, -0.3464934825897217]}, {"prefab_path": "1514019/Rearranged/Jeans_Grey", "unique_id": 29, "index": 37, "bbox": [71, 700, 303, 182], "position": [-0.34670883417129517, 0.27026891708374023, 2.2062571048736572]}, {"prefab_path": "MensCollection/Prefabs/Rearranged/jacket_1", "unique_id": 35, "index": 38, "bbox": [445, 950, 53, 41], "position": [-0.23904478549957275, -2.089653491973877, 1.2402650117874146]}], "relationships": {"right": {"0": [1, 2], "1": [2], "3": [6, 7, 8], "5": [6, 7, 8], "6": [7, 8, 9], "7": [8, 9, 30], "8": [9, 30, 25], "9": [30, 25, 14], "10": [30, 5, 25], "11": [12, 22, 21], "14": [35], "15": [28, 22, 27], "16": [22, 21, 17], "17": [21, 24, 18], "18": [24, 19, 21], "19": [20, 24], "21": [24], "22": [21, 24], "25": [35], "26": [27, 28, 22], "27": [28, 22, 21], "28": [24], "29": [26, 23, 27], "30": [35], "31": [36], "32": [23, 14, 35], "33": [31, 36, 35], "34": [31, 35, 36], "37": [32, 35, 14]}, "left": {"0": [8, 7, 6], "1": [0, 9, 8], "2": [1, 0, 9], "3": [10], "5": [10], "6": [5, 3, 10], "7": [6, 5, 3], "8": [7, 6, 5], "9": [8, 7, 6], "11": [9, 8, 7], "12": [11, 9, 8], "13": [9, 8, 7], "14": [10, 37, 32], "15": [29, 32, 9], "16": [29, 32, 9], "17": [16, 15, 29], "18": [17, 16, 15], "19": [18, 17, 16], "20": [19, 18, 17], "21": [17, 16, 22], "22": [16, 15, 17], "23": [32, 37, 29], "24": [18, 17, 21], "25": [10, 5, 37], "26": [29, 32, 9], "27": [26, 15, 29], "28": [15, 27, 16], "29": [37, 10], "30": [10, 37, 5], "31": [34, 33, 10], "32": [37], "33": [37, 10, 32], "34": [37, 10, 32], "35": [34, 30, 25], "36": [31, 33, 34]}, "down": {"0": [11, 15, 16], "1": [12, 17, 18], "2": [13, 20, 19], "3": [37, 38, 32], "32": [38], "5": [37, 32, 38], "6": [37, 32, 38], "7": [32, 37, 38], "8": [32, 37, 38], "9": [32, 29, 37], "10": [38], "11": [15, 16], "12": [17, 18, 16], "37": [38], "29": [38]}, "up": {"4": [3, 5, 6], "11": [0], "12": [1], "13": [2, 1], "15": [0, 11, 1], "16": [0, 11, 1], "17": [1, 12, 0], "18": [1, 12, 2], "19": [2, 1, 12], "20": [2, 1], "21": [2, 1], "22": [1, 2, 0], "24": [2, 1], "26": [0, 1], "27": [0, 1], "28": [1, 0, 2], "29": [9, 8, 7], "32": [9, 8, 7], "37": [5, 6, 3], "38": [6, 7, 5]}}}]}