{"scenes": [{"objects": [{"prefab_path": "1498649_store/Prefabs/_itog017", "unique_id": 0, "index": 43, "bbox": [1443, 224, 94, 93], "position": [6.3919997215271, 2.33589768409729, -1.6764638423919678]}, {"prefab_path": "MensCollection/Prefabs/Rearranged/jacket_1", "unique_id": 1, "index": 45, "bbox": [1818, 204, 189, 66], "position": [7.520253658294678, -0.6008701324462891, -3.356818675994873]}, {"prefab_path": "1514019/Rearranged/Sport_Jacket", "unique_id": 2, "index": 62, "bbox": [966, 283, 110, 88], "position": [3.844860076904297, 1.777904987335205, -0.23726126551628113]}, {"prefab_path": "MensCollection/Prefabs/Rearranged/shirt with vest 3", "unique_id": 3, "index": 63, "bbox": [1067, 283, 62, 61], "position": [4.470094680786133, 2.138695001602173, -0.2372787445783615]}, {"prefab_path": "1514019/Rearranged/TShirt_Black", "unique_id": 4, "index": 64, "bbox": [1149, 296, 86, 55], "position": [5.190942287445068, 1.821136713027954, -0.22138816118240356]}, {"prefab_path": "1514019/Rearranged/Sport_Jacket", "unique_id": 2, "index": 65, "bbox": [1013, 303, 119, 110], "position": [3.91986083984375, 1.6149048805236816, -0.7172613143920898]}, {"prefab_path": "1514019/Rearranged/Jean_Jacket", "unique_id": 5, "index": 66, "bbox": [1104, 308, 111, 95], "position": [4.541862487792969, 1.6269629001617432, -0.7172613739967346]}, {"prefab_path": "MensCollection/Prefabs/Rearranged/polo shirt display 02", "unique_id": 6, "index": 67, "bbox": [1196, 301, 123, 76], "position": [5.26869535446167, 2.0630578994750977, -0.7020105123519897]}, {"prefab_path": "WomensCollection/Prefabs/Rearranged/dress_6_05", "unique_id": 7, "index": 34, "bbox": [1308, 23, 886, 518], "position": [1.6171839237213135, 1.5793242454528809, -4.615816116333008]}, {"prefab_path": "WomensCollection/Prefabs/Rearranged/blouse_01_62", "unique_id": 8, "index": 53, "bbox": [1813, 449, 131, 71], "position": [6.281636714935303, 1.310263991355896, -3.5239017009735107]}, {"prefab_path": "WomensCollection/Prefabs/Rearranged/dress_6_08", "unique_id": 9, "index": 39, "bbox": [1113, 208, 707, 309], "position": [1.6351853609085083, 1.52032470703125, -4.467816352844238]}, {"prefab_path": "WomensCollection/Prefabs/Rearranged/blouse_01_60", "unique_id": 10, "index": 58, "bbox": [1, 416, 391, 263], "position": [0.24349229037761688, 1.4666037559509277, -2.787947177886963]}], "relationships": {"down": {"43": [45]}, "left": {"43": [67, 63, 62], "45": [65, 66, 62], "64": [63, 62], "66": [62, 65], "67": [63, 62, 65], "34": [58], "53": [65, 66, 58], "39": [58]}, "up": {"45": [43]}, "right": {"62": [66, 67, 64], "63": [67, 64, 43], "64": [43], "65": [66, 67, 43], "66": [43, 53, 45], "67": [43], "39": [53], "58": [39, 34, 53]}}}]}