{"scenes": [{"objects": [{"prefab_path": "WomensCollection/Prefabs/Rearranged/dress_4_04", "unique_id": 0, "index": 30, "bbox": [1239, 29, 111, 234], "position": [1.4078302383422852, 1.7342042922973633, -5.184882164001465]}, {"prefab_path": "870230/hoodie04", "unique_id": 1, "index": 21, "bbox": [821, 141, 192, 140], "position": [2.5513617992401123, 2.556037425994873, -7.290022373199463]}, {"prefab_path": "MensCollection/Prefabs/Rearranged/shirt_hung_up30", "unique_id": 2, "index": 19, "bbox": [371, 160, 204, 106], "position": [4.857015609741211, 2.327331066131592, -7.29610013961792]}, {"prefab_path": "WomensCollection/Prefabs/Rearranged/dress_shirt_on_hanger12", "unique_id": 3, "index": 20, "bbox": [724, 167, 181, 116], "position": [3.050044298171997, 2.2903449535369873, -7.2900710105896]}, {"prefab_path": "WomensCollection/Prefabs/Rearranged/dress2_29", "unique_id": 4, "index": 31, "bbox": [868, 17, 506, 600], "position": [1.6116042137145996, 1.5956741571426392, -4.765812397003174]}, {"prefab_path": "WomensCollection/Prefabs/Rearranged/tank_top_1_37", "unique_id": 5, "index": 32, "bbox": [1447, 145, 228, 116], "position": [0.37084004282951355, 2.219576358795166, -7.2879486083984375]}, {"prefab_path": "WomensCollection/Prefabs/Rearranged/hanging_dress_1", "unique_id": 6, "index": 33, "bbox": [701, 318, 130, 98], "position": [2.009068250656128, 1.6153450012207031, -5.098053932189941]}, {"prefab_path": "WomensCollection/Prefabs/Rearranged/dress_6_05", "unique_id": 7, "index": 34, "bbox": [782, 61, 678, 779], "position": [1.6171839237213135, 1.5793242454528809, -4.615816116333008]}, {"prefab_path": "WomensCollection/Prefabs/Rearranged/hanging_dress_1_26", "unique_id": 8, "index": 35, "bbox": [80, 164, 576, 182], "position": [3.3627357482910156, 1.88834547996521, -5.1138200759887695]}, {"prefab_path": "WomensCollection/Prefabs/Rearranged/hanging_dress_1_20", "unique_id": 9, "index": 36, "bbox": [181, 241, 497, 169], "position": [3.4042091369628906, 1.7863454818725586, -5.320309638977051]}, {"prefab_path": "1514019/Rearranged/Jeans_Blue_V3", "unique_id": 10, "index": 22, "bbox": [361, 374, 200, 88], "position": [5.1037092208862305, 0.8585162162780762, -7.354883193969727]}, {"prefab_path": "clothing_store/models/prefab/trousers_3", "unique_id": 11, "index": 23, "bbox": [504, 373, 212, 109], "position": [4.267000198364258, 0.8420000076293945, -7.349999904632568]}, {"prefab_path": "clothing_store/models/prefab/trousers_3", "unique_id": 11, "index": 24, "bbox": [647, 374, 217, 93], "position": [3.496999979019165, 0.8420000076293945, -7.349999904632568]}, {"prefab_path": "WomensCollection/Prefabs/Rearranged/hanging_dress_1_12", "unique_id": 12, "index": 37, "bbox": [1491, 51, 864, 292], "position": [1.350139856338501, 1.8023455142974854, -4.872097969055176]}, {"prefab_path": "WomensCollection/Prefabs/Rearranged/dress_4_04", "unique_id": 0, "index": 38, "bbox": [1628, 19, 890, 256], "position": [1.1498900651931763, 1.6032042503356934, -4.867617607116699]}, {"prefab_path": "WomensCollection/Prefabs/Rearranged/dress_6_08", "unique_id": 13, "index": 39, "bbox": [623, 93, 822, 1078], "position": [1.6351853609085083, 1.52032470703125, -4.467816352844238]}, {"prefab_path": "WomensCollection/Prefabs/Rearranged/dress_6_05", "unique_id": 7, "index": 40, "bbox": [1, 275, 638, 205], "position": [3.0756046772003174, 1.5993242263793945, -4.873236656188965]}], "relationships": {"left": {"30": [33, 40, 35], "21": [20, 19, 22], "20": [19], "31": [40, 35, 36], "32": [21, 20, 19], "33": [40, 35, 36], "34": [40, 35, 36], "23": [22], "24": [23, 22], "37": [33, 40, 35], "38": [31, 34, 39], "39": [40, 35]}, "right": {"21": [32], "19": [20, 21, 32], "20": [21, 32], "31": [38], "33": [30, 37, 38], "34": [38], "35": [30, 33, 37], "36": [33, 30, 37], "22": [23, 24, 32], "23": [24, 32], "24": [32], "39": [38], "40": [33, 30, 31]}, "down": {"21": [24], "19": [22, 23], "20": [24]}, "up": {"22": [19], "23": [19], "24": [20, 21]}}}]}