{"scenes": [{"objects": [{"prefab_path": "MensCollection/Prefabs/Rearranged/jacket_3_02", "unique_id": 0, "index": 39, "bbox": [251, 81, 317, 155], "position": [9.746915817260742, -2.262866973876953, -4.242352485656738]}, {"prefab_path": "WomensCollection/Prefabs/Rearranged/blouse_01_07", "unique_id": 1, "index": 40, "bbox": [387, 93, 264, 125], "position": [3.747999906539917, 2.367000102996826, -2.220846176147461]}, {"prefab_path": "1498649_store/Prefabs/_itog029", "unique_id": 2, "index": 41, "bbox": [176, 126, 257, 91], "position": [5.038854122161865, 2.367363214492798, -2.2208611965179443]}, {"prefab_path": "WomensCollection/Prefabs/Rearranged/dress_4_04", "unique_id": 3, "index": 42, "bbox": [231, 388, 319, 81], "position": [4.983198642730713, 1.337825894355774, -2.2572858333587646]}, {"prefab_path": "WomensCollection/Prefabs/Rearranged/dress_4_16", "unique_id": 4, "index": 43, "bbox": [314, 397, 326, 101], "position": [4.349390029907227, 1.3620569705963135, -2.246058464050293]}, {"prefab_path": "WomensCollection/Prefabs/Rearranged/dress2_29", "unique_id": 5, "index": 44, "bbox": [425, 395, 367, 108], "position": [3.73799991607666, 1.3062957525253296, -2.24599552154541]}, {"prefab_path": "clothing_store/models/prefab/trousers_2", "unique_id": 6, "index": 45, "bbox": [1314, 796, 207, 303], "position": [1.128000020980835, 0.2301410436630249, -2.175999879837036]}], "relationships": {"left": {"40": [41], "43": [42], "44": [43, 42], "45": [44, 43, 42]}, "down": {"40": [44, 43], "41": [42, 43]}, "right": {"41": [40], "42": [43, 44, 45], "43": [44, 45], "44": [45]}, "up": {"42": [41], "43": [41, 40], "44": [40]}}}]}