{"scenes": [{"objects": [{"prefab_path": "1498649_store/Prefabs/_itog018", "unique_id": 0, "index": 0, "bbox": [863, 2, 412, 153], "position": [-2.2415359020233154, 2.4358975887298584, -2.7880003452301025]}, {"prefab_path": "1498649_store/Prefabs/_itog015", "unique_id": 1, "index": 1, "bbox": [1034, 87, 335, 93], "position": [-1.6204921007156372, 2.4358975887298584, -2.7880003452301025]}, {"prefab_path": "WomensCollection/Prefabs/Rearranged/leather_jacket_1_17", "unique_id": 2, "index": 2, "bbox": [1167, 188, 239, 68], "position": [-0.998058557510376, 2.396599769592285, -2.8984382152557373]}, {"prefab_path": "WomensCollection/Prefabs/Rearranged/leather_jacket_1", "unique_id": 3, "index": 40, "bbox": [1272, 260, 171, 39], "position": [0.244029238820076, 2.3966002464294434, -2.8984382152557373]}, {"prefab_path": "WomensCollection/Prefabs/Rearranged/leather_jacket_1", "unique_id": 3, "index": 68, "bbox": [1277, 386, 56, 51], "position": [6.39205265045166, 2.3548738956451416, -1.6773165464401245]}, {"prefab_path": "1498649_store/Prefabs/_itog018", "unique_id": 0, "index": 69, "bbox": [1397, 370, 83, 58], "position": [6.281577110290527, 2.2776241302490234, -2.9190871715545654]}, {"prefab_path": "WomensCollection/Prefabs/Rearranged/hanging_dress_1_26", "unique_id": 4, "index": 30, "bbox": [1744, 424, 29, 53], "position": [3.697068452835083, 1.7083455324172974, -5.098534107208252]}, {"prefab_path": "WomensCollection/Prefabs/Rearranged/dress_4_00", "unique_id": 5, "index": 28, "bbox": [1822, 387, 28, 6], "position": [3.347667694091797, 1.7584353685379028, -5.196783065795898]}, {"prefab_path": "WomensCollection/Prefabs/Rearranged/dress_6_04", "unique_id": 6, "index": 59, "bbox": [1829, 399, 48, 55], "position": [1.1386045217514038, 1.5993247032165527, -4.873236656188965]}, {"prefab_path": "WomensCollection/Prefabs/Rearranged/dress_shirt_on_hanger12", "unique_id": 7, "index": 70, "bbox": [1279, 463, 71, 45], "position": [6.278953552246094, 1.2572267055511475, -1.680720329284668]}, {"prefab_path": "WomensCollection/Prefabs/Rearranged/dress_6_04", "unique_id": 6, "index": 37, "bbox": [1671, 420, 156, 24], "position": [3.5541839599609375, 1.579324722290039, -4.615816116333008]}, {"prefab_path": "WomensCollection/Prefabs/Rearranged/dress_4_", "unique_id": 8, "index": 29, "bbox": [1703, 404, 181, 25], "position": [3.5518031120300293, 1.6272042989730835, -4.777102470397949]}, {"prefab_path": "WomensCollection/Prefabs/Rearranged/hanging_dress_1_12", "unique_id": 9, "index": 31, "bbox": [1715, 407, 111, 73], "position": [3.287140130996704, 1.8023455142974854, -4.872097969055176]}, {"prefab_path": "WomensCollection/Prefabs/Rearranged/hanging_dress_1_12", "unique_id": 9, "index": 32, "bbox": [1721, 414, 171, 75], "position": [3.1601402759552, 1.7573455572128296, -4.872097969055176]}, {"prefab_path": "WomensCollection/Prefabs/Rearranged/leather_jacket_1_08", "unique_id": 10, "index": 46, "bbox": [1251, 463, 159, 31], "position": [0.24349232017993927, 1.485943078994751, -2.787947177886963]}, {"prefab_path": "MensCollection/Prefabs/Rearranged/long_coat_06", "unique_id": 11, "index": 71, "bbox": [1330, 452, 97, 59], "position": [5.641069412231445, 0.1358656883239746, -3.308271884918213]}, {"prefab_path": "WomensCollection/Prefabs/Rearranged/blouse_01_62", "unique_id": 12, "index": 72, "bbox": [1395, 469, 70, 61], "position": [6.281561851501465, 1.3083304166793823, -2.9199414253234863]}, {"prefab_path": "870230/hoodie04", "unique_id": 13, "index": 27, "bbox": [1535, 461, 84, 77], "position": [6.389448642730713, 1.5901929140090942, -4.162251949310303]}, {"prefab_path": "WomensCollection/Prefabs/Rearranged/hanging_dress_1_26", "unique_id": 4, "index": 36, "bbox": [1646, 429, 153, 21], "position": [3.5733227729797363, 1.6783455610275269, -4.552351951599121]}, {"prefab_path": "WomensCollection/Prefabs/Rearranged/hanging_dress_1_20", "unique_id": 14, "index": 53, "bbox": [1698, 423, 218, 32], "position": [1.6358423233032227, 1.6783454418182373, -4.552351951599121]}, {"prefab_path": "WomensCollection/Prefabs/Rearranged/dress_6_", "unique_id": 15, "index": 49, "bbox": [1778, 399, 229, 29], "position": [1.609184741973877, 1.6233246326446533, -4.765816688537598]}, {"prefab_path": "WomensCollection/Prefabs/Rearranged/hanging_dress_1_26", "unique_id": 4, "index": 52, "bbox": [1739, 410, 225, 40], "position": [1.618322730064392, 1.737345576286316, -4.700351715087891]}, {"prefab_path": "WomensCollection/Prefabs/Rearranged/dress_4_16", "unique_id": 16, "index": 51, "bbox": [1788, 382, 260, 96], "position": [1.2656625509262085, 1.6724354028701782, -4.870426177978516]}, {"prefab_path": "1498649_store/Prefabs/_itog015", "unique_id": 1, "index": 45, "bbox": [1226, 465, 244, 52], "position": [-0.39773890376091003, 1.4090229272842407, -2.898298740386963]}, {"prefab_path": "870230/hoodie04", "unique_id": 13, "index": 44, "bbox": [1811, 418, 271, 73], "position": [-0.11302211880683899, 1.8420377969741821, -4.74136209487915]}, {"prefab_path": "MensCollection/Prefabs/Rearranged/jacket_2_06", "unique_id": 17, "index": 24, "bbox": [1170, 457, 307, 59], "position": [-5.214393615722656, -2.534677267074585, -1.160548210144043]}, {"prefab_path": "WomensCollection/Prefabs/Rearranged/blouse_2_08 1", "unique_id": 18, "index": 21, "bbox": [925, 511, 404, 133], "position": [-2.2390754222869873, 1.4099516868591309, -2.906414031982422]}], "relationships": {"right": {"0": [44, 59, 51], "1": [44, 59, 51], "2": [44, 59, 51], "40": [52, 53, 49], "70": [72, 27], "37": [30], "29": [30], "31": [28, 30], "32": [28, 30], "46": [49, 53, 52], "72": [27], "36": [30], "53": [28], "45": [59, 51, 49], "21": [44, 59, 51]}, "down": {"0": [21, 24], "1": [21], "2": [45], "40": [46, 45], "68": [70], "69": [72, 71], "72": [71], "36": [37], "52": [49]}, "left": {"30": [29, 37, 31], "28": [32, 31, 53], "59": [45, 46, 40], "37": [46, 40, 45], "29": [46, 40, 45], "31": [46, 40, 45], "32": [46, 40, 45], "72": [70], "27": [72, 70], "36": [46, 40, 45], "53": [46, 45, 40], "49": [46, 45, 40], "52": [46, 45, 40], "51": [45, 46, 40], "44": [1, 2, 21]}, "up": {"70": [68], "37": [36], "46": [40], "71": [69, 72], "72": [69], "49": [52], "45": [2, 40], "24": [0], "21": [0, 1]}}}]}