{"scenes": [{"objects": [{"prefab_path": "WomensCollection/Prefabs/Rearranged/blouse_2_07", "unique_id": 0, "index": 26, "bbox": [420, 32, 344, 126], "position": [-2.320812225341797, 2.463243007659912, -2.7630937099456787]}, {"prefab_path": "WomensCollection/Prefabs/Rearranged/blouse_2_08 1", "unique_id": 1, "index": 27, "bbox": [609, 147, 256, 77], "position": [-0.9969877004623413, 2.37888240814209, -2.906414031982422]}, {"prefab_path": "MensCollection/Prefabs/Rearranged/shirt_hung_up 1", "unique_id": 2, "index": 41, "bbox": [676, 182, 240, 73], "position": [-0.3950185179710388, 2.385875701904297, -2.9028701782226562]}, {"prefab_path": "1498649_store/Prefabs/_itog034", "unique_id": 3, "index": 42, "bbox": [745, 196, 250, 37], "position": [0.2434050291776657, 2.2782578468322754, -2.9013147354125977]}, {"prefab_path": "1498649_store/Prefabs/_itog017", "unique_id": 4, "index": 43, "bbox": [792, 348, 71, 42], "position": [6.3919997215271, 2.33589768409729, -1.6764638423919678]}, {"prefab_path": "1498649_store/Prefabs/_itog044", "unique_id": 5, "index": 44, "bbox": [841, 348, 71, 42], "position": [6.3919997215271, 2.33589768409729, -2.2975077629089355]}, {"prefab_path": "MensCollection/Prefabs/Rearranged/jacket_1", "unique_id": 6, "index": 45, "bbox": [934, 347, 81, 50], "position": [7.520253658294678, -0.6008701324462891, -3.356818675994873]}, {"prefab_path": "WomensCollection/Prefabs/Rearranged/blouse_01_16", "unique_id": 7, "index": 46, "bbox": [989, 358, 60, 45], "position": [6.281561851501465, 2.277261257171631, -4.162029266357422]}, {"prefab_path": "WomensCollection/Prefabs/Rearranged/dress_4_", "unique_id": 8, "index": 47, "bbox": [1087, 386, 10, 2], "position": [3.5518031120300293, 1.6272042989730835, -4.777102470397949]}, {"prefab_path": "WomensCollection/Prefabs/Rearranged/hanging_dress_1_12", "unique_id": 9, "index": 37, "bbox": [1120, 378, 32, 40], "position": [1.350139856338501, 1.8023455142974854, -4.872097969055176]}, {"prefab_path": "WomensCollection/Prefabs/Rearranged/dress_4_04", "unique_id": 10, "index": 38, "bbox": [1133, 375, 24, 31], "position": [1.1498900651931763, 1.6032042503356934, -4.867617607116699]}, {"prefab_path": "WomensCollection/Prefabs/Rearranged/hanging_dress_1_26", "unique_id": 11, "index": 35, "bbox": [1139, 379, 12, 2], "position": [3.3627357482910156, 1.88834547996521, -5.1138200759887695]}, {"prefab_path": "WomensCollection/Prefabs/Rearranged/dress_4_04", "unique_id": 10, "index": 30, "bbox": [1199, 355, 21, 3], "position": [1.4078302383422852, 1.7342042922973633, -5.184882164001465]}, {"prefab_path": "870230/hoodie04", "unique_id": 12, "index": 21, "bbox": [1425, 302, 108, 60], "position": [2.5513617992401123, 2.556037425994873, -7.290022373199463]}, {"prefab_path": "WomensCollection/Prefabs/Rearranged/blouse_2_08 1", "unique_id": 1, "index": 48, "bbox": [1562, 293, 143, 62], "position": [1.2578402757644653, 2.230070114135742, -7.284702777862549]}, {"prefab_path": "WomensCollection/Prefabs/Rearranged/tank_top_1_37", "unique_id": 13, "index": 32, "bbox": [1689, 264, 174, 102], "position": [0.37084004282951355, 2.219576358795166, -7.2879486083984375]}, {"prefab_path": "WomensCollection/Prefabs/Rearranged/dress2_29", "unique_id": 14, "index": 31, "bbox": [1114, 377, 58, 15], "position": [1.6116042137145996, 1.5956741571426392, -4.765812397003174]}, {"prefab_path": "WomensCollection/Prefabs/Rearranged/blouse_01_60", "unique_id": 15, "index": 49, "bbox": [1366, 401, 38, 34], "position": [-0.719678521156311, 1.6184486150741577, -5.275911331176758]}, {"prefab_path": "WomensCollection/Prefabs/Rearranged/blouse_01_01", "unique_id": 16, "index": 50, "bbox": [790, 437, 59, 44], "position": [6.281561374664307, 1.3083301782608032, -1.6778534650802612]}, {"prefab_path": "1498649_store/Prefabs/_itog045", "unique_id": 17, "index": 51, "bbox": [839, 431, 72, 43], "position": [6.2811431884765625, 1.308693289756775, -2.2970423698425293]}, {"prefab_path": "MensCollection/Prefabs/Rearranged/jacket_1", "unique_id": 6, "index": 52, "bbox": [886, 427, 80, 49], "position": [7.515757083892822, -1.577771544456482, -2.807687520980835]}, {"prefab_path": "WomensCollection/Prefabs/Rearranged/blouse_01_62", "unique_id": 18, "index": 53, "bbox": [938, 438, 60, 45], "position": [6.281636714935303, 1.310263991355896, -3.5239017009735107]}, {"prefab_path": "WomensCollection/Prefabs/Rearranged/blouse_2_07 1", "unique_id": 19, "index": 54, "bbox": [994, 430, 63, 35], "position": [6.384103775024414, 1.368225336074829, -4.163671016693115]}, {"prefab_path": "WomensCollection/Prefabs/Rearranged/dress_6_08", "unique_id": 20, "index": 39, "bbox": [1064, 400, 164, 17], "position": [1.6351853609085083, 1.52032470703125, -4.467816352844238]}, {"prefab_path": "WomensCollection/Prefabs/Rearranged/dress_6_05", "unique_id": 21, "index": 34, "bbox": [1086, 391, 164, 18], "position": [1.6171839237213135, 1.5793242454528809, -4.615816116333008]}, {"prefab_path": "WomensCollection/Prefabs/Rearranged/dress_4_24", "unique_id": 22, "index": 55, "bbox": [1062, 395, 125, 12], "position": [3.5570616722106934, 1.587395191192627, -4.616299629211426]}, {"prefab_path": "WomensCollection/Prefabs/Rearranged/dress_4_16", "unique_id": 23, "index": 56, "bbox": [1046, 401, 125, 11], "position": [3.57499361038208, 1.5484353303909302, -4.467875003814697]}, {"prefab_path": "WomensCollection/Prefabs/Rearranged/dress2_30", "unique_id": 24, "index": 57, "bbox": [1078, 380, 141, 54], "position": [3.202604293823242, 1.6513782739639282, -4.870816230773926]}, {"prefab_path": "WomensCollection/Prefabs/Rearranged/dress_6_05", "unique_id": 21, "index": 40, "bbox": [1090, 394, 124, 24], "position": [3.0756046772003174, 1.5993242263793945, -4.873236656188965]}, {"prefab_path": "870230/hoodie03", "unique_id": 25, "index": 8, "bbox": [1104, 395, 196, 53], "position": [-0.10674607753753662, 1.841963768005371, -4.737847805023193]}, {"prefab_path": "WomensCollection/Prefabs/Rearranged/blouse_01_60", "unique_id": 15, "index": 58, "bbox": [724, 438, 162, 39], "position": [0.24349229037761688, 1.4666037559509277, -2.787947177886963]}, {"prefab_path": "1498649_store/Prefabs/_itog045", "unique_id": 17, "index": 59, "bbox": [1148, 379, 270, 159], "position": [-0.888693630695343, 1.618811845779419, -4.742765426635742]}, {"prefab_path": "870230/hoodie09", "unique_id": 26, "index": 15, "bbox": [1141, 390, 238, 152], "position": [-0.7101410627365112, 1.843548059463501, -4.740752696990967]}, {"prefab_path": "1498649_store/Prefabs/_itog011", "unique_id": 27, "index": 3, "bbox": [1179, 315, 439, 206], "position": [-1.2808020114898682, 1.5194456577301025, -4.742535591125488]}, {"prefab_path": "1498649_store/Prefabs/_itog040", "unique_id": 28, "index": 60, "bbox": [1161, 375, 292, 188], "position": [-1.0836938619613647, 1.618811845779419, -4.742765426635742]}, {"prefab_path": "MensCollection/Prefabs/Rearranged/polo shirt 18 1", "unique_id": 29, "index": 61, "bbox": [1394, 391, 284, 199], "position": [-1.283678412437439, 1.6827607154846191, -5.275911331176758]}, {"prefab_path": "WomensCollection/Prefabs/Rearranged/blouse_2_08 1", "unique_id": 1, "index": 29, "bbox": [617, 458, 267, 74], "position": [-0.9969877004623413, 1.4099516868591309, -2.906414031982422]}, {"prefab_path": "1498649_store/Prefabs/_itog054", "unique_id": 30, "index": 9, "bbox": [1195, 367, 369, 232], "position": [-1.4926937818527222, 1.6188119649887085, -4.742765426635742]}, {"prefab_path": "1498649_store/Prefabs/_itog018", "unique_id": 31, "index": 18, "bbox": [1835, 511, 199, 49], "position": [-0.4046936631202698, 1.302811622619629, -7.289765357971191]}, {"prefab_path": "WomensCollection/Prefabs/Rearranged/blouse_2_08 1", "unique_id": 1, "index": 28, "bbox": [493, 471, 362, 100], "position": [-1.6169474124908447, 1.4099516868591309, -2.9066240787506104]}], "relationships": {"right": {"26": [9, 61, 3], "27": [15, 59, 49], "41": [32, 8, 15], "42": [32, 8, 48], "43": [44, 46, 54], "44": [46, 54], "47": [21], "37": [30, 48, 32], "38": [48, 32, 21], "35": [21], "30": [48, 32, 21], "31": [30, 48, 21], "49": [18, 32], "50": [51, 54, 53], "51": [54, 53, 46], "53": [54], "39": [34, 31, 30], "34": [31, 30, 48], "55": [47, 21], "56": [55, 47, 35], "57": [21], "40": [21], "8": [32, 18, 48], "58": [8, 38, 32], "59": [49, 18, 32], "15": [49, 18, 32], "3": [61, 18, 32], "60": [61, 49, 18], "61": [18], "29": [59, 49, 60], "9": [61, 18, 32], "28": [9, 3, 61]}, "down": {"15": [59], "27": [29, 28], "41": [29], "42": [58], "43": [50, 51, 52], "44": [51, 50, 52], "45": [52], "46": [54, 53, 45], "50": [52], "51": [52], "53": [45, 52], "54": [52]}, "left": {"44": [43], "46": [44, 43, 51], "47": [55, 56], "37": [58, 42], "38": [58, 42], "35": [56], "30": [37, 31, 34], "21": [35, 40, 57], "48": [37, 30, 38], "32": [42, 8, 41], "31": [34, 39, 58], "49": [59, 15, 29], "51": [50], "53": [51, 50, 43], "54": [51, 53, 50], "39": [58], "34": [39, 58], "55": [56], "8": [41, 58, 42], "59": [29, 28, 27], "15": [29, 27, 41], "3": [28, 29, 27], "60": [29, 28, 27], "61": [3, 9, 60], "9": [28, 29, 27], "18": [29, 49, 59]}, "up": {"29": [27, 41], "45": [53, 46, 44], "28": [27], "50": [43, 44], "51": [44, 43], "52": [45, 44, 51], "53": [46], "54": [46], "58": [42], "59": [15]}}}]}