{"scenes": [{"objects": [{"prefab_path": "1498649_store/Prefabs/_itog049", "unique_id": 0, "index": 55, "bbox": [388, 272, 226, 153], "position": [-4.227234840393066, 2.228811740875244, -7.292694091796875]}, {"prefab_path": "WomensCollection/Prefabs/Rearranged/shirt_5_03", "unique_id": 1, "index": 69, "bbox": [440, 569, 55, 176], "position": [-3.8818583488464355, 1.7286744117736816, -5.294240474700928]}, {"prefab_path": "WomensCollection/Prefabs/Rearranged/sweater_folded_1", "unique_id": 2, "index": 68, "bbox": [587, 552, 54, 198], "position": [-4.192704200744629, 1.7501674890518188, -5.293200492858887]}, {"prefab_path": "WomensCollection/Prefabs/Rearranged/sweater_folded_5", "unique_id": 3, "index": 67, "bbox": [719, 543, 44, 172], "position": [-4.479265213012695, 1.7501674890518188, -5.293250560760498]}, {"prefab_path": "WomensCollection/Prefabs/Rearranged/sweater_folded09", "unique_id": 4, "index": 70, "bbox": [1, 590, 107, 197], "position": [-3.287428855895996, 1.7506296634674072, -5.297238349914551]}, {"prefab_path": "MensCollection/Prefabs/Rearranged/shirt_3", "unique_id": 5, "index": 76, "bbox": [195, 584, 70, 228], "position": [-3.590489149093628, 1.72868013381958, -5.294228553771973]}, {"prefab_path": "1498649_store/Prefabs/_itog031", "unique_id": 6, "index": 78, "bbox": [405, 507, 222, 44], "position": [-4.065829277038574, 1.3028117418289185, -7.216203689575195]}, {"prefab_path": "MensCollection/Prefabs/Rearranged/long_coat_06", "unique_id": 7, "index": 77, "bbox": [459, 483, 246, 59], "position": [-3.480227470397949, 0.12998414039611816, -6.3133697509765625]}, {"prefab_path": "WomensCollection/Prefabs/Rearranged/sweater_folded_4", "unique_id": 8, "index": 72, "bbox": [586, 677, 92, 196], "position": [-4.1832685470581055, 1.45332670211792, -5.287816047668457]}, {"prefab_path": "WomensCollection/Prefabs/Rearranged/shirt_6_03", "unique_id": 9, "index": 61, "bbox": [812, 694, 80, 186], "position": [-4.482982158660889, 1.4318336248397827, -4.925236701965332]}, {"prefab_path": "WomensCollection/Prefabs/Rearranged/sweater_folded12", "unique_id": 10, "index": 71, "bbox": [423, 700, 117, 202], "position": [-3.876527786254883, 1.4537888765335083, -5.291853904724121]}, {"prefab_path": "MensCollection/Prefabs/Rearranged/sweater_folded47", "unique_id": 11, "index": 60, "bbox": [673, 720, 106, 210], "position": [-4.18902587890625, 1.45332670211792, -4.924302101135254]}, {"prefab_path": "WomensCollection/Prefabs/Rearranged/sweater_folded63", "unique_id": 12, "index": 74, "bbox": [167, 738, 153, 272], "position": [-3.5823488235473633, 1.4536418914794922, -5.290345191955566]}, {"prefab_path": "MensCollection/Prefabs/Rearranged/shirt_12", "unique_id": 13, "index": 73, "bbox": [483, 764, 143, 230], "position": [-3.8768057823181152, 1.4352387189865112, -4.9246506690979]}, {"prefab_path": "WomensCollection/Prefabs/Rearranged/sweater_folded_6", "unique_id": 14, "index": 59, "bbox": [174, 802, 113, 320], "position": [-3.5691473484039307, 1.45332670211792, -4.924302101135254]}, {"prefab_path": "MensCollection/Prefabs/Rearranged/sweater_folded54", "unique_id": 15, "index": 49, "bbox": [703, 872, 43, 169], "position": [-4.192704200744629, 1.1727182865142822, -4.855172157287598]}, {"prefab_path": "WomensCollection/Prefabs/Rearranged/shirt_5_03", "unique_id": 1, "index": 50, "bbox": [831, 831, 84, 191], "position": [-4.479158878326416, 1.151225209236145, -4.856212139129639]}, {"prefab_path": "WomensCollection/Prefabs/Rearranged/sweater_folded04", "unique_id": 16, "index": 48, "bbox": [999, 878, 37, 113], "position": [-4.468654155731201, 1.1731804609298706, -4.504074573516846]}], "relationships": {"down": {"55": [78, 77], "69": [71, 77], "68": [72], "67": [50], "70": [77], "76": [74, 77], "61": [50], "60": [49]}, "right": {"69": [60, 61, 48], "68": [61], "70": [59, 73, 60], "76": [73, 60, 61], "78": [67, 61], "77": [50, 48], "72": [61, 50, 48], "71": [60, 61, 49], "60": [48], "74": [73, 60, 48], "73": [48], "59": [48], "49": [48]}, "left": {"67": [78], "61": [72, 71, 68], "60": [71, 74, 69], "73": [74, 76, 70], "59": [70], "49": [74, 71, 70], "50": [71, 72, 74], "48": [49, 73, 74]}, "up": {"78": [55], "77": [76, 70, 69], "72": [68], "71": [69], "74": [76], "49": [60], "50": [61, 67]}}}]}