{"scenes": [{"objects": [{"prefab_path": "MensCollection/Prefabs/Rearranged/long_coat_12", "unique_id": 0, "index": 0, "bbox": [575, 92, 404, 136], "position": [5.2076873779296875, 0.9982225894927979, -1.8203847408294678]}, {"prefab_path": "1498649_store/Prefabs/_itog044", "unique_id": 1, "index": 1, "bbox": [723, 59, 403, 177], "position": [3.748854160308838, 2.367363214492798, -2.2208611965179443]}, {"prefab_path": "1498649_store/Prefabs/_itog049", "unique_id": 2, "index": 2, "bbox": [469, 173, 287, 100], "position": [5.038854122161865, 2.367363214492798, -2.2208611965179443]}, {"prefab_path": "WomensCollection/Prefabs/Rearranged/dress2_", "unique_id": 3, "index": 3, "bbox": [500, 460, 382, 79], "position": [4.980000019073486, 1.3409990072250366, -2.246000051498413]}, {"prefab_path": "WomensCollection/Prefabs/Rearranged/dress_6_08", "unique_id": 4, "index": 4, "bbox": [607, 488, 390, 100], "position": [4.346580982208252, 1.3339463472366333, -2.246000289916992]}, {"prefab_path": "WomensCollection/Prefabs/Rearranged/dress_4_24", "unique_id": 5, "index": 5, "bbox": [747, 481, 495, 143], "position": [3.738457202911377, 1.3420169353485107, -2.246483325958252]}], "relationships": {"up": {"0": [2], "3": [2], "4": [1, 2], "5": [1]}, "right": {"0": [4, 5]}, "down": {"1": [5, 4], "2": [3, 0, 4]}, "left": {"4": [0], "5": [0]}}}]}