{"scenes": [{"objects": [{"prefab_path": "1208725/Jacket_red", "unique_id": 0, "index": 63, "bbox": [1, 267, 191, 82], "position": [2.481750011444092, 3.4525322914123535, -1.389582872390747]}, {"prefab_path": "WomensCollection/Prefabs/Rearranged/blouse_2_1", "unique_id": 1, "index": 14, "bbox": [59, 265, 183, 50], "position": [3.7469289302825928, 2.368621349334717, -2.2128703594207764]}, {"prefab_path": "MensCollection/Prefabs/Rearranged/jacket_2_06", "unique_id": 2, "index": 15, "bbox": [360, 359, 294, 63], "position": [5.317246437072754, -2.101559638977051, -3.9585683345794678]}, {"prefab_path": "MensCollection/Prefabs/Rearranged/jacket_4_09", "unique_id": 3, "index": 16, "bbox": [423, 296, 413, 127], "position": [0.6281115412712097, 1.8144785165786743, -2.2016079425811768]}, {"prefab_path": "MensCollection/Prefabs/Rearranged/polo shirt 30", "unique_id": 4, "index": 17, "bbox": [503, 332, 338, 130], "position": [0.3209998607635498, 1.905760407447815, -2.2230000495910645]}, {"prefab_path": "1498649_store/Prefabs/_itog034", "unique_id": 5, "index": 18, "bbox": [538, 289, 479, 98], "position": [0.2511979341506958, 1.7011654376983643, -2.2225353717803955]}, {"prefab_path": "MensCollection/Prefabs/Rearranged/long_coat_12", "unique_id": 6, "index": 19, "bbox": [565, 340, 410, 75], "position": [-0.27478283643722534, 0.43139100074768066, -1.4014019966125488]}, {"prefab_path": "WomensCollection/Prefabs/Rearranged/blouse_2_1", "unique_id": 1, "index": 20, "bbox": [754, 348, 369, 140], "position": [-0.2907027006149292, 1.8430697917938232, -2.2158403396606445]}, {"prefab_path": "1498649_store/Prefabs/_itog026", "unique_id": 7, "index": 21, "bbox": [792, 238, 576, 156], "position": [-0.4378020167350769, 1.7424452304840088, -2.2175354957580566]}, {"prefab_path": "WomensCollection/Prefabs/Rearranged/blouse_01_60", "unique_id": 8, "index": 22, "bbox": [1085, 282, 489, 370], "position": [-1.12208890914917, 1.841448426246643, -2.2206783294677734]}, {"prefab_path": "WomensCollection/Prefabs/Rearranged/dress_6_04", "unique_id": 9, "index": 64, "bbox": [1, 473, 202, 35], "position": [4.977579593658447, 1.3339463472366333, -2.246000289916992]}, {"prefab_path": "WomensCollection/Prefabs/Rearranged/hanging_dress_1_12", "unique_id": 10, "index": 65, "bbox": [35, 475, 212, 47], "position": [4.347718238830566, 1.4919672012329102, -2.330535888671875]}, {"prefab_path": "WomensCollection/Prefabs/Rearranged/dress_4_16", "unique_id": 11, "index": 24, "bbox": [77, 469, 250, 56], "position": [3.738389492034912, 1.3620569705963135, -2.246058464050293]}, {"prefab_path": "clothing_store/models/prefab/trousers_3", "unique_id": 12, "index": 25, "bbox": [357, 702, 301, 82], "position": [1.128000020980835, 0.2301410436630249, -2.175999879837036]}, {"prefab_path": "1514019/Rearranged/Jeans_Blue_V2", "unique_id": 13, "index": 26, "bbox": [545, 753, 250, 100], "position": [0.3687089681625366, 1.0603033304214478, -2.2378835678100586]}, {"prefab_path": "clothing_store/models/prefab/trousers_3", "unique_id": 12, "index": 27, "bbox": [760, 787, 216, 193], "position": [-0.34700000286102295, 0.23014092445373535, -2.2209999561309814]}], "relationships": {"right": {"63": [17, 20, 21], "14": [16, 17, 18], "16": [17, 18, 20], "17": [20, 21, 22], "18": [20, 21, 22], "20": [22], "21": [22], "64": [65, 24, 16], "65": [16, 26, 17], "24": [16, 26, 18], "25": [27]}, "down": {"63": [25], "14": [24, 15], "16": [26, 25, 27], "17": [18, 26, 27], "18": [26, 27, 19], "20": [27, 19], "21": [27, 19], "22": [27], "64": [15], "65": [15], "24": [15]}, "up": {"15": [64, 65, 24], "18": [17], "19": [20, 21, 18], "24": [14], "25": [16, 17, 18], "26": [17, 18, 16], "27": [20, 21, 18]}, "left": {"16": [24, 14, 65], "17": [16, 63, 14], "18": [16, 24, 14], "20": [18, 17, 16], "21": [18, 17, 16], "22": [21, 20, 18], "65": [64], "24": [64], "25": [64], "26": [24, 65, 14], "27": [25, 24, 65]}}}]}