{"scenes": [{"objects": [{"prefab_path": "WomensCollection/Prefabs/Rearranged/blouse_2_07 1", "unique_id": 0, "index": 46, "bbox": [244, 313, 441, 146], "position": [-4.537702560424805, 1.8430700302124023, 2.243159532546997]}, {"prefab_path": "WomensCollection/Prefabs/Rearranged/tank_top_1_37", "unique_id": 1, "index": 48, "bbox": [549, 282, 529, 213], "position": [-3.804948329925537, 1.8325762748718262, 2.2431600093841553]}, {"prefab_path": "1498649_store/Prefabs/_itog045", "unique_id": 2, "index": 47, "bbox": [336, 340, 490, 92], "position": [-4.218693733215332, 1.8418114185333252, 2.244234323501587]}, {"prefab_path": "WomensCollection/Prefabs/Rearranged/blouse_2_07 1", "unique_id": 0, "index": 49, "bbox": [752, 251, 629, 112], "position": [-3.4747025966644287, 1.8430700302124023, 2.246159315109253]}, {"prefab_path": "WomensCollection/Prefabs/Rearranged/blouse_2_08", "unique_id": 3, "index": 50, "bbox": [1125, 184, 781, 463], "position": [-1.7584948539733887, 1.8430695533752441, 2.2366232872009277]}, {"prefab_path": "1498649_store/Prefabs/_itog029", "unique_id": 4, "index": 51, "bbox": [818, 289, 689, 88], "position": [-3.347693681716919, 1.8418116569519043, 2.242234468460083]}, {"prefab_path": "1514019/Rearranged/Jeans_Blue_V4", "unique_id": 5, "index": 52, "bbox": [118, 865, 24, 35], "position": [-5.106708526611328, 0.24453043937683105, 2.1709887981414795]}], "relationships": {"right": {"46": [47, 48, 49], "48": [49, 51, 50], "47": [48, 49, 51], "49": [51, 50], "51": [50], "52": [50]}, "down": {"46": [52], "47": [52]}, "left": {"48": [47, 46], "47": [46], "49": [48, 47, 46], "50": [51, 49, 48], "51": [49, 48, 47]}, "up": {"52": [46, 47]}}}]}