{"scenes": [{"objects": [{"prefab_path": "1498649_store/Prefabs/_itog028", "unique_id": 0, "index": 9, "bbox": [938, 11, 452, 85], "position": [-1.6200318336486816, 2.336531400680542, -2.7908644676208496]}, {"prefab_path": "MensCollection/Prefabs/Rearranged/long_coat_06", "unique_id": 1, "index": 1, "bbox": [1054, 125, 334, 83], "position": [-0.0960777997970581, 1.2047967910766602, -3.6840240955352783]}, {"prefab_path": "MensCollection/Prefabs/Rearranged/long_coat_10 1", "unique_id": 2, "index": 2, "bbox": [1132, 178, 276, 48], "position": [1.7248777151107788, 1.8536772727966309, -3.607541799545288]}, {"prefab_path": "1208725/Jacket_blue", "unique_id": 3, "index": 0, "bbox": [1164, 236, 194, 51], "position": [0.2187138795852661, 0.5889616012573242, -2.3572545051574707]}, {"prefab_path": "MensCollection/Prefabs/Rearranged/jacket_3_02", "unique_id": 4, "index": 61, "bbox": [1230, 353, 84, 57], "position": [7.978938579559326, -2.294332504272461, 3.207857608795166]}, {"prefab_path": "1498649_store/Prefabs/_itog030", "unique_id": 5, "index": 62, "bbox": [1290, 359, 80, 52], "position": [6.281577110290527, 2.2776241302490234, -2.9190871715545654]}, {"prefab_path": "WomensCollection/Prefabs/Rearranged/blouse_01_16", "unique_id": 6, "index": 63, "bbox": [1350, 364, 69, 58], "position": [6.281636714935303, 2.2791948318481445, -3.5239017009735107]}, {"prefab_path": "WomensCollection/Prefabs/Rearranged/dress_4_16", "unique_id": 7, "index": 47, "bbox": [1630, 373, 43, 99], "position": [1.2656625509262085, 1.6724354028701782, -4.870426177978516]}, {"prefab_path": "WomensCollection/Prefabs/Rearranged/dress_6_", "unique_id": 8, "index": 64, "bbox": [1658, 383, 28, 5], "position": [3.349193572998047, 1.7303247451782227, -5.1968159675598145]}, {"prefab_path": "WomensCollection/Prefabs/Rearranged/hanging_dress_1_20", "unique_id": 9, "index": 21, "bbox": [1772, 360, 43, 11], "position": [1.4262089729309082, 1.8883453607559204, -5.113309860229492]}, {"prefab_path": "WomensCollection/Prefabs/Rearranged/dress_3_", "unique_id": 10, "index": 65, "bbox": [1558, 392, 29, 63], "position": [3.202604293823242, 1.6472933292388916, -4.870358943939209]}, {"prefab_path": "WomensCollection/Prefabs/Rearranged/dress_6_04", "unique_id": 11, "index": 66, "bbox": [1568, 401, 13, 2], "position": [3.5461838245391846, 1.6233246326446533, -4.765816688537598]}, {"prefab_path": "1498649_store/Prefabs/_itog022", "unique_id": 12, "index": 3, "bbox": [1178, 445, 74, 45], "position": [6.281576633453369, 1.3086934089660645, -1.6769992113113403]}, {"prefab_path": "MensCollection/Prefabs/Rearranged/jacket_4_09", "unique_id": 13, "index": 4, "bbox": [1227, 441, 86, 57], "position": [6.298229694366455, 1.281360149383545, -2.3138091564178467]}, {"prefab_path": "WomensCollection/Prefabs/Rearranged/leather_jacket_1_13", "unique_id": 14, "index": 67, "bbox": [1416, 448, 74, 60], "position": [6.39205265045166, 1.3859429359436035, -4.161492347717285]}, {"prefab_path": "WomensCollection/Prefabs/Rearranged/dress_4_16", "unique_id": 7, "index": 68, "bbox": [1529, 404, 154, 21], "position": [3.5569939613342285, 1.6074353456497192, -4.615874767303467]}, {"prefab_path": "WomensCollection/Prefabs/Rearranged/dress_4_00", "unique_id": 15, "index": 69, "bbox": [1504, 412, 152, 20], "position": [3.57499361038208, 1.5484353303909302, -4.467875003814697]}, {"prefab_path": "WomensCollection/Prefabs/Rearranged/dress2_30", "unique_id": 16, "index": 58, "bbox": [1561, 391, 183, 72], "position": [3.0756044387817383, 1.606378197669983, -4.870816230773926]}, {"prefab_path": "WomensCollection/Prefabs/Rearranged/dress_4_08", "unique_id": 17, "index": 12, "bbox": [1619, 377, 243, 35], "position": [1.6148031949996948, 1.6272042989730835, -4.777102470397949]}, {"prefab_path": "WomensCollection/Prefabs/Rearranged/blouse_01_60", "unique_id": 18, "index": 5, "bbox": [1145, 452, 154, 34], "position": [0.24349229037761688, 1.4666037559509277, -2.787947177886963]}, {"prefab_path": "WomensCollection/Prefabs/Rearranged/dress_6_", "unique_id": 8, "index": 45, "bbox": [1545, 411, 203, 29], "position": [1.6351847648620605, 1.52032470703125, -4.467816352844238]}, {"prefab_path": "WomensCollection/Prefabs/Rearranged/dress_4_24", "unique_id": 19, "index": 46, "bbox": [1581, 392, 221, 35], "position": [1.6200616359710693, 1.587395191192627, -4.616299629211426]}, {"prefab_path": "WomensCollection/Prefabs/Rearranged/dress2_29", "unique_id": 20, "index": 48, "bbox": [1636, 379, 250, 131], "position": [1.1385998725891113, 1.571674108505249, -4.870816230773926]}, {"prefab_path": "1208725/Jacket_gray", "unique_id": 21, "index": 33, "bbox": [1662, 383, 314, 210], "position": [-1.0476264953613281, -0.16988825798034668, -4.134241580963135]}, {"prefab_path": "WomensCollection/Prefabs/Rearranged/blouse_01_21", "unique_id": 22, "index": 7, "bbox": [1124, 471, 197, 49], "position": [-0.3940984010696411, 1.410264015197754, -2.8983631134033203]}, {"prefab_path": "1498649_store/Prefabs/_itog034", "unique_id": 23, "index": 10, "bbox": [1758, 357, 471, 126], "position": [-0.8858019113540649, 1.5194456577301025, -4.742535591125488]}, {"prefab_path": "MensCollection/Prefabs/Rearranged/jacket_4_09", "unique_id": 13, "index": 6, "bbox": [1047, 446, 325, 80], "position": [-0.9797554016113281, 1.3813602924346924, -2.882228374481201]}, {"prefab_path": "1498649_store/Prefabs/_itog041", "unique_id": 24, "index": 34, "bbox": [1784, 440, 334, 100], "position": [-1.0836938619613647, 1.618811845779419, -4.742765426635742]}, {"prefab_path": "MensCollection/Prefabs/Rearranged/jacket_2_06", "unique_id": 25, "index": 8, "bbox": [794, 452, 463, 159], "position": [-6.45648193359375, -2.534677267074585, -1.160548210144043]}], "relationships": {"right": {"9": [34, 10, 21], "1": [48, 47, 21], "2": [58, 64, 65], "0": [45, 46, 12], "62": [63], "47": [21], "65": [64], "3": [4, 67], "4": [67], "68": [66], "58": [64], "5": [12, 47, 48], "46": [12], "7": [1, 48, 47], "6": [1, 10, 48]}, "down": {"9": [6, 33], "1": [33], "62": [4], "63": [67], "5": [0], "10": [33], "34": [33]}, "left": {"1": [7, 6], "2": [5], "63": [62], "47": [5, 7, 1], "64": [65, 58, 2], "21": [47, 5, 7], "65": [2, 5, 0], "66": [68, 2, 5], "4": [3], "67": [4, 3], "68": [2, 5, 0], "69": [2, 5, 0], "58": [2, 5, 0], "12": [46, 5, 2], "45": [5, 0, 7], "46": [5, 7, 0], "48": [5, 7, 1], "10": [6, 9], "34": [9, 6]}, "up": {"0": [5], "4": [62], "67": [63], "33": [34, 10, 1], "6": [9]}}}]}