{"scenes": [{"objects": [{"prefab_path": "1208725/Jacket_blue", "unique_id": 0, "index": 0, "bbox": [1578, 7, 38, 25], "position": [0.2187138795852661, 0.5889616012573242, -2.3572545051574707]}, {"prefab_path": "WomensCollection/Prefabs/Rearranged/dress2_29", "unique_id": 1, "index": 48, "bbox": [1147, 1, 288, 343], "position": [1.1385998725891113, 1.571674108505249, -4.870816230773926]}, {"prefab_path": "MensCollection/Prefabs/Rearranged/long_coat_10 1", "unique_id": 2, "index": 2, "bbox": [1297, 42, 141, 125], "position": [1.7248777151107788, 1.8536772727966309, -3.607541799545288]}, {"prefab_path": "WomensCollection/Prefabs/Rearranged/dress_4_16", "unique_id": 3, "index": 47, "bbox": [1344, 1, 373, 533], "position": [1.2656625509262085, 1.6724354028701782, -4.870426177978516]}, {"prefab_path": "1498649_store/Prefabs/_itog028", "unique_id": 4, "index": 9, "bbox": [1108, 111, 252, 82], "position": [-1.6200318336486816, 2.336531400680542, -2.7908644676208496]}, {"prefab_path": "MensCollection/Prefabs/Rearranged/long_coat_06", "unique_id": 5, "index": 1, "bbox": [1173, 97, 262, 115], "position": [-0.0960777997970581, 1.2047967910766602, -3.6840240955352783]}, {"prefab_path": "1208725/Jacket_gray", "unique_id": 6, "index": 33, "bbox": [811, 303, 46, 23], "position": [-1.0476264953613281, -0.16988825798034668, -4.134241580963135]}, {"prefab_path": "MensCollection/Prefabs/Rearranged/jacket_2_06", "unique_id": 7, "index": 8, "bbox": [1013, 354, 176, 74], "position": [-6.45648193359375, -2.534677267074585, -1.160548210144043]}, {"prefab_path": "1498649_store/Prefabs/_itog017", "unique_id": 8, "index": 32, "bbox": [747, 302, 374, 193], "position": [-0.31069380044937134, 1.6188119649887085, -4.742765426635742]}], "relationships": {"left": {"0": [1, 33, 32], "2": [47, 48, 32], "1": [32]}, "right": {"48": [2], "47": [2], "1": [0], "33": [0], "32": [1, 0, 2]}, "down": {"32": [33], "9": [33]}, "up": {"33": [32, 9]}}}]}