{"scenes": [{"objects": [{"prefab_path": "1498649_store/Prefabs/_itog015", "unique_id": 0, "index": 1, "bbox": [1767, 86, 300, 117], "position": [-1.6204921007156372, 2.4358975887298584, -2.7880003452301025]}, {"prefab_path": "WomensCollection/Prefabs/Rearranged/hanging_dress_1_26", "unique_id": 1, "index": 52, "bbox": [1, 124, 347, 613], "position": [1.618322730064392, 1.737345576286316, -4.700351715087891]}, {"prefab_path": "1498649_store/Prefabs/_itog018", "unique_id": 2, "index": 0, "bbox": [1682, 147, 241, 97], "position": [-2.2415359020233154, 2.4358975887298584, -2.7880003452301025]}, {"prefab_path": "WomensCollection/Prefabs/Rearranged/dress_6_04", "unique_id": 3, "index": 59, "bbox": [608, 202, 212, 148], "position": [1.1386045217514038, 1.5993247032165527, -4.873236656188965]}, {"prefab_path": "WomensCollection/Prefabs/Rearranged/leather_jacket_1_20", "unique_id": 4, "index": 61, "bbox": [888, 328, 10, 8], "position": [-4.228088855743408, 2.2477874755859375, -7.2926788330078125]}, {"prefab_path": "WomensCollection/Prefabs/Rearranged/hanging_dress_1_20", "unique_id": 5, "index": 53, "bbox": [3, 2, 720, 867], "position": [1.6358423233032227, 1.6783454418182373, -4.552351951599121]}, {"prefab_path": "1498649_store/Prefabs/_itog054", "unique_id": 6, "index": 62, "bbox": [727, 281, 147, 56], "position": [-2.370234489440918, 2.228811740875244, -7.292694091796875]}, {"prefab_path": "1498649_store/Prefabs/_itog022", "unique_id": 7, "index": 63, "bbox": [808, 298, 126, 43], "position": [-3.257234573364258, 2.228811740875244, -7.292694091796875]}, {"prefab_path": "WomensCollection/Prefabs/Rearranged/blouse_2_1", "unique_id": 8, "index": 43, "bbox": [840, 374, 66, 135], "position": [-0.30270275473594666, 1.620069980621338, -5.274840831756592]}, {"prefab_path": "WomensCollection/Prefabs/Rearranged/dress_4_16", "unique_id": 9, "index": 51, "bbox": [334, 59, 856, 413], "position": [1.2656625509262085, 1.6724354028701782, -4.870426177978516]}, {"prefab_path": "1498649_store/Prefabs/_itog011", "unique_id": 10, "index": 41, "bbox": [860, 368, 323, 147], "position": [-0.5078019499778748, 1.5194456577301025, -5.276535511016846]}, {"prefab_path": "870230/hoodie04", "unique_id": 11, "index": 44, "bbox": [960, 363, 373, 253], "position": [-0.11302211880683899, 1.8420377969741821, -4.74136209487915]}, {"prefab_path": "WomensCollection/Prefabs/Rearranged/shirt_3_05", "unique_id": 12, "index": 14, "bbox": [1241, 513, 9, 35], "position": [-4.175924301147461, 1.1849201917648315, -4.494473457336426]}, {"prefab_path": "WomensCollection/Prefabs/Rearranged/sweater_folded_1", "unique_id": 13, "index": 23, "bbox": [1239, 535, 18, 38], "position": [-3.267070770263672, 1.1727182865142822, -4.500005722045898]}, {"prefab_path": "WomensCollection/Prefabs/Rearranged/sweater_folded_1", "unique_id": 13, "index": 15, "bbox": [1241, 510, 13, 37], "position": [-4.46813440322876, 1.1727182865142822, -4.50005578994751]}, {"prefab_path": "WomensCollection/Prefabs/Rearranged/sweater_folded01", "unique_id": 14, "index": 20, "bbox": [1241, 519, 15, 34], "position": [-3.87359881401062, 1.1731804609298706, -4.5040435791015625]}, {"prefab_path": "WomensCollection/Prefabs/Rearranged/blouse_2_08 1", "unique_id": 15, "index": 21, "bbox": [1635, 437, 214, 73], "position": [-2.2390754222869873, 1.4099516868591309, -2.906414031982422]}, {"prefab_path": "MensCollection/Prefabs/Rearranged/jacket_2_06", "unique_id": 16, "index": 24, "bbox": [1793, 468, 350, 91], "position": [-5.214393615722656, -2.534677267074585, -1.160548210144043]}], "relationships": {"left": {"1": [43, 44, 41], "0": [41, 43, 44], "53": [52], "14": [63, 62, 61], "23": [62, 63], "15": [63, 62, 61], "20": [62, 63, 61], "21": [41, 43, 44], "24": [62, 63]}, "down": {"1": [21], "0": [21]}, "right": {"52": [53], "59": [1], "61": [15, 14, 20], "62": [23, 20, 14], "63": [15, 14, 20], "43": [1, 21, 0], "51": [1], "41": [21, 1, 0], "44": [1, 21, 0]}, "up": {"21": [0, 1]}}}]}