{"scenes": [{"objects": [{"prefab_path": "1208725/Jacket_blue", "unique_id": 0, "index": 0, "bbox": [1796, 1, 356, 76], "position": [0.2187138795852661, 0.5889616012573242, -2.3572545051574707]}, {"prefab_path": "MensCollection/Prefabs/Rearranged/long_coat_06", "unique_id": 1, "index": 1, "bbox": [1574, 1, 442, 235], "position": [-0.0960777997970581, 1.2047967910766602, -3.6840240955352783]}, {"prefab_path": "MensCollection/Prefabs/Rearranged/long_coat_10 1", "unique_id": 2, "index": 2, "bbox": [1738, 1, 417, 127], "position": [1.7248777151107788, 1.8536772727966309, -3.607541799545288]}, {"prefab_path": "1498649_store/Prefabs/_itog022", "unique_id": 3, "index": 3, "bbox": [1623, 405, 88, 65], "position": [6.281576633453369, 1.3086934089660645, -1.6769992113113403]}, {"prefab_path": "MensCollection/Prefabs/Rearranged/jacket_4_09", "unique_id": 4, "index": 4, "bbox": [1691, 396, 115, 120], "position": [6.298229694366455, 1.281360149383545, -2.3138091564178467]}, {"prefab_path": "WomensCollection/Prefabs/Rearranged/blouse_01_60", "unique_id": 5, "index": 5, "bbox": [1665, 439, 151, 58], "position": [0.24349229037761688, 1.4666037559509277, -2.787947177886963]}, {"prefab_path": "MensCollection/Prefabs/Rearranged/jacket_4_09", "unique_id": 4, "index": 6, "bbox": [1518, 404, 511, 179], "position": [-0.9797554016113281, 1.3813602924346924, -2.882228374481201]}, {"prefab_path": "WomensCollection/Prefabs/Rearranged/blouse_01_21", "unique_id": 6, "index": 7, "bbox": [1667, 454, 457, 104], "position": [-0.3940984010696411, 1.410264015197754, -2.8983631134033203]}, {"prefab_path": "MensCollection/Prefabs/Rearranged/jacket_2_06", "unique_id": 7, "index": 8, "bbox": [349, 547, 368, 364], "position": [-6.45648193359375, -2.534677267074585, -1.160548210144043]}], "relationships": {"right": {"0": [2], "5": [2], "6": [1, 2], "7": [1, 2], "8": [1, 2]}, "up": {"0": [5]}, "left": {"1": [6, 7, 8], "2": [5, 7, 6]}, "down": {"5": [0]}}}]}