{"scenes": [{"objects": [{"prefab_path": "WomensCollection/Prefabs/Rearranged/blouse_2_07 1", "unique_id": 0, "index": 17, "bbox": [21, 221, 241, 99], "position": [-0.5991597771644592, 2.230070114135742, -7.284702777862549]}, {"prefab_path": "MensCollection/Prefabs/Rearranged/long_coat_06", "unique_id": 1, "index": 1, "bbox": [1065, 270, 86, 59], "position": [-0.0960777997970581, 1.2047967910766602, -3.6840240955352783]}, {"prefab_path": "1498649_store/Prefabs/_itog028", "unique_id": 2, "index": 9, "bbox": [1030, 271, 101, 47], "position": [-1.6200318336486816, 2.336531400680542, -2.7908644676208496]}, {"prefab_path": "MensCollection/Prefabs/Rearranged/long_coat_10 1", "unique_id": 3, "index": 2, "bbox": [1126, 248, 154, 74], "position": [1.7248777151107788, 1.8536772727966309, -3.607541799545288]}, {"prefab_path": "1208725/Jacket_blue", "unique_id": 4, "index": 0, "bbox": [1196, 243, 186, 109], "position": [0.2187138795852661, 0.5889616012573242, -2.3572545051574707]}, {"prefab_path": "1498649_store/Prefabs/_itog030", "unique_id": 5, "index": 18, "bbox": [236, 291, 169, 48], "position": [-2.370234489440918, 2.228811740875244, -7.292694091796875]}, {"prefab_path": "WomensCollection/Prefabs/Rearranged/blouse_2_1", "unique_id": 6, "index": 16, "bbox": [294, 321, 125, 34], "position": [-3.259159803390503, 2.230069875717163, -7.284702777862549]}, {"prefab_path": "1498649_store/Prefabs/_itog031", "unique_id": 7, "index": 20, "bbox": [335, 331, 121, 27], "position": [-4.227234840393066, 2.228811740875244, -7.292694091796875]}, {"prefab_path": "WomensCollection/Prefabs/Rearranged/dress_4_16", "unique_id": 8, "index": 47, "bbox": [893, 327, 75, 98], "position": [1.2656625509262085, 1.6724354028701782, -4.870426177978516]}, {"prefab_path": "WomensCollection/Prefabs/Rearranged/shirt_4_05", "unique_id": 9, "index": 25, "bbox": [615, 456, 5, 5], "position": [-4.479158878326416, 1.7286744117736816, -5.294240474700928]}, {"prefab_path": "WomensCollection/Prefabs/Rearranged/shirt_3_05", "unique_id": 10, "index": 23, "bbox": [617, 457, 5, 3], "position": [-4.192553997039795, 1.7286744117736816, -5.294184684753418]}, {"prefab_path": "WomensCollection/Prefabs/Rearranged/sweater_folded_3", "unique_id": 11, "index": 38, "bbox": [615, 491, 8, 5], "position": [-4.1832685470581055, 1.45332670211792, -5.287816047668457]}, {"prefab_path": "1498649_store/Prefabs/_itog026", "unique_id": 12, "index": 19, "bbox": [634, 371, 253, 114], "position": [-0.7168019413948059, 1.5194456577301025, -5.276535511016846]}, {"prefab_path": "WomensCollection/Prefabs/Rearranged/leather_jacket_1_08", "unique_id": 13, "index": 78, "bbox": [638, 415, 150, 85], "position": [-0.5106785297393799, 1.6377880573272705, -5.275911331176758]}, {"prefab_path": "WomensCollection/Prefabs/Rearranged/dress_4_08", "unique_id": 14, "index": 12, "bbox": [1049, 309, 322, 99], "position": [1.6148031949996948, 1.6272042989730835, -4.777102470397949]}, {"prefab_path": "WomensCollection/Prefabs/Rearranged/tank_top_1_29 1", "unique_id": 15, "index": 79, "bbox": [321, 463, 105, 73], "position": [-4.057847499847412, 1.3033521175384521, -7.2142791748046875]}, {"prefab_path": "MensCollection/Prefabs/Rearranged/jacket_1", "unique_id": 16, "index": 80, "bbox": [332, 453, 124, 89], "position": [-5.709009170532227, -1.624933123588562, -7.327603340148926]}, {"prefab_path": "WomensCollection/Prefabs/Rearranged/blouse_01_60", "unique_id": 17, "index": 30, "bbox": [643, 417, 196, 129], "position": [-0.11567847430706024, 1.6184486150741577, -5.275911331176758]}, {"prefab_path": "MensCollection/Prefabs/Rearranged/long_coat_06", "unique_id": 1, "index": 31, "bbox": [635, 377, 264, 137], "position": [0.4749074876308441, 0.4459843635559082, -4.37393045425415]}, {"prefab_path": "WomensCollection/Prefabs/Rearranged/hanging_dress_1_20", "unique_id": 18, "index": 21, "bbox": [852, 286, 496, 56], "position": [1.4262089729309082, 1.8883453607559204, -5.113309860229492]}, {"prefab_path": "WomensCollection/Prefabs/Rearranged/blouse_01_60", "unique_id": 17, "index": 5, "bbox": [1270, 480, 132, 50], "position": [0.24349229037761688, 1.4666037559509277, -2.787947177886963]}, {"prefab_path": "WomensCollection/Prefabs/Rearranged/blouse_01_01", "unique_id": 19, "index": 26, "bbox": [1, 515, 238, 167], "position": [-0.4046785533428192, 1.3024485111236572, -7.28891134262085]}, {"prefab_path": "1498649_store/Prefabs/_itog015", "unique_id": 20, "index": 27, "bbox": [1, 486, 272, 192], "position": [-0.5996938943862915, 1.3028117418289185, -7.289765357971191]}, {"prefab_path": "MensCollection/Prefabs/Rearranged/jacket_2_06", "unique_id": 21, "index": 28, "bbox": [1, 471, 276, 223], "position": [-2.537569046020508, -2.640558958053589, -11.505247116088867]}, {"prefab_path": "WomensCollection/Prefabs/Rearranged/dress2_29", "unique_id": 22, "index": 59, "bbox": [762, 305, 593, 53], "position": [1.4486041069030762, 1.6006742715835571, -5.40364408493042]}, {"prefab_path": "WomensCollection/Prefabs/Rearranged/dress2_30", "unique_id": 23, "index": 14, "bbox": [895, 311, 604, 228], "position": [1.8446040153503418, 1.5573782920837402, -5.099815845489502]}, {"prefab_path": "WomensCollection/Prefabs/Rearranged/dress_4_24", "unique_id": 24, "index": 46, "bbox": [1133, 344, 517, 100], "position": [1.6200616359710693, 1.587395191192627, -4.616299629211426]}, {"prefab_path": "WomensCollection/Prefabs/Rearranged/dress_6_", "unique_id": 25, "index": 45, "bbox": [1202, 386, 482, 89], "position": [1.6351847648620605, 1.52032470703125, -4.467816352844238]}, {"prefab_path": "WomensCollection/Prefabs/Rearranged/hanging_dress_1_12", "unique_id": 26, "index": 56, "bbox": [1004, 405, 510, 201], "position": [2.009068250656128, 1.6153455972671509, -5.09853458404541]}], "relationships": {"right": {"17": [2, 30, 47], "1": [5, 0], "18": [5, 19, 78], "16": [9, 5, 19], "20": [9, 23, 38], "47": [2, 45, 46], "25": [9, 0], "23": [9, 5, 0], "38": [9, 0, 5], "19": [5, 1, 0], "78": [5, 1, 0], "12": [46, 45, 2], "79": [38, 23, 9], "80": [0, 9, 5], "30": [5, 1, 2], "31": [0], "21": [12, 46, 2], "26": [47, 2, 30], "27": [30, 47, 2], "28": [31, 0, 1], "59": [12, 46, 14], "14": [2], "46": [45, 2], "45": [2], "56": [2]}, "down": {"17": [27, 26], "16": [80], "20": [79, 80], "25": [80], "23": [38], "79": [80], "5": [0]}, "left": {"1": [19, 78, 30], "9": [16, 20, 79], "2": [47, 21, 46], "0": [1, 19, 31], "47": [26, 27, 17], "25": [20], "23": [20, 79], "38": [79, 20], "19": [18, 27, 26], "78": [27, 17, 26], "12": [59, 21, 26], "30": [27, 26, 17], "31": [27, 26, 17], "21": [26, 17, 27], "5": [19, 1, 78], "59": [26, 27, 17], "14": [59, 26, 27], "46": [12, 59, 47], "45": [46, 12, 47], "56": [59, 26, 27]}, "up": {"0": [5], "38": [23], "79": [20], "80": [20, 79, 25], "26": [17], "27": [17]}}}]}