{"scenes": [{"objects": [{"prefab_path": "1498649_store/Prefabs/_itog015", "unique_id": 0, "index": 8, "bbox": [488, 311, 369, 151], "position": [-4.559693813323975, 1.8418116569519043, -2.2227656841278076]}, {"prefab_path": "MensCollection/Prefabs/Rearranged/jacket_4_05", "unique_id": 1, "index": 81, "bbox": [674, 321, 322, 63], "position": [-2.11684513092041, 2.1888985633850098, -2.769831418991089]}, {"prefab_path": "1498649_store/Prefabs/_itog044", "unique_id": 2, "index": 6, "bbox": [79, 239, 558, 229], "position": [-3.8116934299468994, 1.8418116569519043, -2.2227656841278076]}, {"prefab_path": "WomensCollection/Prefabs/Rearranged/leather_jacket_1_08", "unique_id": 3, "index": 82, "bbox": [392, 357, 351, 97], "position": [-4.1586785316467285, 1.8607877492904663, -2.2209110260009766]}, {"prefab_path": "WomensCollection/Prefabs/Rearranged/leather_jacket_1_13", "unique_id": 4, "index": 64, "bbox": [421, 320, 370, 125], "position": [-4.2926788330078125, 1.860787272453308, -2.2169113159179688]}, {"prefab_path": "WomensCollection/Prefabs/Rearranged/blouse_01_60", "unique_id": 5, "index": 65, "bbox": [1, 367, 452, 66], "position": [-3.5386786460876465, 1.841448426246643, -2.2229113578796387]}, {"prefab_path": "clothing_store/models/prefab/trousers_4", "unique_id": 6, "index": 83, "bbox": [680, 684, 305, 69], "position": [-5.107000350952148, 0.23014092445373535, -2.2569997310638428]}, {"prefab_path": "1514019/Rearranged/Sport_Pants", "unique_id": 7, "index": 66, "bbox": [409, 777, 226, 167], "position": [-4.377451419830322, 0.2701929807662964, -2.2148489952087402]}, {"prefab_path": "1514019/Rearranged/Jeans_Grey", "unique_id": 8, "index": 60, "bbox": [177, 1002, 1, 1], "position": [-3.613703966140747, 0.27026891708374023, -2.2258832454681396]}], "relationships": {"down": {"8": [66, 83, 60], "6": [60, 66], "82": [66, 60, 83], "64": [66, 60, 83], "65": [60, 66]}, "up": {"60": [6, 65, 82], "83": [8, 64, 82], "66": [8, 64, 82]}}}]}