{"scenes": [{"objects": [{"prefab_path": "WomensCollection/Prefabs/Rearranged/blouse_2_08 1", "unique_id": 0, "index": 48, "bbox": [1, 68, 415, 266], "position": [1.2578402757644653, 2.230070114135742, -7.284702777862549]}, {"prefab_path": "WomensCollection/Prefabs/Rearranged/tank_top_1_37", "unique_id": 1, "index": 32, "bbox": [509, 164, 300, 185], "position": [0.37084004282951355, 2.219576358795166, -7.2879486083984375]}, {"prefab_path": "WomensCollection/Prefabs/Rearranged/blouse_2_08", "unique_id": 2, "index": 1, "bbox": [864, 218, 244, 115], "position": [0.5348296165466309, 2.230069875717163, -7.294210433959961]}, {"prefab_path": "WomensCollection/Prefabs/Rearranged/blouse_01_07", "unique_id": 3, "index": 68, "bbox": [1209, 284, 161, 77], "position": [-2.371088743209839, 2.2284488677978516, -7.2926788330078125]}, {"prefab_path": "1498649_store/Prefabs/_itog015", "unique_id": 4, "index": 2, "bbox": [1318, 286, 174, 63], "position": [-3.257234573364258, 2.228811740875244, -7.292694091796875]}, {"prefab_path": "MensCollection/Prefabs/Rearranged/long_coat_10", "unique_id": 5, "index": 69, "bbox": [1409, 289, 182, 57], "position": [-4.2294535636901855, 2.2692489624023438, -7.309826850891113]}, {"prefab_path": "MensCollection/Prefabs/Rearranged/long_coat_12", "unique_id": 6, "index": 70, "bbox": [1369, 448, 195, 110], "position": [-3.4703526496887207, -0.0663290023803711, -8.038036346435547]}, {"prefab_path": "1498649_store/Prefabs/_itog011", "unique_id": 7, "index": 71, "bbox": [1412, 438, 200, 84], "position": [-4.262937068939209, 1.2034454345703125, -7.215973854064941]}, {"prefab_path": "1498649_store/Prefabs/_itog018", "unique_id": 8, "index": 18, "bbox": [834, 490, 306, 95], "position": [-0.4046936631202698, 1.302811622619629, -7.289765357971191]}, {"prefab_path": "MensCollection/Prefabs/Rearranged/jacket_3_06", "unique_id": 9, "index": 72, "bbox": [870, 473, 324, 127], "position": [-2.9032371044158936, -1.2989020347595215, -4.668322563171387]}, {"prefab_path": "MensCollection/Prefabs/Rearranged/long_coat_06", "unique_id": 10, "index": 4, "bbox": [928, 459, 323, 109], "position": [-0.014092564582824707, 0.12998414039611816, -6.386931419372559]}, {"prefab_path": "WomensCollection/Prefabs/Rearranged/blouse_2_08", "unique_id": 2, "index": 73, "bbox": [1020, 497, 236, 48], "position": [-1.0102107524871826, 1.3040696382522583, -8.421831130981445]}], "relationships": {"right": {"48": [1, 32, 68], "32": [68, 2, 69], "1": [32, 68, 2], "68": [2, 69], "2": [69], "18": [71], "4": [72], "73": [71, 68, 2]}, "down": {"48": [4], "32": [4], "1": [4], "68": [70, 72], "2": [70, 72], "69": [71, 70]}, "left": {"32": [1, 48], "1": [48], "68": [73, 32, 1], "2": [68, 73, 32], "69": [2, 68, 73], "71": [73, 18, 32], "72": [4, 48]}, "up": {"72": [2, 68], "4": [32, 1, 48], "70": [2, 69, 68], "71": [69]}}}]}