{"scenes": [{"objects": [{"prefab_path": "modified_wayfair_assets/Lamp/Lamp_HES3357", "unique_id": 0, "index": 0, "bbox": [852, 359, 28, 15], "position": [-804.4570922851562, 0.0, 78.14657592773438]}, {"prefab_path": "modified_wayfair_assets/EndTable/EndTable_ATGR2663_v6_LOD2", "unique_id": 1, "index": 1, "bbox": [889, 360, 5, 26], "position": [-738.3855590820312, -6.103515625e-05, 173.13839721679688]}, {"prefab_path": "modified_wayfair_assets/EndTable/EndTable_ATGR2663_v6_LOD2 1", "unique_id": 2, "index": 2, "bbox": [897, 350, 16, 20], "position": [-738.3855590820312, -6.103515625e-05, 512.0]}, {"prefab_path": "modified_wayfair_assets/CouchChair/CouchChair_VKGL1857_v6_LOD2 (3)", "unique_id": 3, "index": 3, "bbox": [884, 363, 68, 69], "position": [-710.0990600585938, 3.0517578125e-05, -172.9005126953125]}, {"prefab_path": "modified_wayfair_assets/Table/Table_LRKM2887_v6_LOD2", "unique_id": 4, "index": 4, "bbox": [1209, 355, 64, 184], "position": [-182.6999969482422, 0.0, 104.12525939941406]}, {"prefab_path": "modified_wayfair_assets/Chair/Chair_CSTD2801_v6_LOD2", "unique_id": 5, "index": 5, "bbox": [1309, 349, 65, 72], "position": [-182.901611328125, 21.473678588867188, -39.423797607421875]}, {"prefab_path": "modified_wayfair_assets/Shelves/Shelves_RDBS8806_v6_LOD2", "unique_id": 6, "index": 6, "bbox": [1306, 347, 58, 54], "position": [-50.59999084472656, 0.0, 256.0669860839844]}, {"prefab_path": "modified_wayfair_assets/Lamp/Lamp_CHLH3796", "unique_id": 7, "index": 7, "bbox": [838, 383, 45, 30], "position": [-756.5, 1.52587890625e-05, -358.20001220703125]}, {"prefab_path": "modified_wayfair_assets/AreaRug/AreaRug_MROW8373_v6_LOD2", "unique_id": 8, "index": 8, "bbox": [829, 419, 114, 422], "position": [-617.0, 1.0, -446.0]}, {"prefab_path": "modified_wayfair_assets/CouchChair/CouchChair_VKGL1857_v6_LOD2 (3)", "unique_id": 3, "index": 9, "bbox": [1328, 396, 272, 151], "position": [-519.5999755859375, 36.0, -791.7000122070312]}, {"prefab_path": "modified_wayfair_assets/CouchChair/CouchChair_GRYL4160", "unique_id": 9, "index": 10, "bbox": [358, 653, 135, 368], "position": [-793.0, 6.103515625e-05, -909.0]}], "relationships": {"right": {"0": [6, 4, 5], "1": [6, 4, 5], "2": [6], "3": [5, 4, 6], "4": [6], "7": [5, 4, 6], "8": [5, 4, 6], "10": [9]}, "left": {"9": [10], "4": [3, 0, 1], "5": [3, 7, 0], "6": [0, 1, 4]}}}]}