{"Items":[{"name":"CouchChair_GRYL4160(Clone)","prefabPath":"modified_wayfair_assets/CouchChair/CouchChair_GRYL4160","bbox":[358,653,135,368],"position":[-793.0,0.00006103515625,-909.0]},{"name":"CouchChair_VKGL1857_v6_LOD2 (3)(Clone)","prefabPath":"modified_wayfair_assets/CouchChair/CouchChair_VKGL1857_v6_LOD2 (3)","bbox":[1328,396,272,151],"position":[-519.5999755859375,36.0,-791.7000122070313]},{"name":"Table_LRKM2887_v6_LOD2(Clone)","prefabPath":"modified_wayfair_assets/Table/Table_LRKM2887_v6_LOD2","bbox":[1209,355,64,184],"position":[-182.6999969482422,0.0,104.12525939941406]},{"name":"Chair_CSTD2801_v6_LOD2(Clone)","prefabPath":"modified_wayfair_assets/Chair/Chair_CSTD2801_v6_LOD2","bbox":[1309,349,65,72],"position":[-182.901611328125,21.473678588867189,-39.423797607421878]},{"name":"Shelves_RDBS8806_v6_LOD2(Clone)","prefabPath":"modified_wayfair_assets/Shelves/Shelves_RDBS8806_v6_LOD2","bbox":[1306,347,58,54],"position":[-50.59999084472656,0.0,256.0669860839844]},{"name":"EndTable_ATGR2663_v6_LOD2(Clone)","prefabPath":"modified_wayfair_assets/EndTable/EndTable_ATGR2663_v6_LOD2","bbox":[889,360,5,26],"position":[-738.3855590820313,-0.00006103515625,173.13839721679688]},{"name":"EndTable_ATGR2663_v6_LOD2 1(Clone)","prefabPath":"modified_wayfair_assets/EndTable/EndTable_ATGR2663_v6_LOD2 1","bbox":[897,350,16,20],"position":[-738.3855590820313,-0.00006103515625,512.0]},{"name":"Lamp_HES3357(Clone)","prefabPath":"modified_wayfair_assets/Lamp/Lamp_HES3357","bbox":[852,359,28,15],"position":[-804.4570922851563,0.0,78.14657592773438]},{"name":"CouchChair_VKGL1857_v6_LOD2 (3)(Clone)","prefabPath":"modified_wayfair_assets/CouchChair/CouchChair_VKGL1857_v6_LOD2 (3)","bbox":[884,363,68,69],"position":[-710.0990600585938,0.000030517578125,-172.9005126953125]},{"name":"AreaRug_MROW8373_v6_LOD2(Clone)","prefabPath":"modified_wayfair_assets/AreaRug/AreaRug_MROW8373_v6_LOD2","bbox":[829,419,114,422],"position":[-617.0,1.0,-446.0]},{"name":"Lamp_CHLH3796(Clone)","prefabPath":"modified_wayfair_assets/Lamp/Lamp_CHLH3796","bbox":[838,383,45,30],"position":[-756.5,0.0000152587890625,-358.20001220703127]},{"name":"camera","prefabPath":"camera","bbox":[-1,-1,-1,-1],"position":[-702.5933837890625,150.0,-1071.5626220703125]},{"name":"camera_right","prefabPath":"camera","bbox":[-1,-1,-1,-1],"position":[0.9659258127212524,0.0,0.2588190734386444]},{"name":"camera_forward","prefabPath":"camera","bbox":[-1,-1,-1,-1],"position":[-0.25688984990119936,-0.12186934798955918,0.9587259292602539]},{"name":"camera_up","prefabPath":"camera","bbox":[-1,-1,-1,-1],"position":[-0.031542111188173297,0.9925461411476135,0.11771675199270249]}]}