{"scenes": [{"objects": [{"prefab_path": "modified_wayfair_assets/EndTable/EndTable_ATGR2663_v6_LOD2", "unique_id": 0, "index": 0, "bbox": [1133, 449, 44, 47], "position": [-738.3855590820312, -6.103515625e-05, 512.0]}, {"prefab_path": "modified_wayfair_assets/Sofa/Couch_ZIPC2510_v6_LOD2", "unique_id": 1, "index": 1, "bbox": [1229, 438, 91, 161], "position": [-623.0, 0.0, 564.9000244140625]}, {"prefab_path": "modified_wayfair_assets/EndTable/EndTable_ATGR2663_v6_LOD2 1", "unique_id": 2, "index": 2, "bbox": [928, 474, 83, 45], "position": [-738.3855590820312, -6.103515625e-05, 173.13839721679688]}, {"prefab_path": "modified_wayfair_assets/CoffeeTable/CoffeeTable_THPS2723_v6_LOD2 (1)", "unique_id": 3, "index": 3, "bbox": [1211, 474, 75, 179], "position": [-598.0, 3.0517578125e-05, 460.0]}, {"prefab_path": "modified_wayfair_assets/CouchChair/CouchChair_VKGL1857_v6_LOD2", "unique_id": 4, "index": 4, "bbox": [468, 491, 194, 173], "position": [-710.0990600585938, 3.0517578125e-05, -172.9005126953125]}, {"prefab_path": "modified_wayfair_assets/AreaRug/AreaRug_MROW8373_v6_LOD2 (1)", "unique_id": 5, "index": 5, "bbox": [848, 533, 177, 631], "position": [-624.0, 0.10000000149011612, 349.0]}, {"prefab_path": "modified_wayfair_assets/CoffeeTable/CoffeeTable_THPS2723_v6_LOD2 (1)", "unique_id": 3, "index": 6, "bbox": [208, 618, 170, 259], "position": [-614.8926391601562, -3.0517578125e-05, -280.9322814941406]}], "relationships": {"right": {"0": [1], "2": [5, 3, 1], "4": [5, 3, 1], "5": [3, 1], "6": [5, 3, 1]}, "left": {"0": [2, 4], "1": [0, 5, 2], "3": [5, 2, 4], "5": [2, 4, 6]}}}]}