{"scenes": [{"objects": [{"prefab_path": "modified_wayfair_assets/EndTable/EndTable_ATGR2663_v6_LOD2", "unique_id": 0, "index": 0, "bbox": [730, 463, 42, 35], "position": [-738.3855590820312, -6.103515625e-05, 512.0]}, {"prefab_path": "modified_wayfair_assets/Lamp/Lamp_CHLH3796", "unique_id": 1, "index": 1, "bbox": [364, 492, 63, 45], "position": [-804.4570922851562, 0.0, 78.14657592773438]}, {"prefab_path": "modified_wayfair_assets/EndTable/EndTable_ATGR2663_v6_LOD2", "unique_id": 0, "index": 2, "bbox": [525, 497, 84, 57], "position": [-738.3855590820312, -6.103515625e-05, 173.13839721679688]}, {"prefab_path": "modified_wayfair_assets/CoffeeTable/CoffeeTable_THPS2723_v6_LOD2 (1)", "unique_id": 2, "index": 3, "bbox": [716, 502, 81, 118], "position": [-592.6104736328125, 3.0517578125e-05, 266.8133239746094]}, {"prefab_path": "modified_wayfair_assets/CoffeeTable/CoffeeTable_THPS2723_v6_LOD2", "unique_id": 3, "index": 4, "bbox": [782, 481, 53, 112], "position": [-598.0, 3.0517578125e-05, 460.0]}, {"prefab_path": "modified_wayfair_assets/Sofa/Couch_ZIPC4022_v6_LOD2", "unique_id": 4, "index": 5, "bbox": [585, 494, 139, 207], "position": [-592.21923828125, 0.0, 153.42868041992188]}, {"prefab_path": "modified_wayfair_assets/Table/DiningTable_LGLY3140_v6_LOD2", "unique_id": 5, "index": 6, "bbox": [1347, 544, 156, 132], "position": [-182.6999969482422, 0.0, 104.12525939941406]}, {"prefab_path": "modified_wayfair_assets/AreaRug/AreaRug_BNGL9021_v6_LOD2", "unique_id": 6, "index": 7, "bbox": [604, 620, 141, 875], "position": [-179.1999969482422, 0.10000000149011612, 0.0]}, {"prefab_path": "modified_wayfair_assets/CouchChair/CouchChair_ALTL2260", "unique_id": 7, "index": 8, "bbox": [1, 656, 124, 252], "position": [-710.0990600585938, 3.0517578125e-05, -172.9005126953125]}], "relationships": {"right": {"8": [6, 7], "1": [5, 2, 3], "2": [3, 5, 4], "5": [6]}, "left": {"2": [1], "3": [2, 1], "4": [2, 1], "5": [1, 2], "6": [8, 5, 1], "7": [8, 1]}}}]}