{"Items":[{"name":"AreaRug_MROW8373_v6_LOD2 (1)(Clone)","prefabPath":"modified_wayfair_assets/AreaRug/AreaRug_MROW8373_v6_LOD2 (1)","bbox":[848,533,177,631],"position":[-624.0,0.10000000149011612,349.0]},{"name":"Couch_ZIPC2510_v6_LOD2(Clone)","prefabPath":"modified_wayfair_assets/Sofa/Couch_ZIPC2510_v6_LOD2","bbox":[1229,438,91,161],"position":[-623.0,0.0,564.9000244140625]},{"name":"EndTable_ATGR2663_v6_LOD2 1(Clone)","prefabPath":"modified_wayfair_assets/EndTable/EndTable_ATGR2663_v6_LOD2 1","bbox":[928,474,83,45],"position":[-738.3855590820313,-0.00006103515625,173.13839721679688]},{"name":"EndTable_ATGR2663_v6_LOD2(Clone)","prefabPath":"modified_wayfair_assets/EndTable/EndTable_ATGR2663_v6_LOD2","bbox":[1133,449,44,47],"position":[-738.3855590820313,-0.00006103515625,512.0]},{"name":"CoffeeTable_THPS2723_v6_LOD2 (1)(Clone)","prefabPath":"modified_wayfair_assets/CoffeeTable/CoffeeTable_THPS2723_v6_LOD2 (1)","bbox":[1211,474,75,179],"position":[-598.0,0.000030517578125,460.0]},{"name":"CouchChair_VKGL1857_v6_LOD2(Clone)","prefabPath":"modified_wayfair_assets/CouchChair/CouchChair_VKGL1857_v6_LOD2","bbox":[468,491,194,173],"position":[-710.0990600585938,0.000030517578125,-172.9005126953125]},{"name":"CoffeeTable_THPS2723_v6_LOD2 (1)(Clone)","prefabPath":"modified_wayfair_assets/CoffeeTable/CoffeeTable_THPS2723_v6_LOD2 (1)","bbox":[208,618,170,259],"position":[-614.8926391601563,-0.000030517578125,-280.9322814941406]},{"name":"camera","prefabPath":"camera","bbox":[-1,-1,-1,-1],"position":[-370.14794921875,150.0,-292.9854736328125]},{"name":"camera_right","prefabPath":"camera","bbox":[-1,-1,-1,-1],"position":[0.5591928362846375,0.0,0.8290375471115112]},{"name":"camera_forward","prefabPath":"camera","bbox":[-1,-1,-1,-1],"position":[-0.8285325765609741,-0.03489949554204941,0.5588521957397461]},{"name":"camera_up","prefabPath":"camera","bbox":[-1,-1,-1,-1],"position":[-0.02893299236893654,0.9993908405303955,0.019515547901391984]}]}