{"scenes": [{"objects": [{"prefab_path": "modified_wayfair_assets/CoffeeTable/CoffeeTable_THPS2723_v6_LOD2 (1)", "unique_id": 0, "index": 0, "bbox": [130, 370, 57, 71], "position": [-614.8926391601562, -3.0517578125e-05, -280.9322814941406]}, {"prefab_path": "modified_wayfair_assets/AreaRug/AreaRug_BNGL7292_v6_LOD2 (1)", "unique_id": 1, "index": 1, "bbox": [1, 400, 65, 317], "position": [-617.0, 1.0, -446.0]}, {"prefab_path": "modified_wayfair_assets/Shelves/Shelves_RDBS8806_v6_LOD2", "unique_id": 2, "index": 2, "bbox": [784, 366, 75, 141], "position": [53.5235595703125, 3.0517578125e-05, 124.19999694824219]}, {"prefab_path": "modified_wayfair_assets/Shelves/Shelves_BRWT5190_v6_LOD2", "unique_id": 3, "index": 3, "bbox": [339, 398, 237, 361], "position": [29.400001525878906, 0.00026702880859375, -43.400001525878906]}, {"prefab_path": "modified_wayfair_assets/AreaRug/AreaRug_MCRR7867_v6_LOD2", "unique_id": 4, "index": 4, "bbox": [54, 450, 338, 1381], "position": [194.80999755859375, 1.0, 4.0]}, {"prefab_path": "modified_wayfair_assets/Chair/Chair_CSTD2801_v6_LOD2 (1)", "unique_id": 5, "index": 5, "bbox": [1104, 504, 247, 238], "position": [308.7839050292969, 6.103515625e-05, 29.289215087890625]}], "relationships": {"right": {"0": [2, 3, 4], "1": [2, 3, 4], "3": [2, 4]}, "left": {"2": [3, 1, 0], "3": [1, 0], "4": [3, 1, 0], "5": [1, 0]}}}]}