{"Items":[{"name":"CoffeeTable_THPS2723_v6_LOD2 (1)(Clone)","prefabPath":"modified_wayfair_assets/CoffeeTable/CoffeeTable_THPS2723_v6_LOD2 (1)","bbox":[130,370,57,71],"position":[-614.8926391601563,-0.000030517578125,-280.9322814941406]},{"name":"AreaRug_BNGL7292_v6_LOD2 (1)(Clone)","prefabPath":"modified_wayfair_assets/AreaRug/AreaRug_BNGL7292_v6_LOD2 (1)","bbox":[1,400,65,317],"position":[-617.0,1.0,-446.0]},{"name":"AreaRug_MCRR7867_v6_LOD2(Clone)","prefabPath":"modified_wayfair_assets/AreaRug/AreaRug_MCRR7867_v6_LOD2","bbox":[54,450,338,1381],"position":[194.80999755859376,1.0,4.0]},{"name":"Shelves_BRWT5190_v6_LOD2(Clone)","prefabPath":"modified_wayfair_assets/Shelves/Shelves_BRWT5190_v6_LOD2","bbox":[339,398,237,361],"position":[29.400001525878908,0.00026702880859375,-43.400001525878909]},{"name":"Shelves_RDBS8806_v6_LOD2(Clone)","prefabPath":"modified_wayfair_assets/Shelves/Shelves_RDBS8806_v6_LOD2","bbox":[784,366,75,141],"position":[53.5235595703125,0.000030517578125,124.19999694824219]},{"name":"Chair_CSTD2801_v6_LOD2 (1)(Clone)","prefabPath":"modified_wayfair_assets/Chair/Chair_CSTD2801_v6_LOD2 (1)","bbox":[1104,504,247,238],"position":[308.7839050292969,0.00006103515625,29.289215087890626]},{"name":"camera","prefabPath":"camera","bbox":[-1,-1,-1,-1],"position":[384.85357666015627,150.0,-242.89923095703126]},{"name":"camera_right","prefabPath":"camera","bbox":[-1,-1,-1,-1],"position":[0.6156614422798157,0.0,0.7880107164382935]},{"name":"camera_forward","prefabPath":"camera","bbox":[-1,-1,-1,-1],"position":[-0.7783089876174927,-0.15643446147441865,0.6080816388130188]},{"name":"camera_up","prefabPath":"camera","bbox":[-1,-1,-1,-1],"position":[-0.12327203899621964,0.9876883625984192,0.09631066024303436]}]}