{"Items":[{"name":"AreaRug_BNGL9021_v6_LOD2(Clone)","prefabPath":"modified_wayfair_assets/AreaRug/AreaRug_BNGL9021_v6_LOD2","bbox":[604,620,141,875],"position":[-179.1999969482422,0.10000000149011612,0.0]},{"name":"DiningTable_LGLY3140_v6_LOD2(Clone)","prefabPath":"modified_wayfair_assets/Table/DiningTable_LGLY3140_v6_LOD2","bbox":[1347,544,156,132],"position":[-182.6999969482422,0.0,104.12525939941406]},{"name":"Couch_ZIPC4022_v6_LOD2(Clone)","prefabPath":"modified_wayfair_assets/Sofa/Couch_ZIPC4022_v6_LOD2","bbox":[585,494,139,207],"position":[-592.21923828125,0.0,153.42868041992188]},{"name":"EndTable_ATGR2663_v6_LOD2(Clone)","prefabPath":"modified_wayfair_assets/EndTable/EndTable_ATGR2663_v6_LOD2","bbox":[525,497,84,57],"position":[-738.3855590820313,-0.00006103515625,173.13839721679688]},{"name":"EndTable_ATGR2663_v6_LOD2(Clone)","prefabPath":"modified_wayfair_assets/EndTable/EndTable_ATGR2663_v6_LOD2","bbox":[730,463,42,35],"position":[-738.3855590820313,-0.00006103515625,512.0]},{"name":"CoffeeTable_THPS2723_v6_LOD2 (1)(Clone)","prefabPath":"modified_wayfair_assets/CoffeeTable/CoffeeTable_THPS2723_v6_LOD2 (1)","bbox":[716,502,81,118],"position":[-592.6104736328125,0.000030517578125,266.8133239746094]},{"name":"CoffeeTable_THPS2723_v6_LOD2(Clone)","prefabPath":"modified_wayfair_assets/CoffeeTable/CoffeeTable_THPS2723_v6_LOD2","bbox":[782,481,53,112],"position":[-598.0,0.000030517578125,460.0]},{"name":"Lamp_CHLH3796(Clone)","prefabPath":"modified_wayfair_assets/Lamp/Lamp_CHLH3796","bbox":[364,492,63,45],"position":[-804.4570922851563,0.0,78.14657592773438]},{"name":"CouchChair_ALTL2260(Clone)","prefabPath":"modified_wayfair_assets/CouchChair/CouchChair_ALTL2260","bbox":[1,656,124,252],"position":[-710.0990600585938,0.000030517578125,-172.9005126953125]},{"name":"camera","prefabPath":"camera","bbox":[-1,-1,-1,-1],"position":[-326.93505859375,150.0,-250.24090576171876]},{"name":"camera_right","prefabPath":"camera","bbox":[-1,-1,-1,-1],"position":[0.874619722366333,0.0,0.48480963706970217]},{"name":"camera_forward","prefabPath":"camera","bbox":[-1,-1,-1,-1],"position":[-0.48480963706970217,0.0,0.874619722366333]},{"name":"camera_up","prefabPath":"camera","bbox":[-1,-1,-1,-1],"position":[0.0,1.0,0.0]}]}